drug_index,positive_side_index,control_side_index,fold,positive_prevalence,control_prevalence,positive_prevalence_group,positive_is_top100,control_is_top100,model,positive_score,control_score
95,778,236,4,350.0,359.0,frequent,True,True,CAFNet,3.0089502334594727,2.9779539108276367
95,778,236,4,350.0,359.0,frequent,True,True,CAFNet-D,1.8180031776428225,1.7776038646697998
95,778,236,4,350.0,359.0,frequent,True,True,CAFNet-DG,2.2943819999694828,2.2577438831329344
95,778,236,4,350.0,359.0,frequent,True,True,Global popularity,350.0,359.0
95,778,80,4,350.0,386.0,frequent,True,True,CAFNet,3.0089502334594727,3.613999128341675
95,778,80,4,350.0,386.0,frequent,True,True,CAFNet-D,1.8180031776428225,1.9416606426239007
95,778,80,4,350.0,386.0,frequent,True,True,CAFNet-DG,2.2943819999694828,2.6105960369110104
95,778,80,4,350.0,386.0,frequent,True,True,Global popularity,350.0,386.0
95,778,758,4,350.0,295.0,frequent,True,True,CAFNet,3.0089502334594727,2.8737945556640625
95,778,758,4,350.0,295.0,frequent,True,True,CAFNet-D,1.8180031776428225,1.6497777700424194
95,778,758,4,350.0,295.0,frequent,True,True,CAFNet-DG,2.2943819999694828,2.1393844842910767
95,778,758,4,350.0,295.0,frequent,True,True,Global popularity,350.0,295.0
95,778,332,4,350.0,294.0,frequent,True,True,CAFNet,3.0089502334594727,3.6896588802337646
95,778,332,4,350.0,294.0,frequent,True,True,CAFNet-D,1.8180031776428225,1.728387475013733
95,778,332,4,350.0,294.0,frequent,True,True,CAFNet-DG,2.2943819999694828,2.5128960371017457
95,778,332,4,350.0,294.0,frequent,True,True,Global popularity,350.0,294.0
95,778,207,4,350.0,286.0,frequent,True,True,CAFNet,3.0089502334594727,3.6525280475616455
95,778,207,4,350.0,286.0,frequent,True,True,CAFNet-D,1.8180031776428225,1.5574336051940918
95,778,207,4,350.0,286.0,frequent,True,True,CAFNet-DG,2.2943819999694828,2.395471382141113
95,778,207,4,350.0,286.0,frequent,True,True,Global popularity,350.0,286.0
527,778,236,0,361.0,367.0,frequent,True,True,CAFNet,2.36492133140564,2.3765740394592285
527,778,236,0,361.0,367.0,frequent,True,True,CAFNet-D,1.897820234298706,1.9172998666763303
527,778,236,0,361.0,367.0,frequent,True,True,CAFNet-DG,2.08466067314148,2.1010095357894896
527,778,236,0,361.0,367.0,frequent,True,True,Global popularity,361.0,367.0
527,778,2,0,361.0,311.0,frequent,True,True,CAFNet,2.36492133140564,2.7831828594207764
527,778,2,0,361.0,311.0,frequent,True,True,CAFNet-D,1.897820234298706,1.7232813835144043
527,778,2,0,361.0,311.0,frequent,True,True,CAFNet-DG,2.08466067314148,2.147241973876953
527,778,2,0,361.0,311.0,frequent,True,True,Global popularity,361.0,311.0
527,778,364,0,361.0,307.0,frequent,True,True,CAFNet,2.36492133140564,2.788268566131592
527,778,364,0,361.0,307.0,frequent,True,True,CAFNet-D,1.897820234298706,1.7357670068740845
527,778,364,0,361.0,307.0,frequent,True,True,CAFNet-DG,2.08466067314148,2.156767630577088
527,778,364,0,361.0,307.0,frequent,True,True,Global popularity,361.0,307.0
527,778,758,0,361.0,301.0,frequent,True,True,CAFNet,2.36492133140564,2.6702613830566406
527,778,758,0,361.0,301.0,frequent,True,True,CAFNet-D,1.897820234298706,1.5408228635787964
527,778,758,0,361.0,301.0,frequent,True,True,CAFNet-DG,2.08466067314148,1.9925982713699344
527,778,758,0,361.0,301.0,frequent,True,True,Global popularity,361.0,301.0
527,778,604,0,361.0,273.0,frequent,True,True,CAFNet,2.36492133140564,3.186107635498047
527,778,604,0,361.0,273.0,frequent,True,True,CAFNet-D,1.897820234298706,1.3080229759216309
527,778,604,0,361.0,273.0,frequent,True,True,CAFNet-DG,2.08466067314148,2.059256839752197
527,778,604,0,361.0,273.0,frequent,True,True,Global popularity,361.0,273.0
462,778,236,5,353.0,363.0,frequent,True,True,CAFNet,3.3033652305603027,3.303302764892578
462,778,236,5,353.0,363.0,frequent,True,True,CAFNet-D,2.7079668045043945,2.7401375770568848
462,778,236,5,353.0,363.0,frequent,True,True,CAFNet-DG,2.946126174926758,2.965403652191162
462,778,236,5,353.0,363.0,frequent,True,True,Global popularity,353.0,363.0
462,778,2,5,353.0,304.0,frequent,True,True,CAFNet,3.3033652305603027,3.763727903366089
462,778,2,5,353.0,304.0,frequent,True,True,CAFNet-D,2.7079668045043945,2.4994304180145264
462,778,2,5,353.0,304.0,frequent,True,True,CAFNet-DG,2.946126174926758,3.005149412155151
462,778,2,5,353.0,304.0,frequent,True,True,Global popularity,353.0,304.0
462,778,978,5,353.0,402.0,frequent,True,True,CAFNet,3.3033652305603027,3.764112710952759
462,778,978,5,353.0,402.0,frequent,True,True,CAFNet-D,2.7079668045043945,3.1882224082946777
462,778,978,5,353.0,402.0,frequent,True,True,CAFNet-DG,2.946126174926758,3.41857852935791
462,778,978,5,353.0,402.0,frequent,True,True,Global popularity,353.0,402.0
462,778,364,5,353.0,300.0,frequent,True,True,CAFNet,3.3033652305603027,3.763725280761719
462,778,364,5,353.0,300.0,frequent,True,True,CAFNet-D,2.7079668045043945,2.4684112071990967
462,778,364,5,353.0,300.0,frequent,True,True,CAFNet-DG,2.946126174926758,2.986536836624146
462,778,364,5,353.0,300.0,frequent,True,True,Global popularity,353.0,300.0
462,778,269,5,353.0,259.0,frequent,True,True,CAFNet,3.3033652305603027,3.759191036224365
462,778,269,5,353.0,259.0,frequent,True,True,CAFNet-D,2.7079668045043945,2.240209579467773
462,778,269,5,353.0,259.0,frequent,True,True,CAFNet-DG,2.946126174926758,2.84780216217041
462,778,269,5,353.0,259.0,frequent,True,True,Global popularity,353.0,259.0
45,778,236,0,361.0,367.0,frequent,True,True,CAFNet,3.6767499446868896,3.6828668117523193
45,778,236,0,361.0,367.0,frequent,True,True,CAFNet-D,1.1522576808929443,1.1747314929962158
45,778,236,0,361.0,367.0,frequent,True,True,CAFNet-DG,2.1620545864105227,2.1779856204986574
45,778,236,0,361.0,367.0,frequent,True,True,Global popularity,361.0,367.0
45,778,978,0,361.0,403.0,frequent,True,True,CAFNet,3.6767499446868896,3.890709161758423
45,778,978,0,361.0,403.0,frequent,True,True,CAFNet-D,1.1522576808929443,1.4023277759552002
45,778,978,0,361.0,403.0,frequent,True,True,CAFNet-DG,2.1620545864105227,2.397680330276489
45,778,978,0,361.0,403.0,frequent,True,True,Global popularity,361.0,403.0
45,778,243,0,361.0,417.0,frequent,True,True,CAFNet,3.6767499446868896,4.014337062835693
45,778,243,0,361.0,417.0,frequent,True,True,CAFNet-D,1.1522576808929443,1.2856601476669312
45,778,243,0,361.0,417.0,frequent,True,True,CAFNet-DG,2.1620545864105227,2.377130913734436
45,778,243,0,361.0,417.0,frequent,True,True,Global popularity,361.0,417.0
45,778,758,0,361.0,301.0,frequent,True,True,CAFNet,3.6767499446868896,3.871959209442138
45,778,758,0,361.0,301.0,frequent,True,True,CAFNet-D,1.1522576808929443,0.567277193069458
45,778,758,0,361.0,301.0,frequent,True,True,CAFNet-DG,2.1620545864105227,1.88914999961853
45,778,758,0,361.0,301.0,frequent,True,True,Global popularity,361.0,301.0
45,778,207,0,361.0,279.0,frequent,True,True,CAFNet,3.6767499446868896,3.694730043411255
45,778,207,0,361.0,279.0,frequent,True,True,CAFNet-D,1.1522576808929443,0.8520336747169495
45,778,207,0,361.0,279.0,frequent,True,True,CAFNet-DG,2.1620545864105227,1.9891122221946715
45,778,207,0,361.0,279.0,frequent,True,True,Global popularity,361.0,279.0
195,621,243,7,501.0,426.0,frequent,True,True,CAFNet,2.998082637786865,2.845866203308105
195,621,243,7,501.0,426.0,frequent,True,True,CAFNet-D,2.196961641311645,2.0488502979278564
195,621,243,7,501.0,426.0,frequent,True,True,CAFNet-DG,2.517410039901733,2.367656660079956
195,621,243,7,501.0,426.0,frequent,True,True,Global popularity,501.0,426.0
195,621,80,7,501.0,388.0,frequent,True,True,CAFNet,2.998082637786865,3.0803542137146
195,621,80,7,501.0,388.0,frequent,True,True,CAFNet-D,2.196961641311645,1.837626814842224
195,621,80,7,501.0,388.0,frequent,True,True,CAFNet-DG,2.517410039901733,2.3347177743911742
195,621,80,7,501.0,388.0,frequent,True,True,Global popularity,501.0,388.0
195,621,758,7,501.0,293.0,frequent,True,True,CAFNet,2.998082637786865,3.013190746307373
195,621,758,7,501.0,293.0,frequent,True,True,CAFNet-D,2.196961641311645,1.1853687763214111
195,621,758,7,501.0,293.0,frequent,True,True,CAFNet-DG,2.517410039901733,1.916497564315796
195,621,758,7,501.0,293.0,frequent,True,True,Global popularity,501.0,293.0
195,621,332,7,501.0,291.0,frequent,True,True,CAFNet,2.998082637786865,2.94286584854126
195,621,332,7,501.0,291.0,frequent,True,True,CAFNet-D,2.196961641311645,1.615082621574402
195,621,332,7,501.0,291.0,frequent,True,True,CAFNet-DG,2.517410039901733,2.1461959123611454
195,621,332,7,501.0,291.0,frequent,True,True,Global popularity,501.0,291.0
195,621,129,7,501.0,265.0,frequent,True,True,CAFNet,2.998082637786865,3.22086763381958
195,621,129,7,501.0,265.0,frequent,True,True,CAFNet-D,2.196961641311645,1.0986480712890625
195,621,129,7,501.0,265.0,frequent,True,True,CAFNet-DG,2.517410039901733,1.9475358963012692
195,621,129,7,501.0,265.0,frequent,True,True,Global popularity,501.0,265.0
175,621,401,7,501.0,461.0,frequent,True,True,CAFNet,4.5239458084106445,4.358341217041016
175,621,401,7,501.0,461.0,frequent,True,True,CAFNet-D,2.282196521759033,2.467607021331787
175,621,401,7,501.0,461.0,frequent,True,True,CAFNet-DG,3.1788962364196776,3.2239006996154784
175,621,401,7,501.0,461.0,frequent,True,True,Global popularity,501.0,461.0
175,621,252,7,501.0,440.0,frequent,True,True,CAFNet,4.5239458084106445,4.231495380401611
175,621,252,7,501.0,440.0,frequent,True,True,CAFNet-D,2.282196521759033,2.2856452465057373
175,621,252,7,501.0,440.0,frequent,True,True,CAFNet-DG,3.1788962364196776,3.063985300064087
175,621,252,7,501.0,440.0,frequent,True,True,Global popularity,501.0,440.0
175,621,978,7,501.0,405.0,frequent,True,True,CAFNet,4.5239458084106445,4.103757381439209
175,621,978,7,501.0,405.0,frequent,True,True,CAFNet-D,2.282196521759033,2.062042713165283
175,621,978,7,501.0,405.0,frequent,True,True,CAFNet-DG,3.1788962364196776,2.8787285804748537
175,621,978,7,501.0,405.0,frequent,True,True,Global popularity,501.0,405.0
175,621,80,7,501.0,388.0,frequent,True,True,CAFNet,4.5239458084106445,4.17833948135376
175,621,80,7,501.0,388.0,frequent,True,True,CAFNet-D,2.282196521759033,1.9985829591751096
175,621,80,7,501.0,388.0,frequent,True,True,CAFNet-DG,3.1788962364196776,2.8704855680465697
175,621,80,7,501.0,388.0,frequent,True,True,Global popularity,501.0,388.0
175,621,2,7,501.0,317.0,frequent,True,True,CAFNet,4.5239458084106445,4.323886871337891
175,621,2,7,501.0,317.0,frequent,True,True,CAFNet-D,2.282196521759033,1.6115100383758545
175,621,2,7,501.0,317.0,frequent,True,True,CAFNet-DG,3.1788962364196776,2.6964607715606688
175,621,2,7,501.0,317.0,frequent,True,True,Global popularity,501.0,317.0
195,74,861,7,206.0,194.0,frequent,True,True,CAFNet,3.103529691696167,1.2696352005004885
195,74,861,7,206.0,194.0,frequent,True,True,CAFNet-D,1.1208281517028809,0.4544518887996673
195,74,861,7,206.0,194.0,frequent,True,True,CAFNet-DG,1.913908767700196,0.7805252134799958
195,74,861,7,206.0,194.0,frequent,True,True,Global popularity,206.0,194.0
195,74,334,7,206.0,191.0,frequent,True,True,CAFNet,3.103529691696167,2.203819513320923
195,74,334,7,206.0,191.0,frequent,True,True,CAFNet-D,1.1208281517028809,0.2073346972465515
195,74,334,7,206.0,191.0,frequent,True,True,CAFNet-DG,1.913908767700196,1.0059286236763
195,74,334,7,206.0,191.0,frequent,True,True,Global popularity,206.0,191.0
195,74,445,7,206.0,191.0,frequent,True,True,CAFNet,3.103529691696167,3.094082832336426
195,74,445,7,206.0,191.0,frequent,True,True,CAFNet-D,1.1208281517028809,1.1565606594085691
195,74,445,7,206.0,191.0,frequent,True,True,CAFNet-DG,1.913908767700196,1.931569528579712
195,74,445,7,206.0,191.0,frequent,True,True,Global popularity,206.0,191.0
195,74,225,7,206.0,225.0,frequent,True,True,CAFNet,3.103529691696167,3.0628974437713623
195,74,225,7,206.0,225.0,frequent,True,True,CAFNet-D,1.1208281517028809,1.1261816024780271
195,74,225,7,206.0,225.0,frequent,True,True,CAFNet-DG,1.913908767700196,1.900867938995361
195,74,225,7,206.0,225.0,frequent,True,True,Global popularity,206.0,225.0
195,74,35,7,206.0,182.0,frequent,True,True,CAFNet,3.103529691696167,3.0841705799102783
195,74,35,7,206.0,182.0,frequent,True,True,CAFNet-D,1.1208281517028809,0.816429853439331
195,74,35,7,206.0,182.0,frequent,True,True,CAFNet-DG,1.913908767700196,1.72352614402771
195,74,35,7,206.0,182.0,frequent,True,True,Global popularity,206.0,182.0
45,74,225,0,215.0,228.0,frequent,True,True,CAFNet,2.2609336376190186,2.9037845134735107
45,74,225,0,215.0,228.0,frequent,True,True,CAFNet-D,-0.1673654615879058,0.0354322791099548
45,74,225,0,215.0,228.0,frequent,True,True,CAFNet-DG,0.803954178094864,1.1827731728553772
45,74,225,0,215.0,228.0,frequent,True,True,Global popularity,215.0,228.0
45,74,273,0,215.0,235.0,frequent,True,True,CAFNet,2.2609336376190186,3.1962947845458984
45,74,273,0,215.0,235.0,frequent,True,True,CAFNet-D,-0.1673654615879058,0.6067085266113281
45,74,273,0,215.0,235.0,frequent,True,True,CAFNet-DG,0.803954178094864,1.6425430297851564
45,74,273,0,215.0,235.0,frequent,True,True,Global popularity,215.0,235.0
45,74,334,0,215.0,195.0,frequent,True,True,CAFNet,2.2609336376190186,3.052258014678955
45,74,334,0,215.0,195.0,frequent,True,True,CAFNet-D,-0.1673654615879058,0.4264642000198364
45,74,334,0,215.0,195.0,frequent,True,True,CAFNet-DG,0.803954178094864,1.476781725883484
45,74,334,0,215.0,195.0,frequent,True,True,Global popularity,215.0,195.0
45,74,445,0,215.0,193.0,frequent,True,True,CAFNet,2.2609336376190186,2.9813663959503174
45,74,445,0,215.0,193.0,frequent,True,True,CAFNet-D,-0.1673654615879058,0.5298725366592407
45,74,445,0,215.0,193.0,frequent,True,True,CAFNet-DG,0.803954178094864,1.5104700803756712
45,74,445,0,215.0,193.0,frequent,True,True,Global popularity,215.0,193.0
45,74,683,0,215.0,239.0,frequent,True,True,CAFNet,2.2609336376190186,3.905883550643921
45,74,683,0,215.0,239.0,frequent,True,True,CAFNet-D,-0.1673654615879058,0.5129810571670532
45,74,683,0,215.0,239.0,frequent,True,True,CAFNet-DG,0.803954178094864,1.8701420545578
45,74,683,0,215.0,239.0,frequent,True,True,Global popularity,215.0,239.0
195,689,327,7,57.0,57.0,frequent,False,False,CAFNet,1.9259345531463623,0.6212388277053833
195,689,327,7,57.0,57.0,frequent,False,False,CAFNet-D,-0.1964967250823974,-2.351026058197021
195,689,327,7,57.0,57.0,frequent,False,False,CAFNet-DG,0.6524757862091065,-1.1621201038360591
195,689,327,7,57.0,57.0,frequent,False,False,Global popularity,57.0,57.0
195,689,548,7,57.0,57.0,frequent,False,False,CAFNet,1.9259345531463623,2.858901023864746
195,689,548,7,57.0,57.0,frequent,False,False,CAFNet-D,-0.1964967250823974,0.305937647819519
195,689,548,7,57.0,57.0,frequent,False,False,CAFNet-DG,0.6524757862091065,1.3271229982376098
195,689,548,7,57.0,57.0,frequent,False,False,Global popularity,57.0,57.0
195,689,856,7,57.0,57.0,frequent,False,False,CAFNet,1.9259345531463623,1.0269994735717771
195,689,856,7,57.0,57.0,frequent,False,False,CAFNet-D,-0.1964967250823974,-0.846648633480072
195,689,856,7,57.0,57.0,frequent,False,False,CAFNet-DG,0.6524757862091065,-0.0971893906593323
195,689,856,7,57.0,57.0,frequent,False,False,Global popularity,57.0,57.0
195,689,109,7,57.0,56.0,frequent,False,False,CAFNet,1.9259345531463623,2.078922748565674
195,689,109,7,57.0,56.0,frequent,False,False,CAFNet-D,-0.1964967250823974,0.5254390835762024
195,689,109,7,57.0,56.0,frequent,False,False,CAFNet-DG,0.6524757862091065,1.1468325495719909
195,689,109,7,57.0,56.0,frequent,False,False,Global popularity,57.0,56.0
195,689,131,7,57.0,56.0,frequent,False,False,CAFNet,1.9259345531463623,0.8402657508850098
195,689,131,7,57.0,56.0,frequent,False,False,CAFNet-D,-0.1964967250823974,-0.4508164823055267
195,689,131,7,57.0,56.0,frequent,False,False,CAFNet-DG,0.6524757862091065,0.0656164109706879
195,689,131,7,57.0,56.0,frequent,False,False,Global popularity,57.0,56.0
195,22,174,7,43.0,43.0,frequent,False,False,CAFNet,2.154317617416382,1.064764142036438
195,22,174,7,43.0,43.0,frequent,False,False,CAFNet-D,-0.6272908449172974,-0.0506298914551734
195,22,174,7,43.0,43.0,frequent,False,False,CAFNet-DG,0.4853525400161744,0.3955277219414712
195,22,174,7,43.0,43.0,frequent,False,False,Global popularity,43.0,43.0
195,22,239,7,43.0,43.0,frequent,False,False,CAFNet,2.154317617416382,1.05977201461792
195,22,239,7,43.0,43.0,frequent,False,False,CAFNet-D,-0.6272908449172974,-2.5632569789886475
195,22,239,7,43.0,43.0,frequent,False,False,CAFNet-DG,0.4853525400161744,-1.1140453815460205
195,22,239,7,43.0,43.0,frequent,False,False,Global popularity,43.0,43.0
195,22,264,7,43.0,43.0,frequent,False,False,CAFNet,2.154317617416382,0.3634884059429168
195,22,264,7,43.0,43.0,frequent,False,False,CAFNet-D,-0.6272908449172974,-4.09304141998291
195,22,264,7,43.0,43.0,frequent,False,False,CAFNet-DG,0.4853525400161744,-2.3104294896125794
195,22,264,7,43.0,43.0,frequent,False,False,Global popularity,43.0,43.0
195,22,353,7,43.0,43.0,frequent,False,False,CAFNet,2.154317617416382,-0.2269065231084823
195,22,353,7,43.0,43.0,frequent,False,False,CAFNet-D,-0.6272908449172974,-3.818992137908936
195,22,353,7,43.0,43.0,frequent,False,False,CAFNet-DG,0.4853525400161744,-2.3821578919887543
195,22,353,7,43.0,43.0,frequent,False,False,Global popularity,43.0,43.0
195,22,435,7,43.0,42.0,frequent,False,False,CAFNet,2.154317617416382,0.5148409605026245
195,22,435,7,43.0,42.0,frequent,False,False,CAFNet-D,-0.6272908449172974,-2.824391841888428
195,22,435,7,43.0,42.0,frequent,False,False,CAFNet-DG,0.4853525400161744,-1.488698720932007
195,22,435,7,43.0,42.0,frequent,False,False,Global popularity,43.0,42.0
195,307,45,7,46.0,46.0,frequent,False,False,CAFNet,0.9908583164215088,-0.1838279664516449
195,307,45,7,46.0,46.0,frequent,False,False,CAFNet-D,-1.4602502584457395,-0.8255330324172974
195,307,45,7,46.0,46.0,frequent,False,False,CAFNet-DG,-0.4798068284988401,-0.5688510060310363
195,307,45,7,46.0,46.0,frequent,False,False,Global popularity,46.0,46.0
195,307,76,7,46.0,46.0,frequent,False,False,CAFNet,0.9908583164215088,1.335545301437378
195,307,76,7,46.0,46.0,frequent,False,False,CAFNet-D,-1.4602502584457395,-0.7696388959884644
195,307,76,7,46.0,46.0,frequent,False,False,CAFNet-DG,-0.4798068284988401,0.0724347829818726
195,307,76,7,46.0,46.0,frequent,False,False,Global popularity,46.0,46.0
195,307,210,7,46.0,46.0,frequent,False,False,CAFNet,0.9908583164215088,0.3964425325393677
195,307,210,7,46.0,46.0,frequent,False,False,CAFNet-D,-1.4602502584457395,-4.362118244171143
195,307,210,7,46.0,46.0,frequent,False,False,CAFNet-DG,-0.4798068284988401,-2.4586939334869387
195,307,210,7,46.0,46.0,frequent,False,False,Global popularity,46.0,46.0
195,307,310,7,46.0,46.0,frequent,False,False,CAFNet,0.9908583164215088,0.088006354868412
195,307,310,7,46.0,46.0,frequent,False,False,CAFNet-D,-1.4602502584457395,-5.109549522399902
195,307,310,7,46.0,46.0,frequent,False,False,CAFNet-DG,-0.4798068284988401,-3.0305271714925768
195,307,310,7,46.0,46.0,frequent,False,False,Global popularity,46.0,46.0
195,307,740,7,46.0,46.0,frequent,False,False,CAFNet,0.9908583164215088,2.5682859420776367
195,307,740,7,46.0,46.0,frequent,False,False,CAFNet-D,-1.4602502584457395,0.2973183989524841
195,307,740,7,46.0,46.0,frequent,False,False,CAFNet-DG,-0.4798068284988401,1.2057054162025451
195,307,740,7,46.0,46.0,frequent,False,False,Global popularity,46.0,46.0
195,443,53,7,150.0,151.0,frequent,True,True,CAFNet,2.808495044708252,2.6655433177948
195,443,53,7,150.0,151.0,frequent,True,True,CAFNet-D,-0.1179253011941909,0.3194456398487091
195,443,53,7,150.0,151.0,frequent,True,True,CAFNet-DG,1.0526428371667862,1.2578847110271456
195,443,53,7,150.0,151.0,frequent,True,True,Global popularity,150.0,151.0
195,443,342,7,150.0,151.0,frequent,True,True,CAFNet,2.808495044708252,2.3442838191986084
195,443,342,7,150.0,151.0,frequent,True,True,CAFNet-D,-0.1179253011941909,1.0396380424499512
195,443,342,7,150.0,151.0,frequent,True,True,CAFNet-DG,1.0526428371667862,1.5614963531494142
195,443,342,7,150.0,151.0,frequent,True,True,Global popularity,150.0,151.0
195,443,656,7,150.0,151.0,frequent,True,True,CAFNet,2.808495044708252,3.2852113246917725
195,443,656,7,150.0,151.0,frequent,True,True,CAFNet-D,-0.1179253011941909,0.9238581657409668
195,443,656,7,150.0,151.0,frequent,True,True,CAFNet-DG,1.0526428371667862,1.8683994293212889
195,443,656,7,150.0,151.0,frequent,True,True,Global popularity,150.0,151.0
195,443,599,7,150.0,147.0,frequent,True,True,CAFNet,2.808495044708252,2.788102865219116
195,443,599,7,150.0,147.0,frequent,True,True,CAFNet-D,-0.1179253011941909,0.8128899931907654
195,443,599,7,150.0,147.0,frequent,True,True,CAFNet-DG,1.0526428371667862,1.602975142002106
195,443,599,7,150.0,147.0,frequent,True,True,Global popularity,150.0,147.0
195,443,720,7,150.0,147.0,frequent,True,True,CAFNet,2.808495044708252,2.7515039443969727
195,443,720,7,150.0,147.0,frequent,True,True,CAFNet-D,-0.1179253011941909,0.739919126033783
195,443,720,7,150.0,147.0,frequent,True,True,CAFNet-DG,1.0526428371667862,1.544553053379059
195,443,720,7,150.0,147.0,frequent,True,True,Global popularity,150.0,147.0
462,443,246,5,142.0,142.0,frequent,True,True,CAFNet,2.5436222553253174,3.739503145217896
462,443,246,5,142.0,142.0,frequent,True,True,CAFNet-D,1.3988583087921145,1.9393620491027832
462,443,246,5,142.0,142.0,frequent,True,True,CAFNet-DG,1.856763887405396,2.6594184875488285
462,443,246,5,142.0,142.0,frequent,True,True,Global popularity,142.0,142.0
462,443,265,5,142.0,143.0,frequent,True,True,CAFNet,2.5436222553253174,3.2485439777374268
462,443,265,5,142.0,143.0,frequent,True,True,CAFNet-D,1.3988583087921145,1.1870661973953247
462,443,265,5,142.0,143.0,frequent,True,True,CAFNet-DG,1.856763887405396,2.0116573095321657
462,443,265,5,142.0,143.0,frequent,True,True,Global popularity,142.0,143.0
462,443,946,5,142.0,143.0,frequent,True,True,CAFNet,2.5436222553253174,4.113229274749756
462,443,946,5,142.0,143.0,frequent,True,True,CAFNet-D,1.3988583087921145,1.9523462057113647
462,443,946,5,142.0,143.0,frequent,True,True,CAFNet-DG,1.856763887405396,2.816699433326721
462,443,946,5,142.0,143.0,frequent,True,True,Global popularity,142.0,143.0
462,443,937,5,142.0,140.0,frequent,True,True,CAFNet,2.5436222553253174,3.40505051612854
462,443,937,5,142.0,140.0,frequent,True,True,CAFNet-D,1.3988583087921145,1.7871453762054443
462,443,937,5,142.0,140.0,frequent,True,True,CAFNet-DG,1.856763887405396,2.4343074321746827
462,443,937,5,142.0,140.0,frequent,True,True,Global popularity,142.0,140.0
462,443,930,5,142.0,139.0,frequent,True,True,CAFNet,2.5436222553253174,3.2452268600463867
462,443,930,5,142.0,139.0,frequent,True,True,CAFNet-D,1.3988583087921145,1.4358582496643066
462,443,930,5,142.0,139.0,frequent,True,True,CAFNet-DG,1.856763887405396,2.159605693817139
462,443,930,5,142.0,139.0,frequent,True,True,Global popularity,142.0,139.0
175,443,53,7,150.0,151.0,frequent,True,True,CAFNet,3.181013822555542,2.890738248825073
175,443,53,7,150.0,151.0,frequent,True,True,CAFNet-D,0.3039583563804626,0.8652985095977783
175,443,53,7,150.0,151.0,frequent,True,True,CAFNet-DG,1.4547805428504943,1.675474405288696
175,443,53,7,150.0,151.0,frequent,True,True,Global popularity,150.0,151.0
175,443,342,7,150.0,151.0,frequent,True,True,CAFNet,3.181013822555542,2.8171427249908447
175,443,342,7,150.0,151.0,frequent,True,True,CAFNet-D,0.3039583563804626,0.8929611444473267
175,443,342,7,150.0,151.0,frequent,True,True,CAFNet-DG,1.4547805428504943,1.662633776664734
175,443,342,7,150.0,151.0,frequent,True,True,Global popularity,150.0,151.0
175,443,950,7,150.0,149.0,frequent,True,True,CAFNet,3.181013822555542,2.0197386741638184
175,443,950,7,150.0,149.0,frequent,True,True,CAFNet-D,0.3039583563804626,-0.0206312239170074
175,443,950,7,150.0,149.0,frequent,True,True,CAFNet-DG,1.4547805428504943,0.795516735315323
175,443,950,7,150.0,149.0,frequent,True,True,Global popularity,150.0,149.0
175,443,720,7,150.0,147.0,frequent,True,True,CAFNet,3.181013822555542,3.440696954727173
175,443,720,7,150.0,147.0,frequent,True,True,CAFNet-D,0.3039583563804626,1.1998618841171265
175,443,720,7,150.0,147.0,frequent,True,True,CAFNet-DG,1.4547805428504943,2.096195912361145
175,443,720,7,150.0,147.0,frequent,True,True,Global popularity,150.0,147.0
175,443,885,7,150.0,146.0,frequent,True,True,CAFNet,3.181013822555542,2.5372674465179443
175,443,885,7,150.0,146.0,frequent,True,True,CAFNet-D,0.3039583563804626,0.9629430174827576
175,443,885,7,150.0,146.0,frequent,True,True,CAFNet-DG,1.4547805428504943,1.5926727890968322
175,443,885,7,150.0,146.0,frequent,True,True,Global popularity,150.0,146.0
45,443,265,0,146.0,146.0,frequent,True,True,CAFNet,1.6117854118347168,3.1211860179901123
45,443,265,0,146.0,146.0,frequent,True,True,CAFNet-D,-0.1825464367866516,0.1935538500547409
45,443,265,0,146.0,146.0,frequent,True,True,CAFNet-DG,0.5351863026618958,1.3646067172288896
45,443,265,0,146.0,146.0,frequent,True,True,Global popularity,146.0,146.0
45,443,885,0,146.0,146.0,frequent,True,True,CAFNet,1.6117854118347168,2.292797327041626
45,443,885,0,146.0,146.0,frequent,True,True,CAFNet-D,-0.1825464367866516,0.6113697290420532
45,443,885,0,146.0,146.0,frequent,True,True,CAFNet-DG,0.5351863026618958,1.2839407682418824
45,443,885,0,146.0,146.0,frequent,True,True,Global popularity,146.0,146.0
45,443,246,0,146.0,145.0,frequent,True,True,CAFNet,1.6117854118347168,3.488689422607422
45,443,246,0,146.0,145.0,frequent,True,True,CAFNet-D,-0.1825464367866516,-0.0031667947769165
45,443,246,0,146.0,145.0,frequent,True,True,CAFNet-DG,0.5351863026618958,1.393575692176819
45,443,246,0,146.0,145.0,frequent,True,True,Global popularity,146.0,145.0
45,443,720,0,146.0,147.0,frequent,True,True,CAFNet,1.6117854118347168,2.521690368652344
45,443,720,0,146.0,147.0,frequent,True,True,CAFNet-D,-0.1825464367866516,-0.1302954107522964
45,443,720,0,146.0,147.0,frequent,True,True,CAFNet-DG,0.5351863026618958,0.93049890100956
45,443,720,0,146.0,147.0,frequent,True,True,Global popularity,146.0,147.0
45,443,838,0,146.0,145.0,frequent,True,True,CAFNet,1.6117854118347168,1.863120198249817
45,443,838,0,146.0,145.0,frequent,True,True,CAFNet-D,-0.1825464367866516,-0.0639109015464782
45,443,838,0,146.0,145.0,frequent,True,True,CAFNet-DG,0.5351863026618958,0.7069015383720398
45,443,838,0,146.0,145.0,frequent,True,True,Global popularity,146.0,145.0
490,443,970,4,145.0,145.0,frequent,True,True,CAFNet,3.1197783946990967,2.448009490966797
490,443,970,4,145.0,145.0,frequent,True,True,CAFNet-D,0.5599721074104309,-0.1028811484575271
490,443,970,4,145.0,145.0,frequent,True,True,CAFNet-DG,1.5838946223258974,0.9174751073122026
490,443,970,4,145.0,145.0,frequent,True,True,Global popularity,145.0,145.0
490,443,930,4,145.0,148.0,frequent,True,True,CAFNet,3.1197783946990967,2.937817335128784
490,443,930,4,145.0,148.0,frequent,True,True,CAFNet-D,0.5599721074104309,-0.687572181224823
490,443,930,4,145.0,148.0,frequent,True,True,CAFNet-DG,1.5838946223258974,0.76258362531662
490,443,930,4,145.0,148.0,frequent,True,True,Global popularity,145.0,148.0
490,443,946,4,145.0,148.0,frequent,True,True,CAFNet,3.1197783946990967,4.301619529724121
490,443,946,4,145.0,148.0,frequent,True,True,CAFNet-D,0.5599721074104309,0.7363610863685608
490,443,946,4,145.0,148.0,frequent,True,True,CAFNet-DG,1.5838946223258974,2.162464463710785
490,443,946,4,145.0,148.0,frequent,True,True,Global popularity,145.0,148.0
490,443,265,4,145.0,141.0,frequent,True,True,CAFNet,3.1197783946990967,3.9311795234680176
490,443,265,4,145.0,141.0,frequent,True,True,CAFNet-D,0.5599721074104309,0.3128892779350281
490,443,265,4,145.0,141.0,frequent,True,True,CAFNet-DG,1.5838946223258974,1.760205376148224
490,443,265,4,145.0,141.0,frequent,True,True,Global popularity,145.0,141.0
490,443,885,4,145.0,149.0,frequent,True,True,CAFNet,3.1197783946990967,3.4666411876678467
490,443,885,4,145.0,149.0,frequent,True,True,CAFNet-D,0.5599721074104309,0.0497770905494689
490,443,885,4,145.0,149.0,frequent,True,True,CAFNet-DG,1.5838946223258974,1.41652272939682
490,443,885,4,145.0,149.0,frequent,True,True,Global popularity,145.0,149.0
73,443,937,6,148.0,144.0,frequent,True,True,CAFNet,3.1297476291656494,4.107266902923584
73,443,937,6,148.0,144.0,frequent,True,True,CAFNet-D,0.2173073440790176,1.1452996730804443
73,443,937,6,148.0,144.0,frequent,True,True,CAFNet-DG,1.3822834581136705,2.3300865650177003
73,443,937,6,148.0,144.0,frequent,True,True,Global popularity,148.0,144.0
73,443,246,6,148.0,142.0,frequent,True,True,CAFNet,3.1297476291656494,0.6499090790748596
73,443,246,6,148.0,142.0,frequent,True,True,CAFNet-D,0.2173073440790176,0.7875458598136902
73,443,246,6,148.0,142.0,frequent,True,True,CAFNet-DG,1.3822834581136705,0.7324911475181579
73,443,246,6,148.0,142.0,frequent,True,True,Global popularity,148.0,142.0
73,443,885,6,148.0,141.0,frequent,True,True,CAFNet,3.1297476291656494,1.2507153749465942
73,443,885,6,148.0,141.0,frequent,True,True,CAFNet-D,0.2173073440790176,0.4735110998153686
73,443,885,6,148.0,141.0,frequent,True,True,CAFNet-DG,1.3822834581136705,0.7843928098678589
73,443,885,6,148.0,141.0,frequent,True,True,Global popularity,148.0,141.0
73,443,930,6,148.0,140.0,frequent,True,True,CAFNet,3.1297476291656494,1.4836018085479736
73,443,930,6,148.0,140.0,frequent,True,True,CAFNet-D,0.2173073440790176,0.3256087005138397
73,443,930,6,148.0,140.0,frequent,True,True,CAFNet-DG,1.3822834581136705,0.7888059437274934
73,443,930,6,148.0,140.0,frequent,True,True,Global popularity,148.0,140.0
73,443,53,6,148.0,157.0,frequent,True,True,CAFNet,3.1297476291656494,2.385483980178833
73,443,53,6,148.0,157.0,frequent,True,True,CAFNet-D,0.2173073440790176,0.7432804703712463
73,443,53,6,148.0,157.0,frequent,True,True,CAFNet-DG,1.3822834581136705,1.400161874294281
73,443,53,6,148.0,157.0,frequent,True,True,Global popularity,148.0,157.0
244,443,930,2,140.0,139.0,frequent,True,True,CAFNet,1.7507810592651367,2.4754419326782227
244,443,930,2,140.0,139.0,frequent,True,True,CAFNet-D,0.5417377352714539,-0.7839670777320862
244,443,930,2,140.0,139.0,frequent,True,True,CAFNet-DG,1.025355064868927,0.5197965264320374
244,443,930,2,140.0,139.0,frequent,True,True,Global popularity,140.0,139.0
244,443,599,2,140.0,142.0,frequent,True,True,CAFNet,1.7507810592651367,0.53251051902771
244,443,599,2,140.0,142.0,frequent,True,True,CAFNet-D,0.5417377352714539,-0.5259281992912292
244,443,599,2,140.0,142.0,frequent,True,True,CAFNet-DG,1.025355064868927,-0.1025527119636535
244,443,599,2,140.0,142.0,frequent,True,True,Global popularity,140.0,142.0
244,443,937,2,140.0,138.0,frequent,True,True,CAFNet,1.7507810592651367,-0.2646254301071167
244,443,937,2,140.0,138.0,frequent,True,True,CAFNet-D,0.5417377352714539,-1.0042015314102173
244,443,937,2,140.0,138.0,frequent,True,True,CAFNet-DG,1.025355064868927,-0.7083710908889771
244,443,937,2,140.0,138.0,frequent,True,True,Global popularity,140.0,138.0
244,443,246,2,140.0,137.0,frequent,True,True,CAFNet,1.7507810592651367,1.3746540546417236
244,443,246,2,140.0,137.0,frequent,True,True,CAFNet-D,0.5417377352714539,0.1065466925501823
244,443,246,2,140.0,137.0,frequent,True,True,CAFNet-DG,1.025355064868927,0.6137896373867989
244,443,246,2,140.0,137.0,frequent,True,True,Global popularity,140.0,137.0
244,443,720,2,140.0,137.0,frequent,True,True,CAFNet,1.7507810592651367,0.1117489337921142
244,443,720,2,140.0,137.0,frequent,True,True,CAFNet-D,0.5417377352714539,-1.4851921796798706
244,443,720,2,140.0,137.0,frequent,True,True,CAFNet-DG,1.025355064868927,-0.8464157342910766
244,443,720,2,140.0,137.0,frequent,True,True,Global popularity,140.0,137.0
310,443,342,6,148.0,151.0,frequent,True,True,CAFNet,2.639190196990967,3.450112819671631
310,443,342,6,148.0,151.0,frequent,True,True,CAFNet-D,-0.0596174150705337,1.1984591484069824
310,443,342,6,148.0,151.0,frequent,True,True,CAFNet-DG,1.0199056297540663,2.099120616912842
310,443,342,6,148.0,151.0,frequent,True,True,Global popularity,148.0,151.0
310,443,950,6,148.0,151.0,frequent,True,True,CAFNet,2.639190196990967,1.4283021688461304
310,443,950,6,148.0,151.0,frequent,True,True,CAFNet-D,-0.0596174150705337,-0.577987551689148
310,443,950,6,148.0,151.0,frequent,True,True,CAFNet-DG,1.0199056297540663,0.2245283365249633
310,443,950,6,148.0,151.0,frequent,True,True,Global popularity,148.0,151.0
310,443,885,6,148.0,141.0,frequent,True,True,CAFNet,2.639190196990967,1.9231373071670528
310,443,885,6,148.0,141.0,frequent,True,True,CAFNet-D,-0.0596174150705337,0.1734283715486526
310,443,885,6,148.0,141.0,frequent,True,True,CAFNet-DG,1.0199056297540663,0.8733119457960128
310,443,885,6,148.0,141.0,frequent,True,True,Global popularity,148.0,141.0
310,443,488,6,148.0,156.0,frequent,True,True,CAFNet,2.639190196990967,4.173964977264404
310,443,488,6,148.0,156.0,frequent,True,True,CAFNet-D,-0.0596174150705337,1.0333950519561768
310,443,488,6,148.0,156.0,frequent,True,True,CAFNet-DG,1.0199056297540663,2.289623022079468
310,443,488,6,148.0,156.0,frequent,True,True,Global popularity,148.0,156.0
310,443,930,6,148.0,140.0,frequent,True,True,CAFNet,2.639190196990967,0.8415561318397522
310,443,930,6,148.0,140.0,frequent,True,True,CAFNet-D,-0.0596174150705337,0.3886909484863281
310,443,930,6,148.0,140.0,frequent,True,True,CAFNet-DG,1.0199056297540663,0.5698370218276978
310,443,930,6,148.0,140.0,frequent,True,True,Global popularity,148.0,140.0
37,443,720,4,145.0,145.0,frequent,True,True,CAFNet,2.3665552139282227,3.005590438842773
37,443,720,4,145.0,145.0,frequent,True,True,CAFNet-D,-0.1327110379934311,-0.0059131383895874
37,443,720,4,145.0,145.0,frequent,True,True,CAFNet-DG,0.8669954627752304,1.1986882925033568
37,443,720,4,145.0,145.0,frequent,True,True,Global popularity,145.0,145.0
37,443,970,4,145.0,145.0,frequent,True,True,CAFNet,2.3665552139282227,3.560590505599976
37,443,970,4,145.0,145.0,frequent,True,True,CAFNet-D,-0.1327110379934311,0.0910918414592742
37,443,970,4,145.0,145.0,frequent,True,True,CAFNet-DG,0.8669954627752304,1.4788913071155552
37,443,970,4,145.0,145.0,frequent,True,True,Global popularity,145.0,145.0
37,443,930,4,145.0,148.0,frequent,True,True,CAFNet,2.3665552139282227,2.4360573291778564
37,443,930,4,145.0,148.0,frequent,True,True,CAFNet-D,-0.1327110379934311,0.1645684391260147
37,443,930,4,145.0,148.0,frequent,True,True,CAFNet-DG,0.8669954627752304,1.073163995146751
37,443,930,4,145.0,148.0,frequent,True,True,Global popularity,145.0,148.0
37,443,946,4,145.0,148.0,frequent,True,True,CAFNet,2.3665552139282227,2.8504605293273926
37,443,946,4,145.0,148.0,frequent,True,True,CAFNet-D,-0.1327110379934311,-0.1093903630971908
37,443,946,4,145.0,148.0,frequent,True,True,CAFNet-DG,0.8669954627752304,1.0745499938726426
37,443,946,4,145.0,148.0,frequent,True,True,Global popularity,145.0,148.0
37,443,265,4,145.0,141.0,frequent,True,True,CAFNet,2.3665552139282227,3.469055414199829
37,443,265,4,145.0,141.0,frequent,True,True,CAFNet-D,-0.1327110379934311,0.9405628442764282
37,443,265,4,145.0,141.0,frequent,True,True,CAFNet-DG,0.8669954627752304,1.9519598722457885
37,443,265,4,145.0,141.0,frequent,True,True,Global popularity,145.0,141.0
361,443,599,3,150.0,151.0,frequent,True,True,CAFNet,1.7852880954742432,2.2896029949188232
361,443,599,3,150.0,151.0,frequent,True,True,CAFNet-D,-0.3350007534027099,-0.0467278510332107
361,443,599,3,150.0,151.0,frequent,True,True,CAFNet-DG,0.5131147861480714,0.887804487347603
361,443,599,3,150.0,151.0,frequent,True,True,Global popularity,150.0,151.0
361,443,488,3,150.0,153.0,frequent,True,True,CAFNet,1.7852880954742432,1.3340133428573608
361,443,488,3,150.0,153.0,frequent,True,True,CAFNet-D,-0.3350007534027099,0.4706208109855652
361,443,488,3,150.0,153.0,frequent,True,True,CAFNet-DG,0.5131147861480714,0.8159778237342834
361,443,488,3,150.0,153.0,frequent,True,True,Global popularity,150.0,153.0
361,443,720,3,150.0,147.0,frequent,True,True,CAFNet,1.7852880954742432,0.6675173044204712
361,443,720,3,150.0,147.0,frequent,True,True,CAFNet-D,-0.3350007534027099,0.9185704588890076
361,443,720,3,150.0,147.0,frequent,True,True,CAFNet-DG,0.5131147861480714,0.8181491971015931
361,443,720,3,150.0,147.0,frequent,True,True,Global popularity,150.0,147.0
361,443,885,3,150.0,147.0,frequent,True,True,CAFNet,1.7852880954742432,1.3232179880142212
361,443,885,3,150.0,147.0,frequent,True,True,CAFNet-D,-0.3350007534027099,0.4428037106990814
361,443,885,3,150.0,147.0,frequent,True,True,CAFNet-DG,0.5131147861480714,0.7949694216251373
361,443,885,3,150.0,147.0,frequent,True,True,Global popularity,150.0,147.0
361,443,246,3,150.0,146.0,frequent,True,True,CAFNet,1.7852880954742432,1.6503061056137085
361,443,246,3,150.0,146.0,frequent,True,True,CAFNet-D,-0.3350007534027099,-1.0025804042816162
361,443,246,3,150.0,146.0,frequent,True,True,CAFNet-DG,0.5131147861480714,0.0585741996765137
361,443,246,3,150.0,146.0,frequent,True,True,Global popularity,150.0,146.0
195,306,361,7,95.0,95.0,frequent,True,True,CAFNet,1.4481863975524902,-0.3763332962989807
195,306,361,7,95.0,95.0,frequent,True,True,CAFNet-D,-0.6596406102180481,0.4778038263320923
195,306,361,7,95.0,95.0,frequent,True,True,CAFNet-DG,0.1834901928901672,0.136148977279663
195,306,361,7,95.0,95.0,frequent,True,True,Global popularity,95.0,95.0
195,306,452,7,95.0,95.0,frequent,True,True,CAFNet,1.4481863975524902,1.7102723121643066
195,306,452,7,95.0,95.0,frequent,True,True,CAFNet-D,-0.6596406102180481,-0.7524345517158508
195,306,452,7,95.0,95.0,frequent,True,True,CAFNet-DG,0.1834901928901672,0.2326481938362122
195,306,452,7,95.0,95.0,frequent,True,True,Global popularity,95.0,95.0
195,306,460,7,95.0,94.0,frequent,True,True,CAFNet,1.4481863975524902,3.8206920623779297
195,306,460,7,95.0,94.0,frequent,True,True,CAFNet-D,-0.6596406102180481,0.567232072353363
195,306,460,7,95.0,94.0,frequent,True,True,CAFNet-DG,0.1834901928901672,1.8686160683631896
195,306,460,7,95.0,94.0,frequent,True,True,Global popularity,95.0,94.0
195,306,638,7,95.0,96.0,frequent,True,True,CAFNet,1.4481863975524902,2.132237911224365
195,306,638,7,95.0,96.0,frequent,True,True,CAFNet-D,-0.6596406102180481,0.2687973380088806
195,306,638,7,95.0,96.0,frequent,True,True,CAFNet-DG,0.1834901928901672,1.0141735672950745
195,306,638,7,95.0,96.0,frequent,True,True,Global popularity,95.0,96.0
195,306,25,7,95.0,93.0,frequent,True,True,CAFNet,1.4481863975524902,2.167396068572998
195,306,25,7,95.0,93.0,frequent,True,True,CAFNet-D,-0.6596406102180481,0.5969166159629822
195,306,25,7,95.0,93.0,frequent,True,True,CAFNet-DG,0.1834901928901672,1.2251083970069885
195,306,25,7,95.0,93.0,frequent,True,True,Global popularity,95.0,93.0
45,215,505,0,248.0,243.0,frequent,True,True,CAFNet,3.238028049468994,3.638407945632935
45,215,505,0,248.0,243.0,frequent,True,True,CAFNet-D,0.5291839241981506,0.4811661541461944
45,215,505,0,248.0,243.0,frequent,True,True,CAFNet-DG,1.6127215743064882,1.744062870740891
45,215,505,0,248.0,243.0,frequent,True,True,Global popularity,248.0,243.0
45,215,683,0,248.0,239.0,frequent,True,True,CAFNet,3.238028049468994,3.905883550643921
45,215,683,0,248.0,239.0,frequent,True,True,CAFNet-D,0.5291839241981506,0.5129810571670532
45,215,683,0,248.0,239.0,frequent,True,True,CAFNet-DG,1.6127215743064882,1.8701420545578
45,215,683,0,248.0,239.0,frequent,True,True,Global popularity,248.0,239.0
45,215,129,0,248.0,259.0,frequent,True,True,CAFNet,3.238028049468994,3.1766488552093506
45,215,129,0,248.0,259.0,frequent,True,True,CAFNet-D,0.5291839241981506,0.1034699976444244
45,215,129,0,248.0,259.0,frequent,True,True,CAFNet-DG,1.6127215743064882,1.3327415406703949
45,215,129,0,248.0,259.0,frequent,True,True,Global popularity,248.0,259.0
45,215,273,0,248.0,235.0,frequent,True,True,CAFNet,3.238028049468994,3.1962947845458984
45,215,273,0,248.0,235.0,frequent,True,True,CAFNet-D,0.5291839241981506,0.6067085266113281
45,215,273,0,248.0,235.0,frequent,True,True,CAFNet-DG,1.6127215743064882,1.6425430297851564
45,215,273,0,248.0,235.0,frequent,True,True,Global popularity,248.0,235.0
45,215,225,0,248.0,228.0,frequent,True,True,CAFNet,3.238028049468994,2.9037845134735107
45,215,225,0,248.0,228.0,frequent,True,True,CAFNet-D,0.5291839241981506,0.0354322791099548
45,215,225,0,248.0,228.0,frequent,True,True,CAFNet-DG,1.6127215743064882,1.1827731728553772
45,215,225,0,248.0,228.0,frequent,True,True,Global popularity,248.0,228.0
195,242,6,7,50.0,50.0,frequent,False,False,CAFNet,1.530015468597412,-0.3973934054374695
195,242,6,7,50.0,50.0,frequent,False,False,CAFNet-D,0.5555526614189148,-1.5300374031066897
195,242,6,7,50.0,50.0,frequent,False,False,CAFNet-DG,0.9453377842903136,-1.0769798040390015
195,242,6,7,50.0,50.0,frequent,False,False,Global popularity,50.0,50.0
195,242,102,7,50.0,50.0,frequent,False,False,CAFNet,1.530015468597412,1.5189216136932373
195,242,102,7,50.0,50.0,frequent,False,False,CAFNet-D,0.5555526614189148,-0.4700552225112915
195,242,102,7,50.0,50.0,frequent,False,False,CAFNet-DG,0.9453377842903136,0.32553551197052
195,242,102,7,50.0,50.0,frequent,False,False,Global popularity,50.0,50.0
195,242,33,7,50.0,49.0,frequent,False,False,CAFNet,1.530015468597412,-0.2857170104980469
195,242,33,7,50.0,49.0,frequent,False,False,CAFNet-D,0.5555526614189148,-3.06592345237732
195,242,33,7,50.0,49.0,frequent,False,False,CAFNet-DG,0.9453377842903136,-1.9538408756256105
195,242,33,7,50.0,49.0,frequent,False,False,Global popularity,50.0,49.0
195,242,141,7,50.0,49.0,frequent,False,False,CAFNet,1.530015468597412,0.941564679145813
195,242,141,7,50.0,49.0,frequent,False,False,CAFNet-D,0.5555526614189148,-2.770764112472534
195,242,141,7,50.0,49.0,frequent,False,False,CAFNet-DG,0.9453377842903136,-1.2858325958251953
195,242,141,7,50.0,49.0,frequent,False,False,Global popularity,50.0,49.0
195,242,154,7,50.0,51.0,frequent,False,False,CAFNet,1.530015468597412,0.7379498481750488
195,242,154,7,50.0,51.0,frequent,False,False,CAFNet-D,0.5555526614189148,-2.807828426361084
195,242,154,7,50.0,51.0,frequent,False,False,CAFNet-DG,0.9453377842903136,-1.389517116546631
195,242,154,7,50.0,51.0,frequent,False,False,Global popularity,50.0,51.0
195,962,528,7,20.0,20.0,middle,False,False,CAFNet,1.233452320098877,0.7652086615562439
195,962,528,7,20.0,20.0,middle,False,False,CAFNet-D,-0.6950571537017822,-4.131325721740723
195,962,528,7,20.0,20.0,middle,False,False,CAFNet-DG,0.0763466358184815,-2.172711968421936
195,962,528,7,20.0,20.0,middle,False,False,Global popularity,20.0,20.0
195,962,611,7,20.0,20.0,middle,False,False,CAFNet,1.233452320098877,0.4259178638458252
195,962,611,7,20.0,20.0,middle,False,False,CAFNet-D,-0.6950571537017822,-2.001891851425171
195,962,611,7,20.0,20.0,middle,False,False,CAFNet-DG,0.0763466358184815,-1.0307679653167725
195,962,611,7,20.0,20.0,middle,False,False,Global popularity,20.0,20.0
195,962,633,7,20.0,20.0,middle,False,False,CAFNet,1.233452320098877,0.6094138026237488
195,962,633,7,20.0,20.0,middle,False,False,CAFNet-D,-0.6950571537017822,-3.2279090881347656
195,962,633,7,20.0,20.0,middle,False,False,CAFNet-DG,0.0763466358184815,-1.6929799318313596
195,962,633,7,20.0,20.0,middle,False,False,Global popularity,20.0,20.0
195,962,642,7,20.0,20.0,middle,False,False,CAFNet,1.233452320098877,0.2025879323482513
195,962,642,7,20.0,20.0,middle,False,False,CAFNet-D,-0.6950571537017822,-3.771183013916016
195,962,642,7,20.0,20.0,middle,False,False,CAFNet-DG,0.0763466358184815,-2.181674635410309
195,962,642,7,20.0,20.0,middle,False,False,Global popularity,20.0,20.0
195,962,775,7,20.0,20.0,middle,False,False,CAFNet,1.233452320098877,0.701094925403595
195,962,775,7,20.0,20.0,middle,False,False,CAFNet-D,-0.6950571537017822,-2.765228033065796
195,962,775,7,20.0,20.0,middle,False,False,CAFNet-DG,0.0763466358184815,-1.3786988496780397
195,962,775,7,20.0,20.0,middle,False,False,Global popularity,20.0,20.0
45,962,47,0,18.0,18.0,middle,False,False,CAFNet,1.446608066558838,0.8146334290504456
45,962,47,0,18.0,18.0,middle,False,False,CAFNet-D,-1.3432323932647705,-3.5097014904022217
45,962,47,0,18.0,18.0,middle,False,False,CAFNet-DG,-0.2272962093353271,-1.7799675226211549
45,962,47,0,18.0,18.0,middle,False,False,Global popularity,18.0,18.0
45,962,94,0,18.0,18.0,middle,False,False,CAFNet,1.446608066558838,0.1589108407497406
45,962,94,0,18.0,18.0,middle,False,False,CAFNet-D,-1.3432323932647705,-4.707145690917969
45,962,94,0,18.0,18.0,middle,False,False,CAFNet-DG,-0.2272962093353271,-2.760723078250885
45,962,94,0,18.0,18.0,middle,False,False,Global popularity,18.0,18.0
45,962,151,0,18.0,18.0,middle,False,False,CAFNet,1.446608066558838,0.3563149273395538
45,962,151,0,18.0,18.0,middle,False,False,CAFNet-D,-1.3432323932647705,-4.443187236785889
45,962,151,0,18.0,18.0,middle,False,False,CAFNet-DG,-0.2272962093353271,-2.5233863711357114
45,962,151,0,18.0,18.0,middle,False,False,Global popularity,18.0,18.0
45,962,165,0,18.0,18.0,middle,False,False,CAFNet,1.446608066558838,-0.8225104212760925
45,962,165,0,18.0,18.0,middle,False,False,CAFNet-D,-1.3432323932647705,-2.246473789215088
45,962,165,0,18.0,18.0,middle,False,False,CAFNet-DG,-0.2272962093353271,-1.6768884420394896
45,962,165,0,18.0,18.0,middle,False,False,Global popularity,18.0,18.0
45,962,285,0,18.0,18.0,middle,False,False,CAFNet,1.446608066558838,1.330657124519348
45,962,285,0,18.0,18.0,middle,False,False,CAFNet-D,-1.3432323932647705,-0.4068560600280761
45,962,285,0,18.0,18.0,middle,False,False,CAFNet-DG,-0.2272962093353271,0.2881492137908935
45,962,285,0,18.0,18.0,middle,False,False,Global popularity,18.0,18.0
195,885,946,7,146.0,146.0,frequent,True,True,CAFNet,2.693546772003174,2.9310202598571777
195,885,946,7,146.0,146.0,frequent,True,True,CAFNet-D,0.7503483295440674,0.771891176700592
195,885,946,7,146.0,146.0,frequent,True,True,CAFNet-DG,1.52762770652771,1.6355428099632263
195,885,946,7,146.0,146.0,frequent,True,True,Global popularity,146.0,146.0
195,885,599,7,146.0,147.0,frequent,True,True,CAFNet,2.693546772003174,2.788102865219116
195,885,599,7,146.0,147.0,frequent,True,True,CAFNet-D,0.7503483295440674,0.8128899931907654
195,885,599,7,146.0,147.0,frequent,True,True,CAFNet-DG,1.52762770652771,1.602975142002106
195,885,599,7,146.0,147.0,frequent,True,True,Global popularity,146.0,147.0
195,885,720,7,146.0,147.0,frequent,True,True,CAFNet,2.693546772003174,2.7515039443969727
195,885,720,7,146.0,147.0,frequent,True,True,CAFNet-D,0.7503483295440674,0.739919126033783
195,885,720,7,146.0,147.0,frequent,True,True,CAFNet-DG,1.52762770652771,1.544553053379059
195,885,720,7,146.0,147.0,frequent,True,True,Global popularity,146.0,147.0
195,885,246,7,146.0,142.0,frequent,True,True,CAFNet,2.693546772003174,2.349529981613159
195,885,246,7,146.0,142.0,frequent,True,True,CAFNet-D,0.7503483295440674,-0.1542937010526657
195,885,246,7,146.0,142.0,frequent,True,True,CAFNet-DG,1.52762770652771,0.8472357720136643
195,885,246,7,146.0,142.0,frequent,True,True,Global popularity,146.0,142.0
195,885,265,7,146.0,142.0,frequent,True,True,CAFNet,2.693546772003174,2.746590375900269
195,885,265,7,146.0,142.0,frequent,True,True,CAFNet-D,0.7503483295440674,0.6767122745513916
195,885,265,7,146.0,142.0,frequent,True,True,CAFNet-DG,1.52762770652771,1.5046635150909426
195,885,265,7,146.0,142.0,frequent,True,True,Global popularity,146.0,142.0
195,207,332,7,283.0,291.0,frequent,True,True,CAFNet,2.755199193954468,2.94286584854126
195,207,332,7,283.0,291.0,frequent,True,True,CAFNet-D,1.6771397590637207,1.615082621574402
195,207,332,7,283.0,291.0,frequent,True,True,CAFNet-DG,2.10836353302002,2.1461959123611454
195,207,332,7,283.0,291.0,frequent,True,True,Global popularity,283.0,291.0
195,207,758,7,283.0,293.0,frequent,True,True,CAFNet,2.755199193954468,3.013190746307373
195,207,758,7,283.0,293.0,frequent,True,True,CAFNet-D,1.6771397590637207,1.1853687763214111
195,207,758,7,283.0,293.0,frequent,True,True,CAFNet-DG,2.10836353302002,1.916497564315796
195,207,758,7,283.0,293.0,frequent,True,True,Global popularity,283.0,293.0
195,207,129,7,283.0,265.0,frequent,True,True,CAFNet,2.755199193954468,3.22086763381958
195,207,129,7,283.0,265.0,frequent,True,True,CAFNet-D,1.6771397590637207,1.0986480712890625
195,207,129,7,283.0,265.0,frequent,True,True,CAFNet-DG,2.10836353302002,1.9475358963012692
195,207,129,7,283.0,265.0,frequent,True,True,Global popularity,283.0,265.0
195,207,604,7,283.0,260.0,frequent,True,True,CAFNet,2.755199193954468,3.044356346130371
195,207,604,7,283.0,260.0,frequent,True,True,CAFNet-D,1.6771397590637207,1.2047042846679688
195,207,604,7,283.0,260.0,frequent,True,True,CAFNet-DG,2.10836353302002,1.9405651092529297
195,207,604,7,283.0,260.0,frequent,True,True,Global popularity,283.0,260.0
195,207,269,7,283.0,255.0,frequent,True,True,CAFNet,2.755199193954468,2.3086986541748047
195,207,269,7,283.0,255.0,frequent,True,True,CAFNet-D,1.6771397590637207,1.4180420637130735
195,207,269,7,283.0,255.0,frequent,True,True,CAFNet-DG,2.10836353302002,1.7743046998977658
195,207,269,7,283.0,255.0,frequent,True,True,Global popularity,283.0,255.0
195,883,146,7,116.0,117.0,frequent,True,True,CAFNet,1.8857789039611816,2.6699206829071045
195,883,146,7,116.0,117.0,frequent,True,True,CAFNet-D,0.5995049476623535,0.6241043210029602
195,883,146,7,116.0,117.0,frequent,True,True,CAFNet-DG,1.114014530181885,1.442430865764618
195,883,146,7,116.0,117.0,frequent,True,True,Global popularity,116.0,117.0
195,883,491,7,116.0,115.0,frequent,True,True,CAFNet,1.8857789039611816,2.528883218765259
195,883,491,7,116.0,115.0,frequent,True,True,CAFNet-D,0.5995049476623535,0.5760716199874878
195,883,491,7,116.0,115.0,frequent,True,True,CAFNet-DG,1.114014530181885,1.3571962594985962
195,883,491,7,116.0,115.0,frequent,True,True,Global popularity,116.0,115.0
195,883,551,7,116.0,117.0,frequent,True,True,CAFNet,1.8857789039611816,1.8258984088897705
195,883,551,7,116.0,117.0,frequent,True,True,CAFNet-D,0.5995049476623535,0.4535381495952606
195,883,551,7,116.0,117.0,frequent,True,True,CAFNet-DG,1.114014530181885,1.0024822533130646
195,883,551,7,116.0,117.0,frequent,True,True,Global popularity,116.0,117.0
195,883,733,7,116.0,113.0,frequent,True,True,CAFNet,1.8857789039611816,0.3714584112167358
195,883,733,7,116.0,113.0,frequent,True,True,CAFNet-D,0.5995049476623535,0.1657496839761734
195,883,733,7,116.0,113.0,frequent,True,True,CAFNet-DG,1.114014530181885,0.2480331748723983
195,883,733,7,116.0,113.0,frequent,True,True,Global popularity,116.0,113.0
195,883,21,7,116.0,112.0,frequent,True,True,CAFNet,1.8857789039611816,0.981872856616974
195,883,21,7,116.0,112.0,frequent,True,True,CAFNet-D,0.5995049476623535,-0.9588972926139832
195,883,21,7,116.0,112.0,frequent,True,True,CAFNet-DG,1.114014530181885,-0.1825892329216002
195,883,21,7,116.0,112.0,frequent,True,True,Global popularity,116.0,112.0
527,883,491,0,118.0,119.0,frequent,True,True,CAFNet,1.734626531600952,2.0607218742370605
527,883,491,0,118.0,119.0,frequent,True,True,CAFNet-D,0.934826910495758,0.7746517658233643
527,883,491,0,118.0,119.0,frequent,True,True,CAFNet-DG,1.2547467589378356,1.289079809188843
527,883,491,0,118.0,119.0,frequent,True,True,Global popularity,118.0,119.0
527,883,551,0,118.0,119.0,frequent,True,True,CAFNet,1.734626531600952,1.998625636100769
527,883,551,0,118.0,119.0,frequent,True,True,CAFNet-D,0.934826910495758,0.978065550327301
527,883,551,0,118.0,119.0,frequent,True,True,CAFNet-DG,1.2547467589378356,1.3862895846366885
527,883,551,0,118.0,119.0,frequent,True,True,Global popularity,118.0,119.0
527,883,146,0,118.0,114.0,frequent,True,True,CAFNet,1.734626531600952,1.8014709949493408
527,883,146,0,118.0,114.0,frequent,True,True,CAFNet-D,0.934826910495758,0.7111517190933228
527,883,146,0,118.0,114.0,frequent,True,True,CAFNet-DG,1.2547467589378356,1.14727942943573
527,883,146,0,118.0,114.0,frequent,True,True,Global popularity,118.0,114.0
527,883,733,0,118.0,114.0,frequent,True,True,CAFNet,1.734626531600952,1.715945839881897
527,883,733,0,118.0,114.0,frequent,True,True,CAFNet-D,0.934826910495758,-0.0945014804601669
527,883,733,0,118.0,114.0,frequent,True,True,CAFNet-DG,1.2547467589378356,0.6296774476766588
527,883,733,0,118.0,114.0,frequent,True,True,Global popularity,118.0,114.0
527,883,631,0,118.0,112.0,frequent,True,True,CAFNet,1.734626531600952,1.8813871145248413
527,883,631,0,118.0,112.0,frequent,True,True,CAFNet-D,0.934826910495758,0.9726523160934448
527,883,631,0,118.0,112.0,frequent,True,True,CAFNet-DG,1.2547467589378356,1.3361462354660034
527,883,631,0,118.0,112.0,frequent,True,True,Global popularity,118.0,112.0
475,883,491,0,118.0,119.0,frequent,True,True,CAFNet,3.3862757682800293,3.6574108600616455
475,883,491,0,118.0,119.0,frequent,True,True,CAFNet-D,1.0709795951843262,1.0978902578353882
475,883,491,0,118.0,119.0,frequent,True,True,CAFNet-DG,1.9970980644226075,2.121698498725891
475,883,491,0,118.0,119.0,frequent,True,True,Global popularity,118.0,119.0
475,883,551,0,118.0,119.0,frequent,True,True,CAFNet,3.3862757682800293,3.382066488265991
475,883,551,0,118.0,119.0,frequent,True,True,CAFNet-D,1.0709795951843262,1.055768370628357
475,883,551,0,118.0,119.0,frequent,True,True,CAFNet-DG,1.9970980644226075,1.9862876176834103
475,883,551,0,118.0,119.0,frequent,True,True,Global popularity,118.0,119.0
475,883,146,0,118.0,114.0,frequent,True,True,CAFNet,3.3862757682800293,3.4404330253601074
475,883,146,0,118.0,114.0,frequent,True,True,CAFNet-D,1.0709795951843262,0.9977306127548218
475,883,146,0,118.0,114.0,frequent,True,True,CAFNet-DG,1.9970980644226075,1.974811577796936
475,883,146,0,118.0,114.0,frequent,True,True,Global popularity,118.0,114.0
475,883,733,0,118.0,114.0,frequent,True,True,CAFNet,3.3862757682800293,3.045351505279541
475,883,733,0,118.0,114.0,frequent,True,True,CAFNet-D,1.0709795951843262,0.693992555141449
475,883,733,0,118.0,114.0,frequent,True,True,CAFNet-DG,1.9970980644226075,1.6345361351966858
475,883,733,0,118.0,114.0,frequent,True,True,Global popularity,118.0,114.0
475,883,476,0,118.0,126.0,frequent,True,True,CAFNet,3.3862757682800293,2.531996965408325
475,883,476,0,118.0,126.0,frequent,True,True,CAFNet-D,1.0709795951843262,0.952457845211029
475,883,476,0,118.0,126.0,frequent,True,True,CAFNet-DG,1.9970980644226075,1.5842734932899476
475,883,476,0,118.0,126.0,frequent,True,True,Global popularity,118.0,126.0
45,883,491,0,118.0,119.0,frequent,True,True,CAFNet,2.080981731414795,2.073071002960205
45,883,491,0,118.0,119.0,frequent,True,True,CAFNet-D,0.5847494602203369,-0.2019893079996109
45,883,491,0,118.0,119.0,frequent,True,True,CAFNet-DG,1.1832423686981202,0.7080348163843155
45,883,491,0,118.0,119.0,frequent,True,True,Global popularity,118.0,119.0
45,883,551,0,118.0,119.0,frequent,True,True,CAFNet,2.080981731414795,2.180208683013916
45,883,551,0,118.0,119.0,frequent,True,True,CAFNet-D,0.5847494602203369,0.5002095103263855
45,883,551,0,118.0,119.0,frequent,True,True,CAFNet-DG,1.1832423686981202,1.1722091794013978
45,883,551,0,118.0,119.0,frequent,True,True,Global popularity,118.0,119.0
45,883,21,0,118.0,115.0,frequent,True,True,CAFNet,2.080981731414795,2.153095245361328
45,883,21,0,118.0,115.0,frequent,True,True,CAFNet-D,0.5847494602203369,0.4186221063137054
45,883,21,0,118.0,115.0,frequent,True,True,CAFNet-DG,1.1832423686981202,1.1124113619327547
45,883,21,0,118.0,115.0,frequent,True,True,Global popularity,118.0,115.0
45,883,146,0,118.0,114.0,frequent,True,True,CAFNet,2.080981731414795,1.7234593629837036
45,883,146,0,118.0,114.0,frequent,True,True,CAFNet-D,0.5847494602203369,-0.2208765000104904
45,883,146,0,118.0,114.0,frequent,True,True,CAFNet-DG,1.1832423686981202,0.5568578451871873
45,883,146,0,118.0,114.0,frequent,True,True,Global popularity,118.0,114.0
45,883,733,0,118.0,114.0,frequent,True,True,CAFNet,2.080981731414795,1.7381008863449097
45,883,733,0,118.0,114.0,frequent,True,True,CAFNet-D,0.5847494602203369,-0.4187559485435486
45,883,733,0,118.0,114.0,frequent,True,True,CAFNet-DG,1.1832423686981202,0.4439867854118348
45,883,733,0,118.0,114.0,frequent,True,True,Global popularity,118.0,114.0
195,44,39,7,72.0,72.0,frequent,False,False,CAFNet,1.6905229091644287,1.569912314414978
195,44,39,7,72.0,72.0,frequent,False,False,CAFNet-D,-0.7401962280273438,-0.9052319526672364
195,44,39,7,72.0,72.0,frequent,False,False,CAFNet-DG,0.2320914268493653,0.0848257541656494
195,44,39,7,72.0,72.0,frequent,False,False,Global popularity,72.0,72.0
195,44,83,7,72.0,71.0,frequent,False,False,CAFNet,1.6905229091644287,-0.0415480509400367
195,44,83,7,72.0,71.0,frequent,False,False,CAFNet-D,-0.7401962280273438,-3.569591760635376
195,44,83,7,72.0,71.0,frequent,False,False,CAFNet-DG,0.2320914268493653,-2.15837427675724
195,44,83,7,72.0,71.0,frequent,False,False,Global popularity,72.0,71.0
195,44,358,7,72.0,73.0,frequent,False,False,CAFNet,1.6905229091644287,0.7777285575866699
195,44,358,7,72.0,73.0,frequent,False,False,CAFNet-D,-0.7401962280273438,0.670154333114624
195,44,358,7,72.0,73.0,frequent,False,False,CAFNet-DG,0.2320914268493653,0.7131840229034423
195,44,358,7,72.0,73.0,frequent,False,False,Global popularity,72.0,73.0
195,44,359,7,72.0,71.0,frequent,False,False,CAFNet,1.6905229091644287,0.104851134121418
195,44,359,7,72.0,71.0,frequent,False,False,CAFNet-D,-0.7401962280273438,-0.3324472904205322
195,44,359,7,72.0,71.0,frequent,False,False,CAFNet-DG,0.2320914268493653,-0.1575279206037521
195,44,359,7,72.0,71.0,frequent,False,False,Global popularity,72.0,71.0
195,44,674,7,72.0,71.0,frequent,False,False,CAFNet,1.6905229091644287,1.3500697612762451
195,44,674,7,72.0,71.0,frequent,False,False,CAFNet-D,-0.7401962280273438,-1.0706965923309326
195,44,674,7,72.0,71.0,frequent,False,False,CAFNet-DG,0.2320914268493653,-0.1023900508880614
195,44,674,7,72.0,71.0,frequent,False,False,Global popularity,72.0,71.0
45,44,39,0,73.0,73.0,frequent,False,False,CAFNet,1.5496665239334106,1.5687768459320068
45,44,39,0,73.0,73.0,frequent,False,False,CAFNet-D,-0.2610596418380737,-0.6920159459114075
45,44,39,0,73.0,73.0,frequent,False,False,CAFNet-DG,0.46323082447052,0.2123011708259583
45,44,39,0,73.0,73.0,frequent,False,False,Global popularity,73.0,73.0
45,44,674,0,73.0,73.0,frequent,False,False,CAFNet,1.5496665239334106,1.4432302713394165
45,44,674,0,73.0,73.0,frequent,False,False,CAFNet-D,-0.2610596418380737,-0.3344715535640716
45,44,674,0,73.0,73.0,frequent,False,False,CAFNet-DG,0.46323082447052,0.3766091763973236
45,44,674,0,73.0,73.0,frequent,False,False,Global popularity,73.0,73.0
45,44,359,0,73.0,74.0,frequent,False,False,CAFNet,1.5496665239334106,0.4647723138332367
45,44,359,0,73.0,74.0,frequent,False,False,CAFNet-D,-0.2610596418380737,-2.3279869556427
45,44,359,0,73.0,74.0,frequent,False,False,CAFNet-DG,0.46323082447052,-1.2108832478523257
45,44,359,0,73.0,74.0,frequent,False,False,Global popularity,73.0,74.0
45,44,585,0,73.0,72.0,frequent,False,False,CAFNet,1.5496665239334106,1.1546043157577517
45,44,585,0,73.0,72.0,frequent,False,False,CAFNet-D,-0.2610596418380737,-0.3470232188701629
45,44,585,0,73.0,72.0,frequent,False,False,CAFNet-DG,0.46323082447052,0.2536277949810029
45,44,585,0,73.0,72.0,frequent,False,False,Global popularity,73.0,72.0
45,44,725,0,73.0,72.0,frequent,False,False,CAFNet,1.5496665239334106,1.637132167816162
45,44,725,0,73.0,72.0,frequent,False,False,CAFNet-D,-0.2610596418380737,-1.002513766288757
45,44,725,0,73.0,72.0,frequent,False,False,CAFNet-DG,0.46323082447052,0.0533446073532105
45,44,725,0,73.0,72.0,frequent,False,False,Global popularity,73.0,72.0
195,304,79,7,82.0,82.0,frequent,True,True,CAFNet,2.553332805633545,2.166794538497925
195,304,79,7,82.0,82.0,frequent,True,True,CAFNet-D,-0.3896029591560364,0.6045262217521667
195,304,79,7,82.0,82.0,frequent,True,True,CAFNet-DG,0.7875713467597962,1.22943354845047
195,304,79,7,82.0,82.0,frequent,True,True,Global popularity,82.0,82.0
195,304,673,7,82.0,82.0,frequent,True,True,CAFNet,2.553332805633545,2.1607906818389893
195,304,673,7,82.0,82.0,frequent,True,True,CAFNet-D,-0.3896029591560364,0.5996627807617188
195,304,673,7,82.0,82.0,frequent,True,True,CAFNet-DG,0.7875713467597962,1.224113941192627
195,304,673,7,82.0,82.0,frequent,True,True,Global popularity,82.0,82.0
195,304,4,7,82.0,83.0,frequent,True,True,CAFNet,2.553332805633545,1.7050371170043943
195,304,4,7,82.0,83.0,frequent,True,True,CAFNet-D,-0.3896029591560364,0.0847941264510154
195,304,4,7,82.0,83.0,frequent,True,True,CAFNet-DG,0.7875713467597962,0.732891322672367
195,304,4,7,82.0,83.0,frequent,True,True,Global popularity,82.0,83.0
195,304,227,7,82.0,83.0,frequent,True,True,CAFNet,2.553332805633545,3.791344165802002
195,304,227,7,82.0,83.0,frequent,True,True,CAFNet-D,-0.3896029591560364,0.4104304313659668
195,304,227,7,82.0,83.0,frequent,True,True,CAFNet-DG,0.7875713467597962,1.7627959251403809
195,304,227,7,82.0,83.0,frequent,True,True,Global popularity,82.0,83.0
195,304,259,7,82.0,83.0,frequent,True,True,CAFNet,2.553332805633545,1.768934965133667
195,304,259,7,82.0,83.0,frequent,True,True,CAFNet-D,-0.3896029591560364,-1.905331015586853
195,304,259,7,82.0,83.0,frequent,True,True,CAFNet-DG,0.7875713467597962,-0.4356246232986449
195,304,259,7,82.0,83.0,frequent,True,True,Global popularity,82.0,83.0
45,92,225,0,216.0,228.0,frequent,True,True,CAFNet,2.665180921554565,2.9037845134735107
45,92,225,0,216.0,228.0,frequent,True,True,CAFNet-D,-0.0817281305789947,0.0354322791099548
45,92,225,0,216.0,228.0,frequent,True,True,CAFNet-DG,1.0170354902744292,1.1827731728553772
45,92,225,0,216.0,228.0,frequent,True,True,Global popularity,216.0,228.0
45,92,273,0,216.0,235.0,frequent,True,True,CAFNet,2.665180921554565,3.1962947845458984
45,92,273,0,216.0,235.0,frequent,True,True,CAFNet-D,-0.0817281305789947,0.6067085266113281
45,92,273,0,216.0,235.0,frequent,True,True,CAFNet-DG,1.0170354902744292,1.6425430297851564
45,92,273,0,216.0,235.0,frequent,True,True,Global popularity,216.0,235.0
45,92,334,0,216.0,195.0,frequent,True,True,CAFNet,2.665180921554565,3.052258014678955
45,92,334,0,216.0,195.0,frequent,True,True,CAFNet-D,-0.0817281305789947,0.4264642000198364
45,92,334,0,216.0,195.0,frequent,True,True,CAFNet-DG,1.0170354902744292,1.476781725883484
45,92,334,0,216.0,195.0,frequent,True,True,Global popularity,216.0,195.0
45,92,445,0,216.0,193.0,frequent,True,True,CAFNet,2.665180921554565,2.9813663959503174
45,92,445,0,216.0,193.0,frequent,True,True,CAFNet-D,-0.0817281305789947,0.5298725366592407
45,92,445,0,216.0,193.0,frequent,True,True,CAFNet-DG,1.0170354902744292,1.5104700803756712
45,92,445,0,216.0,193.0,frequent,True,True,Global popularity,216.0,193.0
45,92,683,0,216.0,239.0,frequent,True,True,CAFNet,2.665180921554565,3.905883550643921
45,92,683,0,216.0,239.0,frequent,True,True,CAFNet-D,-0.0817281305789947,0.5129810571670532
45,92,683,0,216.0,239.0,frequent,True,True,CAFNet-DG,1.0170354902744292,1.8701420545578
45,92,683,0,216.0,239.0,frequent,True,True,Global popularity,216.0,239.0
195,180,258,7,174.0,170.0,frequent,True,True,CAFNet,3.105902194976806,1.171485185623169
195,180,258,7,174.0,170.0,frequent,True,True,CAFNet-D,0.7486521005630493,0.8325267434120178
195,180,258,7,174.0,170.0,frequent,True,True,CAFNet-DG,1.691552138328552,0.9681101202964782
195,180,258,7,174.0,170.0,frequent,True,True,Global popularity,174.0,170.0
195,180,35,7,174.0,182.0,frequent,True,True,CAFNet,3.105902194976806,3.0841705799102783
195,180,35,7,174.0,182.0,frequent,True,True,CAFNet-D,0.7486521005630493,0.816429853439331
195,180,35,7,174.0,182.0,frequent,True,True,CAFNet-DG,1.691552138328552,1.72352614402771
195,180,35,7,174.0,182.0,frequent,True,True,Global popularity,174.0,182.0
195,180,696,7,174.0,182.0,frequent,True,True,CAFNet,3.105902194976806,2.2376463413238525
195,180,696,7,174.0,182.0,frequent,True,True,CAFNet-D,0.7486521005630493,0.4297459721565246
195,180,696,7,174.0,182.0,frequent,True,True,CAFNet-DG,1.691552138328552,1.1529061198234558
195,180,696,7,174.0,182.0,frequent,True,True,Global popularity,174.0,182.0
195,180,432,7,174.0,165.0,frequent,True,True,CAFNet,3.105902194976806,1.9125771522521973
195,180,432,7,174.0,165.0,frequent,True,True,CAFNet-D,0.7486521005630493,0.4802252650260925
195,180,432,7,174.0,165.0,frequent,True,True,CAFNet-DG,1.691552138328552,1.0531660199165342
195,180,432,7,174.0,165.0,frequent,True,True,Global popularity,174.0,165.0
195,180,904,7,174.0,159.0,frequent,True,True,CAFNet,3.105902194976806,3.050429344177246
195,180,904,7,174.0,159.0,frequent,True,True,CAFNet-D,0.7486521005630493,0.628574550151825
195,180,904,7,174.0,159.0,frequent,True,True,CAFNet-DG,1.691552138328552,1.597316467761993
195,180,904,7,174.0,159.0,frequent,True,True,Global popularity,174.0,159.0
195,401,243,7,461.0,426.0,frequent,True,True,CAFNet,3.1553776264190674,2.845866203308105
195,401,243,7,461.0,426.0,frequent,True,True,CAFNet-D,2.141857862472534,2.0488502979278564
195,401,243,7,461.0,426.0,frequent,True,True,CAFNet-DG,2.5472657680511475,2.367656660079956
195,401,243,7,461.0,426.0,frequent,True,True,Global popularity,461.0,426.0
195,401,80,7,461.0,388.0,frequent,True,True,CAFNet,3.1553776264190674,3.0803542137146
195,401,80,7,461.0,388.0,frequent,True,True,CAFNet-D,2.141857862472534,1.837626814842224
195,401,80,7,461.0,388.0,frequent,True,True,CAFNet-DG,2.5472657680511475,2.3347177743911742
195,401,80,7,461.0,388.0,frequent,True,True,Global popularity,461.0,388.0
195,401,758,7,461.0,293.0,frequent,True,True,CAFNet,3.1553776264190674,3.013190746307373
195,401,758,7,461.0,293.0,frequent,True,True,CAFNet-D,2.141857862472534,1.1853687763214111
195,401,758,7,461.0,293.0,frequent,True,True,CAFNet-DG,2.5472657680511475,1.916497564315796
195,401,758,7,461.0,293.0,frequent,True,True,Global popularity,461.0,293.0
195,401,332,7,461.0,291.0,frequent,True,True,CAFNet,3.1553776264190674,2.94286584854126
195,401,332,7,461.0,291.0,frequent,True,True,CAFNet-D,2.141857862472534,1.615082621574402
195,401,332,7,461.0,291.0,frequent,True,True,CAFNet-DG,2.5472657680511475,2.1461959123611454
195,401,332,7,461.0,291.0,frequent,True,True,Global popularity,461.0,291.0
195,401,129,7,461.0,265.0,frequent,True,True,CAFNet,3.1553776264190674,3.22086763381958
195,401,129,7,461.0,265.0,frequent,True,True,CAFNet-D,2.141857862472534,1.0986480712890625
195,401,129,7,461.0,265.0,frequent,True,True,CAFNet-DG,2.5472657680511475,1.9475358963012692
195,401,129,7,461.0,265.0,frequent,True,True,Global popularity,461.0,265.0
542,401,758,5,463.0,292.0,frequent,True,True,CAFNet,4.561537742614746,3.6123008728027344
542,401,758,5,463.0,292.0,frequent,True,True,CAFNet-D,3.222617149353028,1.8780491352081297
542,401,758,5,463.0,292.0,frequent,True,True,CAFNet-DG,3.758185386657715,2.571749830245972
542,401,758,5,463.0,292.0,frequent,True,True,Global popularity,463.0,292.0
542,401,332,5,463.0,290.0,frequent,True,True,CAFNet,4.561537742614746,4.037539958953857
542,401,332,5,463.0,290.0,frequent,True,True,CAFNet-D,3.222617149353028,2.359205484390259
542,401,332,5,463.0,290.0,frequent,True,True,CAFNet-DG,3.758185386657715,3.0305392742156982
542,401,332,5,463.0,290.0,frequent,True,True,Global popularity,463.0,290.0
542,401,683,5,463.0,235.0,frequent,True,True,CAFNet,4.561537742614746,3.346444606781006
542,401,683,5,463.0,235.0,frequent,True,True,CAFNet-D,3.222617149353028,1.927520513534546
542,401,683,5,463.0,235.0,frequent,True,True,CAFNet-DG,3.758185386657715,2.4950901508331302
542,401,683,5,463.0,235.0,frequent,True,True,Global popularity,463.0,235.0
542,401,468,5,463.0,191.0,frequent,True,True,CAFNet,4.561537742614746,3.3635053634643555
542,401,468,5,463.0,191.0,frequent,True,True,CAFNet-D,3.222617149353028,1.1612498760223389
542,401,468,5,463.0,191.0,frequent,True,True,CAFNet-DG,3.758185386657715,2.042152070999146
542,401,468,5,463.0,191.0,frequent,True,True,Global popularity,463.0,191.0
542,401,607,5,463.0,188.0,frequent,True,True,CAFNet,4.561537742614746,3.1455607414245605
542,401,607,5,463.0,188.0,frequent,True,True,CAFNet-D,3.222617149353028,1.8361321687698364
542,401,607,5,463.0,188.0,frequent,True,True,CAFNet-DG,3.758185386657715,2.359903597831726
542,401,607,5,463.0,188.0,frequent,True,True,Global popularity,463.0,188.0
45,401,243,0,469.0,417.0,frequent,True,True,CAFNet,4.075865268707275,4.014337062835693
45,401,243,0,469.0,417.0,frequent,True,True,CAFNet-D,1.705064058303833,1.2856601476669312
45,401,243,0,469.0,417.0,frequent,True,True,CAFNet-DG,2.65338454246521,2.377130913734436
45,401,243,0,469.0,417.0,frequent,True,True,Global popularity,469.0,417.0
45,401,978,0,469.0,403.0,frequent,True,True,CAFNet,4.075865268707275,3.890709161758423
45,401,978,0,469.0,403.0,frequent,True,True,CAFNet-D,1.705064058303833,1.4023277759552002
45,401,978,0,469.0,403.0,frequent,True,True,CAFNet-DG,2.65338454246521,2.397680330276489
45,401,978,0,469.0,403.0,frequent,True,True,Global popularity,469.0,403.0
45,401,236,0,469.0,367.0,frequent,True,True,CAFNet,4.075865268707275,3.6828668117523193
45,401,236,0,469.0,367.0,frequent,True,True,CAFNet-D,1.705064058303833,1.1747314929962158
45,401,236,0,469.0,367.0,frequent,True,True,CAFNet-DG,2.65338454246521,2.1779856204986574
45,401,236,0,469.0,367.0,frequent,True,True,Global popularity,469.0,367.0
45,401,758,0,469.0,301.0,frequent,True,True,CAFNet,4.075865268707275,3.871959209442138
45,401,758,0,469.0,301.0,frequent,True,True,CAFNet-D,1.705064058303833,0.567277193069458
45,401,758,0,469.0,301.0,frequent,True,True,CAFNet-DG,2.65338454246521,1.88914999961853
45,401,758,0,469.0,301.0,frequent,True,True,Global popularity,469.0,301.0
45,401,207,0,469.0,279.0,frequent,True,True,CAFNet,4.075865268707275,3.694730043411255
45,401,207,0,469.0,279.0,frequent,True,True,CAFNet-D,1.705064058303833,0.8520336747169495
45,401,207,0,469.0,279.0,frequent,True,True,CAFNet-DG,2.65338454246521,1.9891122221946715
45,401,207,0,469.0,279.0,frequent,True,True,Global popularity,469.0,279.0
529,401,80,9,457.0,381.0,frequent,True,True,CAFNet,4.015900135040283,3.509657621383667
529,401,80,9,457.0,381.0,frequent,True,True,CAFNet-D,2.2483460903167725,1.756072998046875
529,401,80,9,457.0,381.0,frequent,True,True,CAFNet-DG,2.955367708206177,2.457506847381592
529,401,80,9,457.0,381.0,frequent,True,True,Global popularity,457.0,381.0
529,401,332,9,457.0,289.0,frequent,True,True,CAFNet,4.015900135040283,3.5183117389678955
529,401,332,9,457.0,289.0,frequent,True,True,CAFNet-D,2.2483460903167725,1.5772716999053955
529,401,332,9,457.0,289.0,frequent,True,True,CAFNet-DG,2.955367708206177,2.353687715530396
529,401,332,9,457.0,289.0,frequent,True,True,Global popularity,457.0,289.0
529,401,207,9,457.0,280.0,frequent,True,True,CAFNet,4.015900135040283,3.5765631198883057
529,401,207,9,457.0,280.0,frequent,True,True,CAFNet-D,2.2483460903167725,1.462593674659729
529,401,207,9,457.0,280.0,frequent,True,True,CAFNet-DG,2.955367708206177,2.3081814527511595
529,401,207,9,457.0,280.0,frequent,True,True,Global popularity,457.0,280.0
529,401,129,9,457.0,259.0,frequent,True,True,CAFNet,4.015900135040283,3.1217994689941406
529,401,129,9,457.0,259.0,frequent,True,True,CAFNet-D,2.2483460903167725,1.3943196535110474
529,401,129,9,457.0,259.0,frequent,True,True,CAFNet-DG,2.955367708206177,2.0853115797042845
529,401,129,9,457.0,259.0,frequent,True,True,Global popularity,457.0,259.0
529,401,215,9,457.0,256.0,frequent,True,True,CAFNet,4.015900135040283,3.644862413406372
529,401,215,9,457.0,256.0,frequent,True,True,CAFNet-D,2.2483460903167725,1.2727736234664917
529,401,215,9,457.0,256.0,frequent,True,True,CAFNet-DG,2.955367708206177,2.221609139442444
529,401,215,9,457.0,256.0,frequent,True,True,Global popularity,457.0,256.0
245,401,243,3,456.0,420.0,frequent,True,True,CAFNet,3.6429946422576895,4.261868000030518
245,401,243,3,456.0,420.0,frequent,True,True,CAFNet-D,2.6914753913879395,2.643396139144897
245,401,243,3,456.0,420.0,frequent,True,True,CAFNet-DG,3.0720830917358395,3.2907848834991453
245,401,243,3,456.0,420.0,frequent,True,True,Global popularity,456.0,420.0
245,401,621,3,456.0,498.0,frequent,True,True,CAFNet,3.6429946422576895,4.625326633453369
245,401,621,3,456.0,498.0,frequent,True,True,CAFNet-D,2.6914753913879395,2.8723723888397217
245,401,621,3,456.0,498.0,frequent,True,True,CAFNet-DG,3.0720830917358395,3.5735540866851805
245,401,621,3,456.0,498.0,frequent,True,True,Global popularity,456.0,498.0
245,401,978,3,456.0,403.0,frequent,True,True,CAFNet,3.6429946422576895,4.476811408996582
245,401,978,3,456.0,403.0,frequent,True,True,CAFNet-D,2.6914753913879395,2.7182483673095703
245,401,978,3,456.0,403.0,frequent,True,True,CAFNet-DG,3.0720830917358395,3.421673583984375
245,401,978,3,456.0,403.0,frequent,True,True,Global popularity,456.0,403.0
245,401,80,3,456.0,390.0,frequent,True,True,CAFNet,3.6429946422576895,4.225225448608398
245,401,80,3,456.0,390.0,frequent,True,True,CAFNet-D,2.6914753913879395,2.4357948303222656
245,401,80,3,456.0,390.0,frequent,True,True,CAFNet-DG,3.0720830917358395,3.1515670776367184
245,401,80,3,456.0,390.0,frequent,True,True,Global popularity,456.0,390.0
245,401,2,3,456.0,311.0,frequent,True,True,CAFNet,3.6429946422576895,3.794831514358521
245,401,2,3,456.0,311.0,frequent,True,True,CAFNet-D,2.6914753913879395,2.335740089416504
245,401,2,3,456.0,311.0,frequent,True,True,CAFNet-DG,3.0720830917358395,2.9193766593933104
245,401,2,3,456.0,311.0,frequent,True,True,Global popularity,456.0,311.0
195,978,80,7,405.0,388.0,frequent,True,True,CAFNet,2.7725939750671387,3.0803542137146
195,978,80,7,405.0,388.0,frequent,True,True,CAFNet-D,1.987642765045166,1.837626814842224
195,978,80,7,405.0,388.0,frequent,True,True,CAFNet-DG,2.301623249053955,2.3347177743911742
195,978,80,7,405.0,388.0,frequent,True,True,Global popularity,405.0,388.0
195,978,243,7,405.0,426.0,frequent,True,True,CAFNet,2.7725939750671387,2.845866203308105
195,978,243,7,405.0,426.0,frequent,True,True,CAFNet-D,1.987642765045166,2.0488502979278564
195,978,243,7,405.0,426.0,frequent,True,True,CAFNet-DG,2.301623249053955,2.367656660079956
195,978,243,7,405.0,426.0,frequent,True,True,Global popularity,405.0,426.0
195,978,758,7,405.0,293.0,frequent,True,True,CAFNet,2.7725939750671387,3.013190746307373
195,978,758,7,405.0,293.0,frequent,True,True,CAFNet-D,1.987642765045166,1.1853687763214111
195,978,758,7,405.0,293.0,frequent,True,True,CAFNet-DG,2.301623249053955,1.916497564315796
195,978,758,7,405.0,293.0,frequent,True,True,Global popularity,405.0,293.0
195,978,332,7,405.0,291.0,frequent,True,True,CAFNet,2.7725939750671387,2.94286584854126
195,978,332,7,405.0,291.0,frequent,True,True,CAFNet-D,1.987642765045166,1.615082621574402
195,978,332,7,405.0,291.0,frequent,True,True,CAFNet-DG,2.301623249053955,2.1461959123611454
195,978,332,7,405.0,291.0,frequent,True,True,Global popularity,405.0,291.0
195,978,129,7,405.0,265.0,frequent,True,True,CAFNet,2.7725939750671387,3.22086763381958
195,978,129,7,405.0,265.0,frequent,True,True,CAFNet-D,1.987642765045166,1.0986480712890625
195,978,129,7,405.0,265.0,frequent,True,True,CAFNet-DG,2.301623249053955,1.9475358963012692
195,978,129,7,405.0,265.0,frequent,True,True,Global popularity,405.0,265.0
195,468,861,7,193.0,194.0,frequent,True,True,CAFNet,2.8014070987701416,1.2696352005004885
195,468,861,7,193.0,194.0,frequent,True,True,CAFNet-D,0.9632515907287598,0.4544518887996673
195,468,861,7,193.0,194.0,frequent,True,True,CAFNet-DG,1.6985137939453123,0.7805252134799958
195,468,861,7,193.0,194.0,frequent,True,True,Global popularity,193.0,194.0
195,468,334,7,193.0,191.0,frequent,True,True,CAFNet,2.8014070987701416,2.203819513320923
195,468,334,7,193.0,191.0,frequent,True,True,CAFNet-D,0.9632515907287598,0.2073346972465515
195,468,334,7,193.0,191.0,frequent,True,True,CAFNet-DG,1.6985137939453123,1.0059286236763
195,468,334,7,193.0,191.0,frequent,True,True,Global popularity,193.0,191.0
195,468,445,7,193.0,191.0,frequent,True,True,CAFNet,2.8014070987701416,3.094082832336426
195,468,445,7,193.0,191.0,frequent,True,True,CAFNet-D,0.9632515907287598,1.1565606594085691
195,468,445,7,193.0,191.0,frequent,True,True,CAFNet-DG,1.6985137939453123,1.931569528579712
195,468,445,7,193.0,191.0,frequent,True,True,Global popularity,193.0,191.0
195,468,35,7,193.0,182.0,frequent,True,True,CAFNet,2.8014070987701416,3.0841705799102783
195,468,35,7,193.0,182.0,frequent,True,True,CAFNet-D,0.9632515907287598,0.816429853439331
195,468,35,7,193.0,182.0,frequent,True,True,CAFNet-DG,1.6985137939453123,1.72352614402771
195,468,35,7,193.0,182.0,frequent,True,True,Global popularity,193.0,182.0
195,468,696,7,193.0,182.0,frequent,True,True,CAFNet,2.8014070987701416,2.2376463413238525
195,468,696,7,193.0,182.0,frequent,True,True,CAFNet-D,0.9632515907287598,0.4297459721565246
195,468,696,7,193.0,182.0,frequent,True,True,CAFNet-DG,1.6985137939453123,1.1529061198234558
195,468,696,7,193.0,182.0,frequent,True,True,Global popularity,193.0,182.0
45,468,334,0,194.0,195.0,frequent,True,True,CAFNet,3.2510974407196045,3.052258014678955
45,468,334,0,194.0,195.0,frequent,True,True,CAFNet-D,0.935633420944214,0.4264642000198364
45,468,334,0,194.0,195.0,frequent,True,True,CAFNet-DG,1.86181902885437,1.476781725883484
45,468,334,0,194.0,195.0,frequent,True,True,Global popularity,194.0,195.0
45,468,445,0,194.0,193.0,frequent,True,True,CAFNet,3.2510974407196045,2.9813663959503174
45,468,445,0,194.0,193.0,frequent,True,True,CAFNet-D,0.935633420944214,0.5298725366592407
45,468,445,0,194.0,193.0,frequent,True,True,CAFNet-DG,1.86181902885437,1.5104700803756712
45,468,445,0,194.0,193.0,frequent,True,True,Global popularity,194.0,193.0
45,468,696,0,194.0,190.0,frequent,True,True,CAFNet,3.2510974407196045,3.102039337158203
45,468,696,0,194.0,190.0,frequent,True,True,CAFNet-D,0.935633420944214,0.3531761467456817
45,468,696,0,194.0,190.0,frequent,True,True,CAFNet-DG,1.86181902885437,1.4527214229106904
45,468,696,0,194.0,190.0,frequent,True,True,Global popularity,194.0,190.0
45,468,35,0,194.0,185.0,frequent,True,True,CAFNet,3.2510974407196045,3.0479061603546143
45,468,35,0,194.0,185.0,frequent,True,True,CAFNet-D,0.935633420944214,-0.6804690361022949
45,468,35,0,194.0,185.0,frequent,True,True,CAFNet-DG,1.86181902885437,0.8108810424804688
45,468,35,0,194.0,185.0,frequent,True,True,Global popularity,194.0,185.0
45,468,180,0,194.0,182.0,frequent,True,True,CAFNet,3.2510974407196045,2.88562273979187
45,468,180,0,194.0,182.0,frequent,True,True,CAFNet-D,0.935633420944214,0.3559984862804413
45,468,180,0,194.0,182.0,frequent,True,True,CAFNet-DG,1.86181902885437,1.367848187685013
45,468,180,0,194.0,182.0,frequent,True,True,Global popularity,194.0,182.0
195,377,95,7,21.0,21.0,middle,False,False,CAFNet,1.5841970443725586,0.7755148410797119
195,377,95,7,21.0,21.0,middle,False,False,CAFNet-D,-2.217402696609497,-4.286287307739258
195,377,95,7,21.0,21.0,middle,False,False,CAFNet-DG,-0.6967628002166747,-2.2615664482116697
195,377,95,7,21.0,21.0,middle,False,False,Global popularity,21.0,21.0
195,377,139,7,21.0,21.0,middle,False,False,CAFNet,1.5841970443725586,0.5430759191513062
195,377,139,7,21.0,21.0,middle,False,False,CAFNet-D,-2.217402696609497,-3.774174690246582
195,377,139,7,21.0,21.0,middle,False,False,CAFNet-DG,-0.6967628002166747,-2.047274446487427
195,377,139,7,21.0,21.0,middle,False,False,Global popularity,21.0,21.0
195,377,152,7,21.0,21.0,middle,False,False,CAFNet,1.5841970443725586,0.1961219608783722
195,377,152,7,21.0,21.0,middle,False,False,CAFNet-D,-2.217402696609497,-2.4156506061553955
195,377,152,7,21.0,21.0,middle,False,False,CAFNet-DG,-0.6967628002166747,-1.3709415793418884
195,377,152,7,21.0,21.0,middle,False,False,Global popularity,21.0,21.0
195,377,226,7,21.0,21.0,middle,False,False,CAFNet,1.5841970443725586,0.5885584950447083
195,377,226,7,21.0,21.0,middle,False,False,CAFNet-D,-2.217402696609497,-2.544222593307495
195,377,226,7,21.0,21.0,middle,False,False,CAFNet-DG,-0.6967628002166747,-1.2911101579666138
195,377,226,7,21.0,21.0,middle,False,False,Global popularity,21.0,21.0
195,377,284,7,21.0,21.0,middle,False,False,CAFNet,1.5841970443725586,1.430151104927063
195,377,284,7,21.0,21.0,middle,False,False,CAFNet-D,-2.217402696609497,-0.129609003663063
195,377,284,7,21.0,21.0,middle,False,False,CAFNet-DG,-0.6967628002166747,0.4942950397729874
195,377,284,7,21.0,21.0,middle,False,False,Global popularity,21.0,21.0
195,607,861,7,193.0,194.0,frequent,True,True,CAFNet,3.125740766525269,1.2696352005004885
195,607,861,7,193.0,194.0,frequent,True,True,CAFNet-D,1.0892488956451416,0.4544518887996673
195,607,861,7,193.0,194.0,frequent,True,True,CAFNet-DG,1.9038456439971925,0.7805252134799958
195,607,861,7,193.0,194.0,frequent,True,True,Global popularity,193.0,194.0
195,607,334,7,193.0,191.0,frequent,True,True,CAFNet,3.125740766525269,2.203819513320923
195,607,334,7,193.0,191.0,frequent,True,True,CAFNet-D,1.0892488956451416,0.2073346972465515
195,607,334,7,193.0,191.0,frequent,True,True,CAFNet-DG,1.9038456439971925,1.0059286236763
195,607,334,7,193.0,191.0,frequent,True,True,Global popularity,193.0,191.0
195,607,445,7,193.0,191.0,frequent,True,True,CAFNet,3.125740766525269,3.094082832336426
195,607,445,7,193.0,191.0,frequent,True,True,CAFNet-D,1.0892488956451416,1.1565606594085691
195,607,445,7,193.0,191.0,frequent,True,True,CAFNet-DG,1.9038456439971925,1.931569528579712
195,607,445,7,193.0,191.0,frequent,True,True,Global popularity,193.0,191.0
195,607,35,7,193.0,182.0,frequent,True,True,CAFNet,3.125740766525269,3.0841705799102783
195,607,35,7,193.0,182.0,frequent,True,True,CAFNet-D,1.0892488956451416,0.816429853439331
195,607,35,7,193.0,182.0,frequent,True,True,CAFNet-DG,1.9038456439971925,1.72352614402771
195,607,35,7,193.0,182.0,frequent,True,True,Global popularity,193.0,182.0
195,607,696,7,193.0,182.0,frequent,True,True,CAFNet,3.125740766525269,2.2376463413238525
195,607,696,7,193.0,182.0,frequent,True,True,CAFNet-D,1.0892488956451416,0.4297459721565246
195,607,696,7,193.0,182.0,frequent,True,True,CAFNet-DG,1.9038456439971925,1.1529061198234558
195,607,696,7,193.0,182.0,frequent,True,True,Global popularity,193.0,182.0
45,607,334,0,200.0,195.0,frequent,True,True,CAFNet,2.2001473903656006,3.052258014678955
45,607,334,0,200.0,195.0,frequent,True,True,CAFNet-D,0.2829800844192505,0.4264642000198364
45,607,334,0,200.0,195.0,frequent,True,True,CAFNet-DG,1.0498470067977903,1.476781725883484
45,607,334,0,200.0,195.0,frequent,True,True,Global popularity,200.0,195.0
45,607,445,0,200.0,193.0,frequent,True,True,CAFNet,2.2001473903656006,2.9813663959503174
45,607,445,0,200.0,193.0,frequent,True,True,CAFNet-D,0.2829800844192505,0.5298725366592407
45,607,445,0,200.0,193.0,frequent,True,True,CAFNet-DG,1.0498470067977903,1.5104700803756712
45,607,445,0,200.0,193.0,frequent,True,True,Global popularity,200.0,193.0
45,607,696,0,200.0,190.0,frequent,True,True,CAFNet,2.2001473903656006,3.102039337158203
45,607,696,0,200.0,190.0,frequent,True,True,CAFNet-D,0.2829800844192505,0.3531761467456817
45,607,696,0,200.0,190.0,frequent,True,True,CAFNet-DG,1.0498470067977903,1.4527214229106904
45,607,696,0,200.0,190.0,frequent,True,True,Global popularity,200.0,190.0
45,607,35,0,200.0,185.0,frequent,True,True,CAFNet,2.2001473903656006,3.0479061603546143
45,607,35,0,200.0,185.0,frequent,True,True,CAFNet-D,0.2829800844192505,-0.6804690361022949
45,607,35,0,200.0,185.0,frequent,True,True,CAFNet-DG,1.0498470067977903,0.8108810424804688
45,607,35,0,200.0,185.0,frequent,True,True,Global popularity,200.0,185.0
45,607,180,0,200.0,182.0,frequent,True,True,CAFNet,2.2001473903656006,2.88562273979187
45,607,180,0,200.0,182.0,frequent,True,True,CAFNet-D,0.2829800844192505,0.3559984862804413
45,607,180,0,200.0,182.0,frequent,True,True,CAFNet-DG,1.0498470067977903,1.367848187685013
45,607,180,0,200.0,182.0,frequent,True,True,Global popularity,200.0,182.0
244,607,445,2,185.0,186.0,frequent,True,True,CAFNet,0.5321395397186279,1.968958854675293
244,607,445,2,185.0,186.0,frequent,True,True,CAFNet-D,-0.3488981425762176,0.0091729462146759
244,607,445,2,185.0,186.0,frequent,True,True,CAFNet-DG,0.0035169303417206,0.7930873095989228
244,607,445,2,185.0,186.0,frequent,True,True,Global popularity,185.0,186.0
244,607,334,2,185.0,182.0,frequent,True,True,CAFNet,0.5321395397186279,1.3746460676193235
244,607,334,2,185.0,182.0,frequent,True,True,CAFNet-D,-0.3488981425762176,0.7345411777496338
244,607,334,2,185.0,182.0,frequent,True,True,CAFNet-DG,0.0035169303417206,0.9905831336975096
244,607,334,2,185.0,182.0,frequent,True,True,Global popularity,185.0,182.0
244,607,696,2,185.0,178.0,frequent,True,True,CAFNet,0.5321395397186279,2.564613342285156
244,607,696,2,185.0,178.0,frequent,True,True,CAFNet-D,-0.3488981425762176,0.4058587253093719
244,607,696,2,185.0,178.0,frequent,True,True,CAFNet-DG,0.0035169303417206,1.2693605720996854
244,607,696,2,185.0,178.0,frequent,True,True,Global popularity,185.0,178.0
244,607,468,2,185.0,193.0,frequent,True,True,CAFNet,0.5321395397186279,3.582610607147217
244,607,468,2,185.0,193.0,frequent,True,True,CAFNet-D,-0.3488981425762176,0.870916485786438
244,607,468,2,185.0,193.0,frequent,True,True,CAFNet-DG,0.0035169303417206,1.9555941343307497
244,607,468,2,185.0,193.0,frequent,True,True,Global popularity,185.0,193.0
244,607,258,2,185.0,174.0,frequent,True,True,CAFNet,0.5321395397186279,1.508525013923645
244,607,258,2,185.0,174.0,frequent,True,True,CAFNet-D,-0.3488981425762176,-0.6701799631118774
244,607,258,2,185.0,174.0,frequent,True,True,CAFNet-DG,0.0035169303417206,0.2013020277023315
244,607,258,2,185.0,174.0,frequent,True,True,Global popularity,185.0,174.0
195,912,736,7,86.0,84.0,frequent,True,True,CAFNet,0.9408811330795288,1.6787562370300293
195,912,736,7,86.0,84.0,frequent,True,True,CAFNet-D,0.0446760654449462,-0.3477871716022491
195,912,736,7,86.0,84.0,frequent,True,True,CAFNet-DG,0.4031580924987792,0.4628301918506623
195,912,736,7,86.0,84.0,frequent,True,True,Global popularity,86.0,84.0
195,912,4,7,86.0,83.0,frequent,True,True,CAFNet,0.9408811330795288,1.7050371170043943
195,912,4,7,86.0,83.0,frequent,True,True,CAFNet-D,0.0446760654449462,0.0847941264510154
195,912,4,7,86.0,83.0,frequent,True,True,CAFNet-DG,0.4031580924987792,0.732891322672367
195,912,4,7,86.0,83.0,frequent,True,True,Global popularity,86.0,83.0
195,912,227,7,86.0,83.0,frequent,True,True,CAFNet,0.9408811330795288,3.791344165802002
195,912,227,7,86.0,83.0,frequent,True,True,CAFNet-D,0.0446760654449462,0.4104304313659668
195,912,227,7,86.0,83.0,frequent,True,True,CAFNet-DG,0.4031580924987792,1.7627959251403809
195,912,227,7,86.0,83.0,frequent,True,True,Global popularity,86.0,83.0
195,912,259,7,86.0,83.0,frequent,True,True,CAFNet,0.9408811330795288,1.768934965133667
195,912,259,7,86.0,83.0,frequent,True,True,CAFNet-D,0.0446760654449462,-1.905331015586853
195,912,259,7,86.0,83.0,frequent,True,True,CAFNet-DG,0.4031580924987792,-0.4356246232986449
195,912,259,7,86.0,83.0,frequent,True,True,Global popularity,86.0,83.0
195,912,387,7,86.0,83.0,frequent,True,True,CAFNet,0.9408811330795288,1.3356711864471436
195,912,387,7,86.0,83.0,frequent,True,True,CAFNet-D,0.0446760654449462,0.0200759842991828
195,912,387,7,86.0,83.0,frequent,True,True,CAFNet-DG,0.4031580924987792,0.5463140651583671
195,912,387,7,86.0,83.0,frequent,True,True,Global popularity,86.0,83.0
531,912,736,7,86.0,84.0,frequent,True,True,CAFNet,1.8054817914962769,1.409353733062744
531,912,736,7,86.0,84.0,frequent,True,True,CAFNet-D,-0.0649982988834381,-0.871086061000824
531,912,736,7,86.0,84.0,frequent,True,True,CAFNet-DG,0.683193737268448,0.0410898566246031
531,912,736,7,86.0,84.0,frequent,True,True,Global popularity,86.0,84.0
531,912,4,7,86.0,83.0,frequent,True,True,CAFNet,1.8054817914962769,2.1163928508758545
531,912,4,7,86.0,83.0,frequent,True,True,CAFNet-D,-0.0649982988834381,0.2363530993461609
531,912,4,7,86.0,83.0,frequent,True,True,CAFNet-DG,0.683193737268448,0.9883689999580384
531,912,4,7,86.0,83.0,frequent,True,True,Global popularity,86.0,83.0
531,912,227,7,86.0,83.0,frequent,True,True,CAFNet,1.8054817914962769,0.6750186681747437
531,912,227,7,86.0,83.0,frequent,True,True,CAFNet-D,-0.0649982988834381,0.2849012613296509
531,912,227,7,86.0,83.0,frequent,True,True,CAFNet-DG,0.683193737268448,0.440948224067688
531,912,227,7,86.0,83.0,frequent,True,True,Global popularity,86.0,83.0
531,912,259,7,86.0,83.0,frequent,True,True,CAFNet,1.8054817914962769,1.0428937673568726
531,912,259,7,86.0,83.0,frequent,True,True,CAFNet-D,-0.0649982988834381,0.3513679802417755
531,912,259,7,86.0,83.0,frequent,True,True,CAFNet-DG,0.683193737268448,0.6279782950878143
531,912,259,7,86.0,83.0,frequent,True,True,Global popularity,86.0,83.0
531,912,387,7,86.0,83.0,frequent,True,True,CAFNet,1.8054817914962769,0.8510425090789795
531,912,387,7,86.0,83.0,frequent,True,True,CAFNet-D,-0.0649982988834381,0.8523313403129578
531,912,387,7,86.0,83.0,frequent,True,True,CAFNet-DG,0.683193737268448,0.8518158078193665
531,912,387,7,86.0,83.0,frequent,True,True,Global popularity,86.0,83.0
195,950,53,7,149.0,151.0,frequent,True,True,CAFNet,2.6808462142944336,2.6655433177948
195,950,53,7,149.0,151.0,frequent,True,True,CAFNet-D,-0.3003564476966858,0.3194456398487091
195,950,53,7,149.0,151.0,frequent,True,True,CAFNet-DG,0.8921246170997621,1.2578847110271456
195,950,53,7,149.0,151.0,frequent,True,True,Global popularity,149.0,151.0
195,950,342,7,149.0,151.0,frequent,True,True,CAFNet,2.6808462142944336,2.3442838191986084
195,950,342,7,149.0,151.0,frequent,True,True,CAFNet-D,-0.3003564476966858,1.0396380424499512
195,950,342,7,149.0,151.0,frequent,True,True,CAFNet-DG,0.8921246170997621,1.5614963531494142
195,950,342,7,149.0,151.0,frequent,True,True,Global popularity,149.0,151.0
195,950,599,7,149.0,147.0,frequent,True,True,CAFNet,2.6808462142944336,2.788102865219116
195,950,599,7,149.0,147.0,frequent,True,True,CAFNet-D,-0.3003564476966858,0.8128899931907654
195,950,599,7,149.0,147.0,frequent,True,True,CAFNet-DG,0.8921246170997621,1.602975142002106
195,950,599,7,149.0,147.0,frequent,True,True,Global popularity,149.0,147.0
195,950,656,7,149.0,151.0,frequent,True,True,CAFNet,2.6808462142944336,3.2852113246917725
195,950,656,7,149.0,151.0,frequent,True,True,CAFNet-D,-0.3003564476966858,0.9238581657409668
195,950,656,7,149.0,151.0,frequent,True,True,CAFNet-DG,0.8921246170997621,1.8683994293212889
195,950,656,7,149.0,151.0,frequent,True,True,Global popularity,149.0,151.0
195,950,720,7,149.0,147.0,frequent,True,True,CAFNet,2.6808462142944336,2.7515039443969727
195,950,720,7,149.0,147.0,frequent,True,True,CAFNet-D,-0.3003564476966858,0.739919126033783
195,950,720,7,149.0,147.0,frequent,True,True,CAFNet-DG,0.8921246170997621,1.544553053379059
195,950,720,7,149.0,147.0,frequent,True,True,Global popularity,149.0,147.0
195,519,13,7,53.0,53.0,frequent,False,False,CAFNet,0.5884675979614258,0.7518952488899231
195,519,13,7,53.0,53.0,frequent,False,False,CAFNet-D,-0.7457267642021179,-0.6953461766242981
195,519,13,7,53.0,53.0,frequent,False,False,CAFNet-DG,-0.2120490193367004,-0.1164496064186095
195,519,13,7,53.0,53.0,frequent,False,False,Global popularity,53.0,53.0
195,519,540,7,53.0,53.0,frequent,False,False,CAFNet,0.5884675979614258,1.5115104913711548
195,519,540,7,53.0,53.0,frequent,False,False,CAFNet-D,-0.7457267642021179,-1.4547698497772217
195,519,540,7,53.0,53.0,frequent,False,False,CAFNet-DG,-0.2120490193367004,-0.2682577133178709
195,519,540,7,53.0,53.0,frequent,False,False,Global popularity,53.0,53.0
195,519,943,7,53.0,53.0,frequent,False,False,CAFNet,0.5884675979614258,0.3318854868412018
195,519,943,7,53.0,53.0,frequent,False,False,CAFNet-D,-0.7457267642021179,-3.406657457351685
195,519,943,7,53.0,53.0,frequent,False,False,CAFNet-DG,-0.2120490193367004,-1.9112402796745305
195,519,943,7,53.0,53.0,frequent,False,False,Global popularity,53.0,53.0
195,519,278,7,53.0,54.0,frequent,False,False,CAFNet,0.5884675979614258,0.6802647113800049
195,519,278,7,53.0,54.0,frequent,False,False,CAFNet-D,-0.7457267642021179,-2.7064449787139893
195,519,278,7,53.0,54.0,frequent,False,False,CAFNet-DG,-0.2120490193367004,-1.3517611026763916
195,519,278,7,53.0,54.0,frequent,False,False,Global popularity,53.0,54.0
195,519,557,7,53.0,54.0,frequent,False,False,CAFNet,0.5884675979614258,0.431316077709198
195,519,557,7,53.0,54.0,frequent,False,False,CAFNet-D,-0.7457267642021179,-3.293384313583374
195,519,557,7,53.0,54.0,frequent,False,False,CAFNet-DG,-0.2120490193367004,-1.8035041570663453
195,519,557,7,53.0,54.0,frequent,False,False,Global popularity,53.0,54.0
498,519,13,1,57.0,57.0,frequent,False,False,CAFNet,1.659782648086548,0.9703657031059264
498,519,13,1,57.0,57.0,frequent,False,False,CAFNet-D,-2.689385414123535,-1.0489345788955688
498,519,13,1,57.0,57.0,frequent,False,False,CAFNet-DG,-0.9497181892395018,-0.2412144660949706
498,519,13,1,57.0,57.0,frequent,False,False,Global popularity,57.0,57.0
498,519,109,1,57.0,57.0,frequent,False,False,CAFNet,1.659782648086548,1.6297963857650757
498,519,109,1,57.0,57.0,frequent,False,False,CAFNet-D,-2.689385414123535,-0.0472570434212684
498,519,109,1,57.0,57.0,frequent,False,False,CAFNet-DG,-0.9497181892395018,0.6235643282532692
498,519,109,1,57.0,57.0,frequent,False,False,Global popularity,57.0,57.0
498,519,689,1,57.0,57.0,frequent,False,False,CAFNet,1.659782648086548,1.84121572971344
498,519,689,1,57.0,57.0,frequent,False,False,CAFNet-D,-2.689385414123535,-2.1796910762786865
498,519,689,1,57.0,57.0,frequent,False,False,CAFNet-DG,-0.9497181892395018,-0.5713283538818359
498,519,689,1,57.0,57.0,frequent,False,False,Global popularity,57.0,57.0
498,519,856,1,57.0,57.0,frequent,False,False,CAFNet,1.659782648086548,1.1364810466766355
498,519,856,1,57.0,57.0,frequent,False,False,CAFNet-D,-2.689385414123535,-0.3354257345199585
498,519,856,1,57.0,57.0,frequent,False,False,CAFNet-DG,-0.9497181892395018,0.2533369779586791
498,519,856,1,57.0,57.0,frequent,False,False,Global popularity,57.0,57.0
498,519,548,1,57.0,56.0,frequent,False,False,CAFNet,1.659782648086548,3.2040581703186035
498,519,548,1,57.0,56.0,frequent,False,False,CAFNet-D,-2.689385414123535,0.0010323524475097
498,519,548,1,57.0,56.0,frequent,False,False,CAFNet-DG,-0.9497181892395018,1.2822426795959474
498,519,548,1,57.0,56.0,frequent,False,False,Global popularity,57.0,56.0
319,132,684,9,97.0,97.0,frequent,True,True,CAFNet,3.764124155044556,3.2307651042938232
319,132,684,9,97.0,97.0,frequent,True,True,CAFNet-D,1.1379382610321045,0.770709216594696
319,132,684,9,97.0,97.0,frequent,True,True,CAFNet-DG,2.188412618637085,1.754731571674347
319,132,684,9,97.0,97.0,frequent,True,True,Global popularity,97.0,97.0
319,132,361,9,97.0,96.0,frequent,True,True,CAFNet,3.764124155044556,2.814136743545532
319,132,361,9,97.0,96.0,frequent,True,True,CAFNet-D,1.1379382610321045,0.0273829251527786
319,132,361,9,97.0,96.0,frequent,True,True,CAFNet-DG,2.188412618637085,1.14208445250988
319,132,361,9,97.0,96.0,frequent,True,True,Global popularity,97.0,96.0
319,132,638,9,97.0,98.0,frequent,True,True,CAFNet,3.764124155044556,0.6896237134933472
319,132,638,9,97.0,98.0,frequent,True,True,CAFNet-D,1.1379382610321045,-1.9656072854995728
319,132,638,9,97.0,98.0,frequent,True,True,CAFNet-DG,2.188412618637085,-0.9035148859024048
319,132,638,9,97.0,98.0,frequent,True,True,Global popularity,97.0,98.0
319,132,204,9,97.0,99.0,frequent,True,True,CAFNet,3.764124155044556,1.613330960273743
319,132,204,9,97.0,99.0,frequent,True,True,CAFNet-D,1.1379382610321045,0.1101365238428115
319,132,204,9,97.0,99.0,frequent,True,True,CAFNet-DG,2.188412618637085,0.7114142984151841
319,132,204,9,97.0,99.0,frequent,True,True,Global popularity,97.0,99.0
319,132,452,9,97.0,95.0,frequent,True,True,CAFNet,3.764124155044556,2.837564468383789
319,132,452,9,97.0,95.0,frequent,True,True,CAFNet-D,1.1379382610321045,0.8478162884712219
319,132,452,9,97.0,95.0,frequent,True,True,CAFNet-DG,2.188412618637085,1.6437155604362488
319,132,452,9,97.0,95.0,frequent,True,True,Global popularity,97.0,95.0
527,80,236,0,392.0,367.0,frequent,True,True,CAFNet,2.8958683013916016,2.3765740394592285
527,80,236,0,392.0,367.0,frequent,True,True,CAFNet-D,2.0297627449035645,1.9172998666763303
527,80,236,0,392.0,367.0,frequent,True,True,CAFNet-DG,2.3762049674987797,2.1010095357894896
527,80,236,0,392.0,367.0,frequent,True,True,Global popularity,392.0,367.0
527,80,2,0,392.0,311.0,frequent,True,True,CAFNet,2.8958683013916016,2.7831828594207764
527,80,2,0,392.0,311.0,frequent,True,True,CAFNet-D,2.0297627449035645,1.7232813835144043
527,80,2,0,392.0,311.0,frequent,True,True,CAFNet-DG,2.3762049674987797,2.147241973876953
527,80,2,0,392.0,311.0,frequent,True,True,Global popularity,392.0,311.0
527,80,364,0,392.0,307.0,frequent,True,True,CAFNet,2.8958683013916016,2.788268566131592
527,80,364,0,392.0,307.0,frequent,True,True,CAFNet-D,2.0297627449035645,1.7357670068740845
527,80,364,0,392.0,307.0,frequent,True,True,CAFNet-DG,2.3762049674987797,2.156767630577088
527,80,364,0,392.0,307.0,frequent,True,True,Global popularity,392.0,307.0
527,80,758,0,392.0,301.0,frequent,True,True,CAFNet,2.8958683013916016,2.6702613830566406
527,80,758,0,392.0,301.0,frequent,True,True,CAFNet-D,2.0297627449035645,1.5408228635787964
527,80,758,0,392.0,301.0,frequent,True,True,CAFNet-DG,2.3762049674987797,1.9925982713699344
527,80,758,0,392.0,301.0,frequent,True,True,Global popularity,392.0,301.0
527,80,604,0,392.0,273.0,frequent,True,True,CAFNet,2.8958683013916016,3.186107635498047
527,80,604,0,392.0,273.0,frequent,True,True,CAFNet-D,2.0297627449035645,1.3080229759216309
527,80,604,0,392.0,273.0,frequent,True,True,CAFNet-DG,2.3762049674987797,2.059256839752197
527,80,604,0,392.0,273.0,frequent,True,True,Global popularity,392.0,273.0
475,234,181,0,135.0,133.0,frequent,True,True,CAFNet,3.50864839553833,2.9592363834381104
475,234,181,0,135.0,133.0,frequent,True,True,CAFNet-D,1.132165551185608,1.0029412508010864
475,234,181,0,135.0,133.0,frequent,True,True,CAFNet-DG,2.0827586889266967,1.785459303855896
475,234,181,0,135.0,133.0,frequent,True,True,Global popularity,135.0,133.0
475,234,688,0,135.0,132.0,frequent,True,True,CAFNet,3.50864839553833,4.05620002746582
475,234,688,0,135.0,132.0,frequent,True,True,CAFNet-D,1.132165551185608,1.2028318643569946
475,234,688,0,135.0,132.0,frequent,True,True,CAFNet-DG,2.0827586889266967,2.344179129600525
475,234,688,0,135.0,132.0,frequent,True,True,Global popularity,135.0,132.0
475,234,832,0,135.0,132.0,frequent,True,True,CAFNet,3.50864839553833,3.206031560897827
475,234,832,0,135.0,132.0,frequent,True,True,CAFNet-D,1.132165551185608,1.129380464553833
475,234,832,0,135.0,132.0,frequent,True,True,CAFNet-DG,2.0827586889266967,1.9600409030914308
475,234,832,0,135.0,132.0,frequent,True,True,Global popularity,135.0,132.0
475,234,199,0,135.0,131.0,frequent,True,True,CAFNet,3.50864839553833,2.0153112411499023
475,234,199,0,135.0,131.0,frequent,True,True,CAFNet-D,1.132165551185608,1.3450847864151
475,234,199,0,135.0,131.0,frequent,True,True,CAFNet-DG,2.0827586889266967,1.613175368309021
475,234,199,0,135.0,131.0,frequent,True,True,Global popularity,135.0,131.0
475,234,28,0,135.0,130.0,frequent,True,True,CAFNet,3.50864839553833,3.0087778568267822
475,234,28,0,135.0,130.0,frequent,True,True,CAFNet-D,1.132165551185608,0.8859778046607971
475,234,28,0,135.0,130.0,frequent,True,True,CAFNet-DG,2.0827586889266967,1.7350978255271912
475,234,28,0,135.0,130.0,frequent,True,True,Global popularity,135.0,130.0
527,28,564,0,130.0,128.0,frequent,True,True,CAFNet,2.193983793258667,2.1531715393066406
527,28,564,0,130.0,128.0,frequent,True,True,CAFNet-D,-0.1341509968042373,0.753645122051239
527,28,564,0,130.0,128.0,frequent,True,True,CAFNet-DG,0.7971029192209245,1.3134556889533997
527,28,564,0,130.0,128.0,frequent,True,True,Global popularity,130.0,128.0
527,28,620,0,130.0,128.0,frequent,True,True,CAFNet,2.193983793258667,1.35841703414917
527,28,620,0,130.0,128.0,frequent,True,True,CAFNet-D,-0.1341509968042373,0.7605903744697571
527,28,620,0,130.0,128.0,frequent,True,True,CAFNet-DG,0.7971029192209245,0.9997210383415224
527,28,620,0,130.0,128.0,frequent,True,True,Global popularity,130.0,128.0
527,28,688,0,130.0,132.0,frequent,True,True,CAFNet,2.193983793258667,1.6843924522399902
527,28,688,0,130.0,132.0,frequent,True,True,CAFNet-D,-0.1341509968042373,1.178381085395813
527,28,688,0,130.0,132.0,frequent,True,True,CAFNet-DG,0.7971029192209245,1.380785632133484
527,28,688,0,130.0,132.0,frequent,True,True,Global popularity,130.0,132.0
527,28,832,0,130.0,132.0,frequent,True,True,CAFNet,2.193983793258667,1.9530141353607176
527,28,832,0,130.0,132.0,frequent,True,True,CAFNet-D,-0.1341509968042373,0.9606777429580688
527,28,832,0,130.0,132.0,frequent,True,True,CAFNet-DG,0.7971029192209245,1.3576122999191282
527,28,832,0,130.0,132.0,frequent,True,True,Global popularity,130.0,132.0
527,28,181,0,130.0,133.0,frequent,True,True,CAFNet,2.193983793258667,2.0364601612091064
527,28,181,0,130.0,133.0,frequent,True,True,CAFNet-D,-0.1341509968042373,0.5520086884498596
527,28,181,0,130.0,133.0,frequent,True,True,CAFNet-DG,0.7971029192209245,1.1457892775535583
527,28,181,0,130.0,133.0,frequent,True,True,Global popularity,130.0,133.0
462,28,539,5,127.0,129.0,frequent,True,True,CAFNet,3.297770738601685,3.074571371078491
462,28,539,5,127.0,129.0,frequent,True,True,CAFNet-D,1.7346205711364746,1.6508386135101318
462,28,539,5,127.0,129.0,frequent,True,True,CAFNet-DG,2.3598806381225588,2.220331716537476
462,28,539,5,127.0,129.0,frequent,True,True,Global popularity,127.0,129.0
462,28,564,5,127.0,125.0,frequent,True,True,CAFNet,3.297770738601685,3.6601884365081774
462,28,564,5,127.0,125.0,frequent,True,True,CAFNet-D,1.7346205711364746,1.9251930713653564
462,28,564,5,127.0,125.0,frequent,True,True,CAFNet-DG,2.3598806381225588,2.619191217422485
462,28,564,5,127.0,125.0,frequent,True,True,Global popularity,127.0,125.0
462,28,181,5,127.0,124.0,frequent,True,True,CAFNet,3.297770738601685,3.0093700885772705
462,28,181,5,127.0,124.0,frequent,True,True,CAFNet-D,1.7346205711364746,1.8851877450942995
462,28,181,5,127.0,124.0,frequent,True,True,CAFNet-DG,2.3598806381225588,2.334860682487488
462,28,181,5,127.0,124.0,frequent,True,True,Global popularity,127.0,124.0
462,28,476,5,127.0,123.0,frequent,True,True,CAFNet,3.297770738601685,3.660672187805176
462,28,476,5,127.0,123.0,frequent,True,True,CAFNet-D,1.7346205711364746,1.9295111894607544
462,28,476,5,127.0,123.0,frequent,True,True,CAFNet-DG,2.3598806381225588,2.6219755887985228
462,28,476,5,127.0,123.0,frequent,True,True,Global popularity,127.0,123.0
462,28,688,5,127.0,133.0,frequent,True,True,CAFNet,3.297770738601685,4.081519603729248
462,28,688,5,127.0,133.0,frequent,True,True,CAFNet-D,1.7346205711364746,0.884893536567688
462,28,688,5,127.0,133.0,frequent,True,True,CAFNet-DG,2.3598806381225588,2.1635439634323124
462,28,688,5,127.0,133.0,frequent,True,True,Global popularity,127.0,133.0
45,269,129,0,265.0,259.0,frequent,True,True,CAFNet,3.530834197998047,3.1766488552093506
45,269,129,0,265.0,259.0,frequent,True,True,CAFNet-D,0.8618826270103455,0.1034699976444244
45,269,129,0,265.0,259.0,frequent,True,True,CAFNet-DG,1.9294632554054263,1.3327415406703949
45,269,129,0,265.0,259.0,frequent,True,True,Global popularity,265.0,259.0
45,269,604,0,265.0,273.0,frequent,True,True,CAFNet,3.530834197998047,2.381763219833374
45,269,604,0,265.0,273.0,frequent,True,True,CAFNet-D,0.8618826270103455,0.12159925699234
45,269,604,0,265.0,273.0,frequent,True,True,CAFNet-DG,1.9294632554054263,1.0256648421287535
45,269,604,0,265.0,273.0,frequent,True,True,Global popularity,265.0,273.0
45,269,207,0,265.0,279.0,frequent,True,True,CAFNet,3.530834197998047,3.694730043411255
45,269,207,0,265.0,279.0,frequent,True,True,CAFNet-D,0.8618826270103455,0.8520336747169495
45,269,207,0,265.0,279.0,frequent,True,True,CAFNet-DG,1.9294632554054263,1.9891122221946715
45,269,207,0,265.0,279.0,frequent,True,True,Global popularity,265.0,279.0
45,269,505,0,265.0,243.0,frequent,True,True,CAFNet,3.530834197998047,3.638407945632935
45,269,505,0,265.0,243.0,frequent,True,True,CAFNet-D,0.8618826270103455,0.4811661541461944
45,269,505,0,265.0,243.0,frequent,True,True,CAFNet-DG,1.9294632554054263,1.744062870740891
45,269,505,0,265.0,243.0,frequent,True,True,Global popularity,265.0,243.0
45,269,683,0,265.0,239.0,frequent,True,True,CAFNet,3.530834197998047,3.905883550643921
45,269,683,0,265.0,239.0,frequent,True,True,CAFNet-D,0.8618826270103455,0.5129810571670532
45,269,683,0,265.0,239.0,frequent,True,True,CAFNet-DG,1.9294632554054263,1.8701420545578
45,269,683,0,265.0,239.0,frequent,True,True,Global popularity,265.0,239.0
487,488,970,5,146.0,144.0,frequent,True,True,CAFNet,3.97933030128479,2.8774194717407227
487,488,970,5,146.0,144.0,frequent,True,True,CAFNet-D,1.6794050931930542,1.000592827796936
487,488,970,5,146.0,144.0,frequent,True,True,CAFNet-DG,2.5993751764297484,1.7513234853744506
487,488,970,5,146.0,144.0,frequent,True,True,Global popularity,146.0,144.0
487,488,53,5,146.0,149.0,frequent,True,True,CAFNet,3.97933030128479,2.298182964324951
487,488,53,5,146.0,149.0,frequent,True,True,CAFNet-D,1.6794050931930542,1.1814603805541992
487,488,53,5,146.0,149.0,frequent,True,True,CAFNet-DG,2.5993751764297484,1.6281494140625
487,488,53,5,146.0,149.0,frequent,True,True,Global popularity,146.0,149.0
487,488,246,5,146.0,142.0,frequent,True,True,CAFNet,3.97933030128479,2.6862130165100098
487,488,246,5,146.0,142.0,frequent,True,True,CAFNet-D,1.6794050931930542,1.3146607875823977
487,488,246,5,146.0,142.0,frequent,True,True,CAFNet-DG,2.5993751764297484,1.8632816791534423
487,488,246,5,146.0,142.0,frequent,True,True,Global popularity,146.0,142.0
487,488,838,5,146.0,142.0,frequent,True,True,CAFNet,3.97933030128479,2.44646430015564
487,488,838,5,146.0,142.0,frequent,True,True,CAFNet-D,1.6794050931930542,1.4382234811782837
487,488,838,5,146.0,142.0,frequent,True,True,CAFNet-DG,2.5993751764297484,1.8415198087692264
487,488,838,5,146.0,142.0,frequent,True,True,Global popularity,146.0,142.0
487,488,950,5,146.0,150.0,frequent,True,True,CAFNet,3.97933030128479,1.6804617643356323
487,488,950,5,146.0,150.0,frequent,True,True,CAFNet-D,1.6794050931930542,0.8436962366104126
487,488,950,5,146.0,150.0,frequent,True,True,CAFNet-DG,2.5993751764297484,1.1784024477005004
487,488,950,5,146.0,150.0,frequent,True,True,Global popularity,146.0,150.0
45,488,599,0,149.0,150.0,frequent,True,True,CAFNet,3.149696588516236,2.324673891067505
45,488,599,0,149.0,150.0,frequent,True,True,CAFNet-D,-0.3336694240570068,-0.0327797532081604
45,488,599,0,149.0,150.0,frequent,True,True,CAFNet-DG,1.0596769809722903,0.9102017045021056
45,488,599,0,149.0,150.0,frequent,True,True,Global popularity,149.0,150.0
45,488,656,0,149.0,148.0,frequent,True,True,CAFNet,3.149696588516236,3.262742519378662
45,488,656,0,149.0,148.0,frequent,True,True,CAFNet-D,-0.3336694240570068,0.195049911737442
45,488,656,0,149.0,148.0,frequent,True,True,CAFNet-DG,1.0596769809722903,1.42212695479393
45,488,656,0,149.0,148.0,frequent,True,True,Global popularity,149.0,148.0
45,488,720,0,149.0,147.0,frequent,True,True,CAFNet,3.149696588516236,2.521690368652344
45,488,720,0,149.0,147.0,frequent,True,True,CAFNet-D,-0.3336694240570068,-0.1302954107522964
45,488,720,0,149.0,147.0,frequent,True,True,CAFNet-DG,1.0596769809722903,0.93049890100956
45,488,720,0,149.0,147.0,frequent,True,True,Global popularity,149.0,147.0
45,488,970,0,149.0,151.0,frequent,True,True,CAFNet,3.149696588516236,2.963503360748291
45,488,970,0,149.0,151.0,frequent,True,True,CAFNet-D,-0.3336694240570068,0.4412907361984253
45,488,970,0,149.0,151.0,frequent,True,True,CAFNet-DG,1.0596769809722903,1.4501757860183715
45,488,970,0,149.0,151.0,frequent,True,True,Global popularity,149.0,151.0
45,488,265,0,149.0,146.0,frequent,True,True,CAFNet,3.149696588516236,3.1211860179901123
45,488,265,0,149.0,146.0,frequent,True,True,CAFNet-D,-0.3336694240570068,0.1935538500547409
45,488,265,0,149.0,146.0,frequent,True,True,CAFNet-DG,1.0596769809722903,1.3646067172288896
45,488,265,0,149.0,146.0,frequent,True,True,Global popularity,149.0,146.0
490,488,342,4,153.0,154.0,frequent,True,True,CAFNet,4.267336845397949,2.8504414558410645
490,488,342,4,153.0,154.0,frequent,True,True,CAFNet-D,0.8476394414901733,0.686420202255249
490,488,342,4,153.0,154.0,frequent,True,True,CAFNet-DG,2.2155184030532835,1.5520287036895752
490,488,342,4,153.0,154.0,frequent,True,True,Global popularity,153.0,154.0
490,488,599,4,153.0,151.0,frequent,True,True,CAFNet,4.267336845397949,2.508796215057373
490,488,599,4,153.0,151.0,frequent,True,True,CAFNet-D,0.8476394414901733,0.4825880527496338
490,488,599,4,153.0,151.0,frequent,True,True,CAFNet-DG,2.2155184030532835,1.2930713176727295
490,488,599,4,153.0,151.0,frequent,True,True,Global popularity,153.0,151.0
490,488,656,4,153.0,156.0,frequent,True,True,CAFNet,4.267336845397949,3.3066229820251465
490,488,656,4,153.0,156.0,frequent,True,True,CAFNet-D,0.8476394414901733,0.6501671671867371
490,488,656,4,153.0,156.0,frequent,True,True,CAFNet-DG,2.2155184030532835,1.712749493122101
490,488,656,4,153.0,156.0,frequent,True,True,Global popularity,153.0,156.0
490,488,885,4,153.0,149.0,frequent,True,True,CAFNet,4.267336845397949,3.4666411876678467
490,488,885,4,153.0,149.0,frequent,True,True,CAFNet-D,0.8476394414901733,0.0497770905494689
490,488,885,4,153.0,149.0,frequent,True,True,CAFNet-DG,2.2155184030532835,1.41652272939682
490,488,885,4,153.0,149.0,frequent,True,True,Global popularity,153.0,149.0
490,488,930,4,153.0,148.0,frequent,True,True,CAFNet,4.267336845397949,2.937817335128784
490,488,930,4,153.0,148.0,frequent,True,True,CAFNet-D,0.8476394414901733,-0.687572181224823
490,488,930,4,153.0,148.0,frequent,True,True,CAFNet-DG,2.2155184030532835,0.76258362531662
490,488,930,4,153.0,148.0,frequent,True,True,Global popularity,153.0,148.0
73,488,53,6,156.0,157.0,frequent,True,True,CAFNet,4.228298187255859,2.385483980178833
73,488,53,6,156.0,157.0,frequent,True,True,CAFNet-D,1.169501543045044,0.7432804703712463
73,488,53,6,156.0,157.0,frequent,True,True,CAFNet-DG,2.39302020072937,1.400161874294281
73,488,53,6,156.0,157.0,frequent,True,True,Global popularity,156.0,157.0
73,488,904,6,156.0,157.0,frequent,True,True,CAFNet,4.228298187255859,1.0274640321731567
73,488,904,6,156.0,157.0,frequent,True,True,CAFNet-D,1.169501543045044,0.2228257209062576
73,488,904,6,156.0,157.0,frequent,True,True,CAFNet-DG,2.39302020072937,0.5446810454130173
73,488,904,6,156.0,157.0,frequent,True,True,Global popularity,156.0,157.0
73,488,655,6,156.0,165.0,frequent,True,True,CAFNet,4.228298187255859,2.2821590900421143
73,488,655,6,156.0,165.0,frequent,True,True,CAFNet-D,1.169501543045044,0.8354863524436951
73,488,655,6,156.0,165.0,frequent,True,True,CAFNet-DG,2.39302020072937,1.4141554474830629
73,488,655,6,156.0,165.0,frequent,True,True,Global popularity,156.0,165.0
73,488,937,6,156.0,144.0,frequent,True,True,CAFNet,4.228298187255859,4.107266902923584
73,488,937,6,156.0,144.0,frequent,True,True,CAFNet-D,1.169501543045044,1.1452996730804443
73,488,937,6,156.0,144.0,frequent,True,True,CAFNet-DG,2.39302020072937,2.3300865650177003
73,488,937,6,156.0,144.0,frequent,True,True,Global popularity,156.0,144.0
73,488,180,6,156.0,170.0,frequent,True,True,CAFNet,4.228298187255859,2.2032177448272705
73,488,180,6,156.0,170.0,frequent,True,True,CAFNet-D,1.169501543045044,0.9414482712745668
73,488,180,6,156.0,170.0,frequent,True,True,CAFNet-DG,2.39302020072937,1.4461560606956485
73,488,180,6,156.0,170.0,frequent,True,True,Global popularity,156.0,170.0
27,488,342,6,156.0,151.0,frequent,True,True,CAFNet,3.6709563732147217,4.201432228088379
27,488,342,6,156.0,151.0,frequent,True,True,CAFNet-D,1.8758927583694456,1.894237756729126
27,488,342,6,156.0,151.0,frequent,True,True,CAFNet-DG,2.593918204307556,2.817115545272827
27,488,342,6,156.0,151.0,frequent,True,True,Global popularity,156.0,151.0
27,488,930,6,156.0,140.0,frequent,True,True,CAFNet,3.6709563732147217,5.000767707824707
27,488,930,6,156.0,140.0,frequent,True,True,CAFNet-D,1.8758927583694456,1.422292709350586
27,488,930,6,156.0,140.0,frequent,True,True,CAFNet-DG,2.593918204307556,2.8536827087402346
27,488,930,6,156.0,140.0,frequent,True,True,Global popularity,156.0,140.0
27,488,970,6,156.0,139.0,frequent,True,True,CAFNet,3.6709563732147217,3.3461661338806152
27,488,970,6,156.0,139.0,frequent,True,True,CAFNet-D,1.8758927583694456,1.2922601699829102
27,488,970,6,156.0,139.0,frequent,True,True,CAFNet-DG,2.593918204307556,2.1138225555419923
27,488,970,6,156.0,139.0,frequent,True,True,Global popularity,156.0,139.0
27,488,265,6,156.0,138.0,frequent,True,True,CAFNet,3.6709563732147217,3.596604108810425
27,488,265,6,156.0,138.0,frequent,True,True,CAFNet-D,1.8758927583694456,1.4033087491989136
27,488,265,6,156.0,138.0,frequent,True,True,CAFNet-DG,2.593918204307556,2.280626893043518
27,488,265,6,156.0,138.0,frequent,True,True,Global popularity,156.0,138.0
27,488,258,6,156.0,175.0,frequent,True,True,CAFNet,3.6709563732147217,3.866866588592529
27,488,258,6,156.0,175.0,frequent,True,True,CAFNet-D,1.8758927583694456,1.5314695835113523
27,488,258,6,156.0,175.0,frequent,True,True,CAFNet-DG,2.593918204307556,2.4656283855438232
27,488,258,6,156.0,175.0,frequent,True,True,Global popularity,156.0,175.0
527,332,758,0,301.0,301.0,frequent,True,True,CAFNet,2.851088762283325,2.6702613830566406
527,332,758,0,301.0,301.0,frequent,True,True,CAFNet-D,1.879952907562256,1.5408228635787964
527,332,758,0,301.0,301.0,frequent,True,True,CAFNet-DG,2.268407249450684,1.9925982713699344
527,332,758,0,301.0,301.0,frequent,True,True,Global popularity,301.0,301.0
527,332,364,0,301.0,307.0,frequent,True,True,CAFNet,2.851088762283325,2.788268566131592
527,332,364,0,301.0,307.0,frequent,True,True,CAFNet-D,1.879952907562256,1.7357670068740845
527,332,364,0,301.0,307.0,frequent,True,True,CAFNet-DG,2.268407249450684,2.156767630577088
527,332,364,0,301.0,307.0,frequent,True,True,Global popularity,301.0,307.0
527,332,2,0,301.0,311.0,frequent,True,True,CAFNet,2.851088762283325,2.7831828594207764
527,332,2,0,301.0,311.0,frequent,True,True,CAFNet-D,1.879952907562256,1.7232813835144043
527,332,2,0,301.0,311.0,frequent,True,True,CAFNet-DG,2.268407249450684,2.147241973876953
527,332,2,0,301.0,311.0,frequent,True,True,Global popularity,301.0,311.0
527,332,604,0,301.0,273.0,frequent,True,True,CAFNet,2.851088762283325,3.186107635498047
527,332,604,0,301.0,273.0,frequent,True,True,CAFNet-D,1.879952907562256,1.3080229759216309
527,332,604,0,301.0,273.0,frequent,True,True,CAFNet-DG,2.268407249450684,2.059256839752197
527,332,604,0,301.0,273.0,frequent,True,True,Global popularity,301.0,273.0
527,332,129,0,301.0,259.0,frequent,True,True,CAFNet,2.851088762283325,2.767301559448242
527,332,129,0,301.0,259.0,frequent,True,True,CAFNet-D,1.879952907562256,0.8115472197532654
527,332,129,0,301.0,259.0,frequent,True,True,CAFNet-DG,2.268407249450684,1.5938489556312565
527,332,129,0,301.0,259.0,frequent,True,True,Global popularity,301.0,259.0
45,252,243,0,442.0,417.0,frequent,True,True,CAFNet,3.5447654724121094,4.014337062835693
45,252,243,0,442.0,417.0,frequent,True,True,CAFNet-D,1.6173393726348877,1.2856601476669312
45,252,243,0,442.0,417.0,frequent,True,True,CAFNet-DG,2.3883098125457765,2.377130913734436
45,252,243,0,442.0,417.0,frequent,True,True,Global popularity,442.0,417.0
45,252,978,0,442.0,403.0,frequent,True,True,CAFNet,3.5447654724121094,3.890709161758423
45,252,978,0,442.0,403.0,frequent,True,True,CAFNet-D,1.6173393726348877,1.4023277759552002
45,252,978,0,442.0,403.0,frequent,True,True,CAFNet-DG,2.3883098125457765,2.397680330276489
45,252,978,0,442.0,403.0,frequent,True,True,Global popularity,442.0,403.0
45,252,236,0,442.0,367.0,frequent,True,True,CAFNet,3.5447654724121094,3.6828668117523193
45,252,236,0,442.0,367.0,frequent,True,True,CAFNet-D,1.6173393726348877,1.1747314929962158
45,252,236,0,442.0,367.0,frequent,True,True,CAFNet-DG,2.3883098125457765,2.1779856204986574
45,252,236,0,442.0,367.0,frequent,True,True,Global popularity,442.0,367.0
45,252,758,0,442.0,301.0,frequent,True,True,CAFNet,3.5447654724121094,3.871959209442138
45,252,758,0,442.0,301.0,frequent,True,True,CAFNet-D,1.6173393726348877,0.567277193069458
45,252,758,0,442.0,301.0,frequent,True,True,CAFNet-DG,2.3883098125457765,1.88914999961853
45,252,758,0,442.0,301.0,frequent,True,True,Global popularity,442.0,301.0
45,252,207,0,442.0,279.0,frequent,True,True,CAFNet,3.5447654724121094,3.694730043411255
45,252,207,0,442.0,279.0,frequent,True,True,CAFNet-D,1.6173393726348877,0.8520336747169495
45,252,207,0,442.0,279.0,frequent,True,True,CAFNet-DG,2.3883098125457765,1.9891122221946715
45,252,207,0,442.0,279.0,frequent,True,True,Global popularity,442.0,279.0
558,156,110,6,29.0,29.0,frequent,False,False,CAFNet,1.4894860982894895,1.3175268173217771
558,156,110,6,29.0,29.0,frequent,False,False,CAFNet-D,-3.649052619934082,-2.7042877674102783
558,156,110,6,29.0,29.0,frequent,False,False,CAFNet-DG,-1.5936371326446532,-1.0955619335174562
558,156,110,6,29.0,29.0,frequent,False,False,Global popularity,29.0,29.0
558,156,126,6,29.0,29.0,frequent,False,False,CAFNet,1.4894860982894895,1.324623942375183
558,156,126,6,29.0,29.0,frequent,False,False,CAFNet-D,-3.649052619934082,-3.1204710006713867
558,156,126,6,29.0,29.0,frequent,False,False,CAFNet-DG,-1.5936371326446532,-1.3424330234527586
558,156,126,6,29.0,29.0,frequent,False,False,Global popularity,29.0,29.0
558,156,155,6,29.0,29.0,frequent,False,False,CAFNet,1.4894860982894895,1.3559733629226685
558,156,155,6,29.0,29.0,frequent,False,False,CAFNet-D,-3.649052619934082,0.258285641670227
558,156,155,6,29.0,29.0,frequent,False,False,CAFNet-DG,-1.5936371326446532,0.6973607301712037
558,156,155,6,29.0,29.0,frequent,False,False,Global popularity,29.0,29.0
558,156,247,6,29.0,29.0,frequent,False,False,CAFNet,1.4894860982894895,0.4201829433441162
558,156,247,6,29.0,29.0,frequent,False,False,CAFNet-D,-3.649052619934082,-0.3997327089309692
558,156,247,6,29.0,29.0,frequent,False,False,CAFNet-DG,-1.5936371326446532,-0.071766448020935
558,156,247,6,29.0,29.0,frequent,False,False,Global popularity,29.0,29.0
558,156,271,6,29.0,29.0,frequent,False,False,CAFNet,1.4894860982894895,1.2224148511886597
558,156,271,6,29.0,29.0,frequent,False,False,CAFNet-D,-3.649052619934082,-0.72674560546875
558,156,271,6,29.0,29.0,frequent,False,False,CAFNet-DG,-1.5936371326446532,0.0529185771942138
558,156,271,6,29.0,29.0,frequent,False,False,Global popularity,29.0,29.0
542,445,468,5,191.0,191.0,frequent,True,True,CAFNet,3.4896790981292725,3.3635053634643555
542,445,468,5,191.0,191.0,frequent,True,True,CAFNet-D,1.6591542959213257,1.1612498760223389
542,445,468,5,191.0,191.0,frequent,True,True,CAFNet-DG,2.3913642168045044,2.042152070999146
542,445,468,5,191.0,191.0,frequent,True,True,Global popularity,191.0,191.0
542,445,607,5,191.0,188.0,frequent,True,True,CAFNet,3.4896790981292725,3.1455607414245605
542,445,607,5,191.0,188.0,frequent,True,True,CAFNet-D,1.6591542959213257,1.8361321687698364
542,445,607,5,191.0,188.0,frequent,True,True,CAFNet-DG,2.3913642168045044,2.359903597831726
542,445,607,5,191.0,188.0,frequent,True,True,Global popularity,191.0,188.0
542,445,35,5,191.0,178.0,frequent,True,True,CAFNet,3.4896790981292725,3.0374557971954346
542,445,35,5,191.0,178.0,frequent,True,True,CAFNet-D,1.6591542959213257,0.7451034784317017
542,445,35,5,191.0,178.0,frequent,True,True,CAFNet-DG,2.3913642168045044,1.6620444059371948
542,445,35,5,191.0,178.0,frequent,True,True,Global popularity,191.0,178.0
542,445,180,5,191.0,165.0,frequent,True,True,CAFNet,3.4896790981292725,3.759503126144409
542,445,180,5,191.0,165.0,frequent,True,True,CAFNet-D,1.6591542959213257,1.606795072555542
542,445,180,5,191.0,165.0,frequent,True,True,CAFNet-DG,2.3913642168045044,2.467878293991089
542,445,180,5,191.0,165.0,frequent,True,True,Global popularity,191.0,165.0
542,445,655,5,191.0,165.0,frequent,True,True,CAFNet,3.4896790981292725,3.103278636932373
542,445,655,5,191.0,165.0,frequent,True,True,CAFNet-D,1.6591542959213257,1.3676048517227173
542,445,655,5,191.0,165.0,frequent,True,True,CAFNet-DG,2.3913642168045044,2.06187436580658
542,445,655,5,191.0,165.0,frequent,True,True,Global popularity,191.0,165.0
527,861,607,0,198.0,200.0,frequent,True,True,CAFNet,1.4991711378097534,3.043974161148072
527,861,607,0,198.0,200.0,frequent,True,True,CAFNet-D,1.5466853380203247,1.1524248123168943
527,861,607,0,198.0,200.0,frequent,True,True,CAFNet-DG,1.5276796579360965,1.9090445518493653
527,861,607,0,198.0,200.0,frequent,True,True,Global popularity,198.0,200.0
527,861,468,0,198.0,194.0,frequent,True,True,CAFNet,1.4991711378097534,1.9622199535369875
527,861,468,0,198.0,194.0,frequent,True,True,CAFNet-D,1.5466853380203247,1.1600141525268557
527,861,468,0,198.0,194.0,frequent,True,True,CAFNet-DG,1.5276796579360965,1.4808964729309086
527,861,468,0,198.0,194.0,frequent,True,True,Global popularity,198.0,194.0
527,861,445,0,198.0,193.0,frequent,True,True,CAFNet,1.4991711378097534,2.4656693935394287
527,861,445,0,198.0,193.0,frequent,True,True,CAFNet-D,1.5466853380203247,1.040552258491516
527,861,445,0,198.0,193.0,frequent,True,True,CAFNet-DG,1.5276796579360965,1.610599112510681
527,861,445,0,198.0,193.0,frequent,True,True,Global popularity,198.0,193.0
527,861,35,0,198.0,185.0,frequent,True,True,CAFNet,1.4991711378097534,2.6283605098724365
527,861,35,0,198.0,185.0,frequent,True,True,CAFNet-D,1.5466853380203247,-0.1254338920116424
527,861,35,0,198.0,185.0,frequent,True,True,CAFNet-DG,1.5276796579360965,0.9760838687419892
527,861,35,0,198.0,185.0,frequent,True,True,Global popularity,198.0,185.0
527,861,74,0,198.0,215.0,frequent,True,True,CAFNet,1.4991711378097534,2.969977140426636
527,861,74,0,198.0,215.0,frequent,True,True,CAFNet-D,1.5466853380203247,0.9141122102737428
527,861,74,0,198.0,215.0,frequent,True,True,CAFNet-DG,1.5276796579360965,1.7364581823349
527,861,74,0,198.0,215.0,frequent,True,True,Global popularity,198.0,215.0
527,21,146,0,115.0,114.0,frequent,True,True,CAFNet,1.8107054233551023,1.8014709949493408
527,21,146,0,115.0,114.0,frequent,True,True,CAFNet-D,0.9822628498077391,0.7111517190933228
527,21,146,0,115.0,114.0,frequent,True,True,CAFNet-DG,1.3136398792266843,1.14727942943573
527,21,146,0,115.0,114.0,frequent,True,True,Global popularity,115.0,114.0
527,21,733,0,115.0,114.0,frequent,True,True,CAFNet,1.8107054233551023,1.715945839881897
527,21,733,0,115.0,114.0,frequent,True,True,CAFNet-D,0.9822628498077391,-0.0945014804601669
527,21,733,0,115.0,114.0,frequent,True,True,CAFNet-DG,1.3136398792266843,0.6296774476766588
527,21,733,0,115.0,114.0,frequent,True,True,Global popularity,115.0,114.0
527,21,631,0,115.0,112.0,frequent,True,True,CAFNet,1.8107054233551023,1.8813871145248413
527,21,631,0,115.0,112.0,frequent,True,True,CAFNet-D,0.9822628498077391,0.9726523160934448
527,21,631,0,115.0,112.0,frequent,True,True,CAFNet-DG,1.3136398792266843,1.3361462354660034
527,21,631,0,115.0,112.0,frequent,True,True,Global popularity,115.0,112.0
527,21,491,0,115.0,119.0,frequent,True,True,CAFNet,1.8107054233551023,2.0607218742370605
527,21,491,0,115.0,119.0,frequent,True,True,CAFNet-D,0.9822628498077391,0.7746517658233643
527,21,491,0,115.0,119.0,frequent,True,True,CAFNet-DG,1.3136398792266843,1.289079809188843
527,21,491,0,115.0,119.0,frequent,True,True,Global popularity,115.0,119.0
527,21,551,0,115.0,119.0,frequent,True,True,CAFNet,1.8107054233551023,1.998625636100769
527,21,551,0,115.0,119.0,frequent,True,True,CAFNet-D,0.9822628498077391,0.978065550327301
527,21,551,0,115.0,119.0,frequent,True,True,CAFNet-DG,1.3136398792266843,1.3862895846366885
527,21,551,0,115.0,119.0,frequent,True,True,Global popularity,115.0,119.0
527,53,904,0,160.0,159.0,frequent,True,True,CAFNet,2.582403421401977,1.8136224746704104
527,53,904,0,160.0,159.0,frequent,True,True,CAFNet-D,0.9609739780426024,-0.365838348865509
527,53,904,0,160.0,159.0,frequent,True,True,CAFNet-DG,1.6095457553863524,0.5059459805488589
527,53,904,0,160.0,159.0,frequent,True,True,Global popularity,160.0,159.0
527,53,342,0,160.0,156.0,frequent,True,True,CAFNet,2.582403421401977,2.3855698108673096
527,53,342,0,160.0,156.0,frequent,True,True,CAFNet-D,0.9609739780426024,1.0570262670516968
527,53,342,0,160.0,156.0,frequent,True,True,CAFNet-DG,1.6095457553863524,1.5884436845779415
527,53,342,0,160.0,156.0,frequent,True,True,Global popularity,160.0,156.0
527,53,432,0,160.0,166.0,frequent,True,True,CAFNet,2.582403421401977,1.795956254005432
527,53,432,0,160.0,166.0,frequent,True,True,CAFNet-D,0.9609739780426024,1.2015314102172852
527,53,432,0,160.0,166.0,frequent,True,True,CAFNet-DG,1.6095457553863524,1.4393013477325438
527,53,432,0,160.0,166.0,frequent,True,True,Global popularity,160.0,166.0
527,53,950,0,160.0,153.0,frequent,True,True,CAFNet,2.582403421401977,1.5924755334854126
527,53,950,0,160.0,153.0,frequent,True,True,CAFNet-D,0.9609739780426024,0.6391114592552185
527,53,950,0,160.0,153.0,frequent,True,True,CAFNet-DG,1.6095457553863524,1.020457088947296
527,53,950,0,160.0,153.0,frequent,True,True,Global popularity,160.0,153.0
527,53,970,0,160.0,151.0,frequent,True,True,CAFNet,2.582403421401977,2.3242506980896
527,53,970,0,160.0,151.0,frequent,True,True,CAFNet-D,0.9609739780426024,1.2757782936096191
527,53,970,0,160.0,151.0,frequent,True,True,CAFNet-DG,1.6095457553863524,1.6951672554016115
527,53,970,0,160.0,151.0,frequent,True,True,Global popularity,160.0,151.0
220,53,488,1,155.0,153.0,frequent,True,True,CAFNet,2.1997439861297607,3.590252637863159
220,53,488,1,155.0,153.0,frequent,True,True,CAFNet-D,1.061100959777832,1.8802651166915887
220,53,488,1,155.0,153.0,frequent,True,True,CAFNet-DG,1.5165581703186035,2.564260125160217
220,53,488,1,155.0,153.0,frequent,True,True,Global popularity,155.0,153.0
220,53,656,1,155.0,152.0,frequent,True,True,CAFNet,2.1997439861297607,3.084564685821533
220,53,656,1,155.0,152.0,frequent,True,True,CAFNet-D,1.061100959777832,1.4123135805130005
220,53,656,1,155.0,152.0,frequent,True,True,CAFNet-DG,1.5165581703186035,2.0812140226364138
220,53,656,1,155.0,152.0,frequent,True,True,Global popularity,155.0,152.0
220,53,950,1,155.0,159.0,frequent,True,True,CAFNet,2.1997439861297607,1.9426660537719729
220,53,950,1,155.0,159.0,frequent,True,True,CAFNet-D,1.061100959777832,1.0960813760757446
220,53,950,1,155.0,159.0,frequent,True,True,CAFNet-DG,1.5165581703186035,1.434715247154236
220,53,950,1,155.0,159.0,frequent,True,True,Global popularity,155.0,159.0
220,53,655,1,155.0,162.0,frequent,True,True,CAFNet,2.1997439861297607,2.1417081356048584
220,53,655,1,155.0,162.0,frequent,True,True,CAFNet-D,1.061100959777832,1.564198613166809
220,53,655,1,155.0,162.0,frequent,True,True,CAFNet-DG,1.5165581703186035,1.7952024221420286
220,53,655,1,155.0,162.0,frequent,True,True,Global popularity,155.0,162.0
220,53,720,1,155.0,148.0,frequent,True,True,CAFNet,2.1997439861297607,3.794208288192749
220,53,720,1,155.0,148.0,frequent,True,True,CAFNet-D,1.061100959777832,1.516818642616272
220,53,720,1,155.0,148.0,frequent,True,True,CAFNet-DG,1.5165581703186035,2.427774500846863
220,53,720,1,155.0,148.0,frequent,True,True,Global popularity,155.0,148.0
527,193,516,0,45.0,45.0,frequent,False,False,CAFNet,1.6815454959869385,1.31585431098938
527,193,516,0,45.0,45.0,frequent,False,False,CAFNet-D,-0.2525109052658081,0.2043806314468383
527,193,516,0,45.0,45.0,frequent,False,False,CAFNet-DG,0.5211116552352906,0.6489701032638551
527,193,516,0,45.0,45.0,frequent,False,False,Global popularity,45.0,45.0
527,193,590,0,45.0,45.0,frequent,False,False,CAFNet,1.6815454959869385,1.4180084466934204
527,193,590,0,45.0,45.0,frequent,False,False,CAFNet-D,-0.2525109052658081,-0.5374521017074585
527,193,590,0,45.0,45.0,frequent,False,False,CAFNet-DG,0.5211116552352906,0.244732117652893
527,193,590,0,45.0,45.0,frequent,False,False,Global popularity,45.0,45.0
527,193,767,0,45.0,45.0,frequent,False,False,CAFNet,1.6815454959869385,1.138453245162964
527,193,767,0,45.0,45.0,frequent,False,False,CAFNet-D,-0.2525109052658081,-0.7200534343719482
527,193,767,0,45.0,45.0,frequent,False,False,CAFNet-DG,0.5211116552352906,0.0233492374420167
527,193,767,0,45.0,45.0,frequent,False,False,Global popularity,45.0,45.0
527,193,789,0,45.0,45.0,frequent,False,False,CAFNet,1.6815454959869385,1.511950969696045
527,193,789,0,45.0,45.0,frequent,False,False,CAFNet-D,-0.2525109052658081,-0.811665415763855
527,193,789,0,45.0,45.0,frequent,False,False,CAFNet-DG,0.5211116552352906,0.117781138420105
527,193,789,0,45.0,45.0,frequent,False,False,Global popularity,45.0,45.0
527,193,22,0,45.0,44.0,frequent,False,False,CAFNet,1.6815454959869385,1.1253916025161743
527,193,22,0,45.0,44.0,frequent,False,False,CAFNet-D,-0.2525109052658081,-1.001997947692871
527,193,22,0,45.0,44.0,frequent,False,False,CAFNet-DG,0.5211116552352906,-0.1510421276092529
527,193,22,0,45.0,44.0,frequent,False,False,Global popularity,45.0,44.0
475,567,87,0,32.0,32.0,frequent,False,False,CAFNet,2.1757125854492188,1.5686676502227783
475,567,87,0,32.0,32.0,frequent,False,False,CAFNet-D,0.545582115650177,-0.4015852808952331
475,567,87,0,32.0,32.0,frequent,False,False,CAFNet-DG,1.1976343035697936,0.3865158915519715
475,567,87,0,32.0,32.0,frequent,False,False,Global popularity,32.0,32.0
475,567,156,0,32.0,32.0,frequent,False,False,CAFNet,2.1757125854492188,2.1638762950897217
475,567,156,0,32.0,32.0,frequent,False,False,CAFNet-D,0.545582115650177,0.4136518836021423
475,567,156,0,32.0,32.0,frequent,False,False,CAFNet-DG,1.1976343035697936,1.113741648197174
475,567,156,0,32.0,32.0,frequent,False,False,Global popularity,32.0,32.0
475,567,271,0,32.0,32.0,frequent,False,False,CAFNet,2.1757125854492188,2.411240100860596
475,567,271,0,32.0,32.0,frequent,False,False,CAFNet-D,0.545582115650177,0.0847273990511894
475,567,271,0,32.0,32.0,frequent,False,False,CAFNet-DG,1.1976343035697936,1.015332479774952
475,567,271,0,32.0,32.0,frequent,False,False,Global popularity,32.0,32.0
475,567,374,0,32.0,32.0,frequent,False,False,CAFNet,2.1757125854492188,1.9478205442428589
475,567,374,0,32.0,32.0,frequent,False,False,CAFNet-D,0.545582115650177,0.0890929624438285
475,567,374,0,32.0,32.0,frequent,False,False,CAFNet-DG,1.1976343035697936,0.8325839951634407
475,567,374,0,32.0,32.0,frequent,False,False,Global popularity,32.0,32.0
475,567,489,0,32.0,32.0,frequent,False,False,CAFNet,2.1757125854492188,1.9632922410964968
475,567,489,0,32.0,32.0,frequent,False,False,CAFNet-D,0.545582115650177,0.5133997797966003
475,567,489,0,32.0,32.0,frequent,False,False,CAFNet-DG,1.1976343035697936,1.093356764316559
475,567,489,0,32.0,32.0,frequent,False,False,Global popularity,32.0,32.0
475,270,71,0,75.0,75.0,frequent,False,False,CAFNet,3.010893583297729,1.905847191810608
475,270,71,0,75.0,75.0,frequent,False,False,CAFNet-D,0.5115760564804077,0.2734597027301788
475,270,71,0,75.0,75.0,frequent,False,False,CAFNet-DG,1.5113030672073362,0.9264146983623504
475,270,71,0,75.0,75.0,frequent,False,False,Global popularity,75.0,75.0
475,270,43,0,75.0,76.0,frequent,False,False,CAFNet,3.010893583297729,2.9316418170928955
475,270,43,0,75.0,76.0,frequent,False,False,CAFNet-D,0.5115760564804077,0.4669378995895386
475,270,43,0,75.0,76.0,frequent,False,False,CAFNet-DG,1.5113030672073362,1.4528194665908811
475,270,43,0,75.0,76.0,frequent,False,False,Global popularity,75.0,76.0
475,270,83,0,75.0,76.0,frequent,False,False,CAFNet,3.010893583297729,1.99952495098114
475,270,83,0,75.0,76.0,frequent,False,False,CAFNet-D,0.5115760564804077,1.0912485122680664
475,270,83,0,75.0,76.0,frequent,False,False,CAFNet-DG,1.5113030672073362,1.454559087753296
475,270,83,0,75.0,76.0,frequent,False,False,Global popularity,75.0,76.0
475,270,358,0,75.0,76.0,frequent,False,False,CAFNet,3.010893583297729,3.1043975353240967
475,270,358,0,75.0,76.0,frequent,False,False,CAFNet-D,0.5115760564804077,0.5166732668876648
475,270,358,0,75.0,76.0,frequent,False,False,CAFNet-DG,1.5113030672073362,1.5517629742622376
475,270,358,0,75.0,76.0,frequent,False,False,Global popularity,75.0,76.0
475,270,359,0,75.0,74.0,frequent,False,False,CAFNet,3.010893583297729,3.4016120433807373
475,270,359,0,75.0,74.0,frequent,False,False,CAFNet-D,0.5115760564804077,0.6674715876579285
475,270,359,0,75.0,74.0,frequent,False,False,CAFNet-DG,1.5113030672073362,1.761127769947052
475,270,359,0,75.0,74.0,frequent,False,False,Global popularity,75.0,74.0
542,829,800,5,5.0,5.0,rare,False,False,CAFNet,1.0666614770889282,1.4565513134002686
542,829,800,5,5.0,5.0,rare,False,False,CAFNet-D,-4.67338228225708,-0.4338702857494354
542,829,800,5,5.0,5.0,rare,False,False,CAFNet-DG,-2.3773647785186767,0.3222983539104462
542,829,800,5,5.0,5.0,rare,False,False,Global popularity,5.0,5.0
542,829,811,5,5.0,5.0,rare,False,False,CAFNet,1.0666614770889282,0.929467797279358
542,829,811,5,5.0,5.0,rare,False,False,CAFNet-D,-4.67338228225708,-2.4545764923095703
542,829,811,5,5.0,5.0,rare,False,False,CAFNet-DG,-2.3773647785186767,-1.100958776473999
542,829,811,5,5.0,5.0,rare,False,False,Global popularity,5.0,5.0
542,829,816,5,5.0,5.0,rare,False,False,CAFNet,1.0666614770889282,1.4175742864608765
542,829,816,5,5.0,5.0,rare,False,False,CAFNet-D,-4.67338228225708,-3.9152753353118896
542,829,816,5,5.0,5.0,rare,False,False,CAFNet-DG,-2.3773647785186767,-1.7821354866027832
542,829,816,5,5.0,5.0,rare,False,False,Global popularity,5.0,5.0
542,829,855,5,5.0,5.0,rare,False,False,CAFNet,1.0666614770889282,1.4564762115478516
542,829,855,5,5.0,5.0,rare,False,False,CAFNet-D,-4.67338228225708,-2.7015626430511475
542,829,855,5,5.0,5.0,rare,False,False,CAFNet-DG,-2.3773647785186767,-1.038347101211548
542,829,855,5,5.0,5.0,rare,False,False,Global popularity,5.0,5.0
542,829,865,5,5.0,5.0,rare,False,False,CAFNet,1.0666614770889282,0.658672571182251
542,829,865,5,5.0,5.0,rare,False,False,CAFNet-D,-4.67338228225708,-4.321622371673584
542,829,865,5,5.0,5.0,rare,False,False,CAFNet-DG,-2.3773647785186767,-2.32950439453125
542,829,865,5,5.0,5.0,rare,False,False,Global popularity,5.0,5.0
45,409,82,0,62.0,62.0,frequent,False,False,CAFNet,1.4367154836654663,0.5188642144203186
45,409,82,0,62.0,62.0,frequent,False,False,CAFNet-D,-0.7219009399414062,-0.505577564239502
45,409,82,0,62.0,62.0,frequent,False,False,CAFNet-DG,0.1415456295013428,-0.0958008527755736
45,409,82,0,62.0,62.0,frequent,False,False,Global popularity,62.0,62.0
45,409,362,0,62.0,62.0,frequent,False,False,CAFNet,1.4367154836654663,3.0799460411071777
45,409,362,0,62.0,62.0,frequent,False,False,CAFNet-D,-0.7219009399414062,-0.80680251121521
45,409,362,0,62.0,62.0,frequent,False,False,CAFNet-DG,0.1415456295013428,0.7478969097137451
45,409,362,0,62.0,62.0,frequent,False,False,Global popularity,62.0,62.0
45,409,250,0,62.0,63.0,frequent,False,False,CAFNet,1.4367154836654663,1.201057195663452
45,409,250,0,62.0,63.0,frequent,False,False,CAFNet-D,-0.7219009399414062,-0.4240371584892273
45,409,250,0,62.0,63.0,frequent,False,False,CAFNet-DG,0.1415456295013428,0.2260005831718444
45,409,250,0,62.0,63.0,frequent,False,False,Global popularity,62.0,63.0
45,409,327,0,62.0,61.0,frequent,False,False,CAFNet,1.4367154836654663,2.420358896255493
45,409,327,0,62.0,61.0,frequent,False,False,CAFNet-D,-0.7219009399414062,-1.1403510570526123
45,409,327,0,62.0,61.0,frequent,False,False,CAFNet-DG,0.1415456295013428,0.28393292427063
45,409,327,0,62.0,61.0,frequent,False,False,Global popularity,62.0,61.0
45,409,458,0,62.0,61.0,frequent,False,False,CAFNet,1.4367154836654663,1.969165682792664
45,409,458,0,62.0,61.0,frequent,False,False,CAFNet-D,-0.7219009399414062,-0.3722424209117889
45,409,458,0,62.0,61.0,frequent,False,False,CAFNet-DG,0.1415456295013428,0.5643208205699923
45,409,458,0,62.0,61.0,frequent,False,False,Global popularity,62.0,61.0
220,409,85,1,61.0,61.0,frequent,False,False,CAFNet,0.5078269243240356,0.5093457698822021
220,409,85,1,61.0,61.0,frequent,False,False,CAFNet-D,-0.56617671251297,-1.9515800476074217
220,409,85,1,61.0,61.0,frequent,False,False,CAFNet-DG,-0.1365752577781676,-0.967209720611572
220,409,85,1,61.0,61.0,frequent,False,False,Global popularity,61.0,61.0
220,409,250,1,61.0,60.0,frequent,False,False,CAFNet,0.5078269243240356,0.5746870636940002
220,409,250,1,61.0,60.0,frequent,False,False,CAFNet-D,-0.56617671251297,-1.0892653465270996
220,409,250,1,61.0,60.0,frequent,False,False,CAFNet-DG,-0.1365752577781676,-0.4236843824386597
220,409,250,1,61.0,60.0,frequent,False,False,Global popularity,61.0,60.0
220,409,327,1,61.0,60.0,frequent,False,False,CAFNet,0.5078269243240356,1.4519413709640503
220,409,327,1,61.0,60.0,frequent,False,False,CAFNet-D,-0.56617671251297,0.0274356007575988
220,409,327,1,61.0,60.0,frequent,False,False,CAFNet-DG,-0.1365752577781676,0.5972379088401794
220,409,327,1,61.0,60.0,frequent,False,False,Global popularity,61.0,60.0
220,409,362,1,61.0,62.0,frequent,False,False,CAFNet,0.5078269243240356,1.4739760160446167
220,409,362,1,61.0,62.0,frequent,False,False,CAFNet-D,-0.56617671251297,0.4961593449115753
220,409,362,1,61.0,62.0,frequent,False,False,CAFNet-DG,-0.1365752577781676,0.8872860133647918
220,409,362,1,61.0,62.0,frequent,False,False,Global popularity,61.0,62.0
220,409,492,1,61.0,60.0,frequent,False,False,CAFNet,0.5078269243240356,3.157243251800537
220,409,492,1,61.0,60.0,frequent,False,False,CAFNet-D,-0.56617671251297,1.1391949653625488
220,409,492,1,61.0,60.0,frequent,False,False,CAFNet-DG,-0.1365752577781676,1.946414279937744
220,409,492,1,61.0,60.0,frequent,False,False,Global popularity,61.0,60.0
45,688,832,0,132.0,132.0,frequent,True,True,CAFNet,2.1348752975463867,2.399035930633545
45,688,832,0,132.0,132.0,frequent,True,True,CAFNet-D,0.4695690870285034,0.7193377017974854
45,688,832,0,132.0,132.0,frequent,True,True,CAFNet-DG,1.1356915712356568,1.3912169933319092
45,688,832,0,132.0,132.0,frequent,True,True,Global popularity,132.0,132.0
45,688,181,0,132.0,133.0,frequent,True,True,CAFNet,2.1348752975463867,2.025524139404297
45,688,181,0,132.0,133.0,frequent,True,True,CAFNet-D,0.4695690870285034,-0.1133787482976913
45,688,181,0,132.0,133.0,frequent,True,True,CAFNet-DG,1.1356915712356568,0.742182406783104
45,688,181,0,132.0,133.0,frequent,True,True,Global popularity,132.0,133.0
45,688,199,0,132.0,131.0,frequent,True,True,CAFNet,2.1348752975463867,2.11601996421814
45,688,199,0,132.0,131.0,frequent,True,True,CAFNet-D,0.4695690870285034,0.3142727017402649
45,688,199,0,132.0,131.0,frequent,True,True,CAFNet-DG,1.1356915712356568,1.034971606731415
45,688,199,0,132.0,131.0,frequent,True,True,Global popularity,132.0,131.0
45,688,28,0,132.0,130.0,frequent,True,True,CAFNet,2.1348752975463867,2.804246187210083
45,688,28,0,132.0,130.0,frequent,True,True,CAFNet-D,0.4695690870285034,-1.2723087072372437
45,688,28,0,132.0,130.0,frequent,True,True,CAFNet-DG,1.1356915712356568,0.3583132505416871
45,688,28,0,132.0,130.0,frequent,True,True,Global popularity,132.0,130.0
45,688,539,0,132.0,134.0,frequent,True,True,CAFNet,2.1348752975463867,1.9456605911254885
45,688,539,0,132.0,134.0,frequent,True,True,CAFNet-D,0.4695690870285034,-1.4207327365875244
45,688,539,0,132.0,134.0,frequent,True,True,CAFNet-DG,1.1356915712356568,-0.0741754055023191
45,688,539,0,132.0,134.0,frequent,True,True,Global popularity,132.0,134.0
538,789,141,3,49.0,49.0,frequent,False,False,CAFNet,2.834068536758423,0.1395058929920196
538,789,141,3,49.0,49.0,frequent,False,False,CAFNet-D,1.1875793933868408,-3.0106565952301025
538,789,141,3,49.0,49.0,frequent,False,False,CAFNet-DG,1.8461750507354735,-1.7505915999412536
538,789,141,3,49.0,49.0,frequent,False,False,Global popularity,49.0,49.0
538,789,210,3,49.0,49.0,frequent,False,False,CAFNet,2.834068536758423,-0.0219477768987417
538,789,210,3,49.0,49.0,frequent,False,False,CAFNet-D,1.1875793933868408,-3.922249794006348
538,789,210,3,49.0,49.0,frequent,False,False,CAFNet-DG,1.8461750507354735,-2.362128987163305
538,789,210,3,49.0,49.0,frequent,False,False,Global popularity,49.0,49.0
538,789,221,3,49.0,49.0,frequent,False,False,CAFNet,2.834068536758423,0.6389925479888916
538,789,221,3,49.0,49.0,frequent,False,False,CAFNet-D,1.1875793933868408,-3.186433792114258
538,789,221,3,49.0,49.0,frequent,False,False,CAFNet-DG,1.8461750507354735,-1.656263256072998
538,789,221,3,49.0,49.0,frequent,False,False,Global popularity,49.0,49.0
538,789,239,3,49.0,49.0,frequent,False,False,CAFNet,2.834068536758423,0.8908576965332031
538,789,239,3,49.0,49.0,frequent,False,False,CAFNet-D,1.1875793933868408,-0.1724989712238311
538,789,239,3,49.0,49.0,frequent,False,False,CAFNet-DG,1.8461750507354735,0.2528436958789826
538,789,239,3,49.0,49.0,frequent,False,False,Global popularity,49.0,49.0
538,789,310,3,49.0,49.0,frequent,False,False,CAFNet,2.834068536758423,0.312336802482605
538,789,310,3,49.0,49.0,frequent,False,False,CAFNet-D,1.1875793933868408,-4.877420425415039
538,789,310,3,49.0,49.0,frequent,False,False,CAFNet-DG,1.8461750507354735,-2.8015175342559817
538,789,310,3,49.0,49.0,frequent,False,False,Global popularity,49.0,49.0
485,789,223,4,50.0,50.0,frequent,False,False,CAFNet,2.756865978240967,-0.1721406728029251
485,789,223,4,50.0,50.0,frequent,False,False,CAFNet-D,-0.2871794700622558,-3.135709047317505
485,789,223,4,50.0,50.0,frequent,False,False,CAFNet-DG,0.9304387092590334,-1.9502816975116728
485,789,223,4,50.0,50.0,frequent,False,False,Global popularity,50.0,50.0
485,789,447,4,50.0,50.0,frequent,False,False,CAFNet,2.756865978240967,2.093894720077514
485,789,447,4,50.0,50.0,frequent,False,False,CAFNet-D,-0.2871794700622558,0.1502197235822677
485,789,447,4,50.0,50.0,frequent,False,False,CAFNet-DG,0.9304387092590334,0.9276897221803664
485,789,447,4,50.0,50.0,frequent,False,False,Global popularity,50.0,50.0
485,789,566,4,50.0,50.0,frequent,False,False,CAFNet,2.756865978240967,0.6941043138504028
485,789,566,4,50.0,50.0,frequent,False,False,CAFNet-D,-0.2871794700622558,0.4835823476314544
485,789,566,4,50.0,50.0,frequent,False,False,CAFNet-DG,0.9304387092590334,0.5677911341190338
485,789,566,4,50.0,50.0,frequent,False,False,Global popularity,50.0,50.0
485,789,570,4,50.0,50.0,frequent,False,False,CAFNet,2.756865978240967,1.0484031438827517
485,789,570,4,50.0,50.0,frequent,False,False,CAFNet-D,-0.2871794700622558,-0.4358467757701874
485,789,570,4,50.0,50.0,frequent,False,False,CAFNet-DG,0.9304387092590334,0.1578531920909883
485,789,570,4,50.0,50.0,frequent,False,False,Global popularity,50.0,50.0
485,789,723,4,50.0,50.0,frequent,False,False,CAFNet,2.756865978240967,1.7043277025222778
485,789,723,4,50.0,50.0,frequent,False,False,CAFNet-D,-0.2871794700622558,-0.0025634784251451
485,789,723,4,50.0,50.0,frequent,False,False,CAFNet-DG,0.9304387092590334,0.6801929939538242
485,789,723,4,50.0,50.0,frequent,False,False,Global popularity,50.0,50.0
485,531,288,4,6.0,6.0,rare,False,False,CAFNet,2.208512783050537,1.1019268035888672
485,531,288,4,6.0,6.0,rare,False,False,CAFNet-D,-1.7977557182312012,-3.601343870162964
485,531,288,4,6.0,6.0,rare,False,False,CAFNet-DG,-0.1952483177185057,-1.7200356006622313
485,531,288,4,6.0,6.0,rare,False,False,Global popularity,6.0,6.0
485,531,292,4,6.0,6.0,rare,False,False,CAFNet,2.208512783050537,0.7281332015991211
485,531,292,4,6.0,6.0,rare,False,False,CAFNet-D,-1.7977557182312012,-2.95235276222229
485,531,292,4,6.0,6.0,rare,False,False,CAFNet-DG,-0.1952483177185057,-1.4801583766937256
485,531,292,4,6.0,6.0,rare,False,False,Global popularity,6.0,6.0
485,531,325,4,6.0,6.0,rare,False,False,CAFNet,2.208512783050537,0.6878162622451782
485,531,325,4,6.0,6.0,rare,False,False,CAFNet-D,-1.7977557182312012,-1.850833415985108
485,531,325,4,6.0,6.0,rare,False,False,CAFNet-DG,-0.1952483177185057,-0.8353735446929935
485,531,325,4,6.0,6.0,rare,False,False,Global popularity,6.0,6.0
485,531,343,4,6.0,6.0,rare,False,False,CAFNet,2.208512783050537,0.6483975648880005
485,531,343,4,6.0,6.0,rare,False,False,CAFNet-D,-1.7977557182312012,-2.591348886489868
485,531,343,4,6.0,6.0,rare,False,False,CAFNet-DG,-0.1952483177185057,-1.2954503059387208
485,531,343,4,6.0,6.0,rare,False,False,Global popularity,6.0,6.0
485,531,417,4,6.0,6.0,rare,False,False,CAFNet,2.208512783050537,1.068003535270691
485,531,417,4,6.0,6.0,rare,False,False,CAFNet-D,-1.7977557182312012,0.060777761042118
485,531,417,4,6.0,6.0,rare,False,False,CAFNet-DG,-0.1952483177185057,0.4636680707335472
485,531,417,4,6.0,6.0,rare,False,False,Global popularity,6.0,6.0
244,531,5,2,7.0,7.0,rare,False,False,CAFNet,0.1628722846508026,-1.254443883895874
244,531,5,2,7.0,7.0,rare,False,False,CAFNet-D,-0.515285074710846,-4.016624927520752
244,531,5,2,7.0,7.0,rare,False,False,CAFNet-DG,-0.2440221309661864,-2.9117525100708006
244,531,5,2,7.0,7.0,rare,False,False,Global popularity,7.0,7.0
244,531,7,2,7.0,7.0,rare,False,False,CAFNet,0.1628722846508026,0.0242461040616035
244,531,7,2,7.0,7.0,rare,False,False,CAFNet-D,-0.515285074710846,-4.070598125457764
244,531,7,2,7.0,7.0,rare,False,False,CAFNet-DG,-0.2440221309661864,-2.4326604336500166
244,531,7,2,7.0,7.0,rare,False,False,Global popularity,7.0,7.0
244,531,16,2,7.0,7.0,rare,False,False,CAFNet,0.1628722846508026,0.0955523625016212
244,531,16,2,7.0,7.0,rare,False,False,CAFNet-D,-0.515285074710846,-2.29091477394104
244,531,16,2,7.0,7.0,rare,False,False,CAFNet-DG,-0.2440221309661864,-1.3363279193639754
244,531,16,2,7.0,7.0,rare,False,False,Global popularity,7.0,7.0
244,531,37,2,7.0,7.0,rare,False,False,CAFNet,0.1628722846508026,0.8747228384017944
244,531,37,2,7.0,7.0,rare,False,False,CAFNet-D,-0.515285074710846,-0.889329195022583
244,531,37,2,7.0,7.0,rare,False,False,CAFNet-DG,-0.2440221309661864,-0.1837083816528319
244,531,37,2,7.0,7.0,rare,False,False,Global popularity,7.0,7.0
244,531,52,2,7.0,7.0,rare,False,False,CAFNet,0.1628722846508026,1.0182173252105713
244,531,52,2,7.0,7.0,rare,False,False,CAFNet-D,-0.515285074710846,-2.657773017883301
244,531,52,2,7.0,7.0,rare,False,False,CAFNet-DG,-0.2440221309661864,-1.187376880645752
244,531,52,2,7.0,7.0,rare,False,False,Global popularity,7.0,7.0
498,491,476,1,120.0,120.0,frequent,True,True,CAFNet,0.5207772850990295,1.4303209781646729
498,491,476,1,120.0,120.0,frequent,True,True,CAFNet-D,0.545341432094574,0.2919314503669739
498,491,476,1,120.0,120.0,frequent,True,True,CAFNet-DG,0.5355157732963562,0.7472872614860534
498,491,476,1,120.0,120.0,frequent,True,True,Global popularity,120.0,120.0
498,491,733,1,120.0,119.0,frequent,True,True,CAFNet,0.5207772850990295,1.229217767715454
498,491,733,1,120.0,119.0,frequent,True,True,CAFNet-D,0.545341432094574,0.3911282420158386
498,491,733,1,120.0,119.0,frequent,True,True,CAFNet-DG,0.5355157732963562,0.7263640522956849
498,491,733,1,120.0,119.0,frequent,True,True,Global popularity,120.0,119.0
498,491,181,1,120.0,122.0,frequent,True,True,CAFNet,0.5207772850990295,1.237199068069458
498,491,181,1,120.0,122.0,frequent,True,True,CAFNet-D,0.545341432094574,0.1525953114032745
498,491,181,1,120.0,122.0,frequent,True,True,CAFNet-DG,0.5355157732963562,0.5864368140697479
498,491,181,1,120.0,122.0,frequent,True,True,Global popularity,120.0,122.0
498,491,564,1,120.0,122.0,frequent,True,True,CAFNet,0.5207772850990295,1.4303208589553833
498,491,564,1,120.0,122.0,frequent,True,True,CAFNet-D,0.545341432094574,0.3376765251159668
498,491,564,1,120.0,122.0,frequent,True,True,CAFNet-DG,0.5355157732963562,0.7747342586517334
498,491,564,1,120.0,122.0,frequent,True,True,Global popularity,120.0,122.0
498,491,620,1,120.0,123.0,frequent,True,True,CAFNet,0.5207772850990295,1.2142008543014526
498,491,620,1,120.0,123.0,frequent,True,True,CAFNet-D,0.545341432094574,0.6320462822914124
498,491,620,1,120.0,123.0,frequent,True,True,CAFNet-DG,0.5355157732963562,0.8649081110954284
498,491,620,1,120.0,123.0,frequent,True,True,Global popularity,120.0,123.0
73,373,124,6,28.0,28.0,frequent,False,False,CAFNet,1.454059600830078,1.2432461977005005
73,373,124,6,28.0,28.0,frequent,False,False,CAFNet-D,-2.7925355434417725,-0.8510352969169617
73,373,124,6,28.0,28.0,frequent,False,False,CAFNet-DG,-1.093897485733032,-0.0133226990699767
73,373,124,6,28.0,28.0,frequent,False,False,Global popularity,28.0,28.0
73,373,344,6,28.0,28.0,frequent,False,False,CAFNet,1.454059600830078,0.3404720425605774
73,373,344,6,28.0,28.0,frequent,False,False,CAFNet-D,-2.7925355434417725,-1.6641552448272705
73,373,344,6,28.0,28.0,frequent,False,False,CAFNet-DG,-1.093897485733032,-0.8623043298721313
73,373,344,6,28.0,28.0,frequent,False,False,Global popularity,28.0,28.0
73,373,395,6,28.0,28.0,frequent,False,False,CAFNet,1.454059600830078,0.2757604718208313
73,373,395,6,28.0,28.0,frequent,False,False,CAFNet-D,-2.7925355434417725,-2.257760524749756
73,373,395,6,28.0,28.0,frequent,False,False,CAFNet-DG,-1.093897485733032,-1.244352126121521
73,373,395,6,28.0,28.0,frequent,False,False,Global popularity,28.0,28.0
73,373,437,6,28.0,28.0,frequent,False,False,CAFNet,1.454059600830078,1.633353590965271
73,373,437,6,28.0,28.0,frequent,False,False,CAFNet-D,-2.7925355434417725,-1.4675527811050415
73,373,437,6,28.0,28.0,frequent,False,False,CAFNet-DG,-1.093897485733032,-0.2271902322769164
73,373,437,6,28.0,28.0,frequent,False,False,Global popularity,28.0,28.0
73,373,461,6,28.0,28.0,frequent,False,False,CAFNet,1.454059600830078,0.9434075355529784
73,373,461,6,28.0,28.0,frequent,False,False,CAFNet-D,-2.7925355434417725,-3.761573076248169
73,373,461,6,28.0,28.0,frequent,False,False,CAFNet-DG,-1.093897485733032,-1.8795808315277096
73,373,461,6,28.0,28.0,frequent,False,False,Global popularity,28.0,28.0
319,147,22,9,44.0,43.0,frequent,False,False,CAFNet,2.6410014629364014,1.2201968431472778
319,147,22,9,44.0,43.0,frequent,False,False,CAFNet-D,-0.33553147315979,-2.4305758476257324
319,147,22,9,44.0,43.0,frequent,False,False,CAFNet-DG,0.8550817012786867,-0.9702667713165282
319,147,22,9,44.0,43.0,frequent,False,False,Global popularity,44.0,43.0
319,147,279,9,44.0,43.0,frequent,False,False,CAFNet,2.6410014629364014,1.7159905433654783
319,147,279,9,44.0,43.0,frequent,False,False,CAFNet-D,-0.33553147315979,-1.6194581985473633
319,147,279,9,44.0,43.0,frequent,False,False,CAFNet-DG,0.8550817012786867,-0.2852787017822266
319,147,279,9,44.0,43.0,frequent,False,False,Global popularity,44.0,43.0
319,147,310,9,44.0,43.0,frequent,False,False,CAFNet,2.6410014629364014,1.5310850143432615
319,147,310,9,44.0,43.0,frequent,False,False,CAFNet-D,-0.33553147315979,-1.7895387411117554
319,147,310,9,44.0,43.0,frequent,False,False,CAFNet-DG,0.8550817012786867,-0.4612892389297486
319,147,310,9,44.0,43.0,frequent,False,False,Global popularity,44.0,43.0
319,147,435,9,44.0,43.0,frequent,False,False,CAFNet,2.6410014629364014,1.2673510313034058
319,147,435,9,44.0,43.0,frequent,False,False,CAFNet-D,-0.33553147315979,-0.5280764102935791
319,147,435,9,44.0,43.0,frequent,False,False,CAFNet-DG,0.8550817012786867,0.1900945663452148
319,147,435,9,44.0,43.0,frequent,False,False,Global popularity,44.0,43.0
319,147,264,9,44.0,42.0,frequent,False,False,CAFNet,2.6410014629364014,1.1048381328582764
319,147,264,9,44.0,42.0,frequent,False,False,CAFNet-D,-0.33553147315979,-0.6617839336395264
319,147,264,9,44.0,42.0,frequent,False,False,CAFNet-DG,0.8550817012786867,0.0448648929595947
319,147,264,9,44.0,42.0,frequent,False,False,Global popularity,44.0,42.0
73,167,20,6,33.0,33.0,frequent,False,False,CAFNet,2.673950672149658,1.2753300666809082
73,167,20,6,33.0,33.0,frequent,False,False,CAFNet-D,0.088553674519062,-3.2540059089660645
73,167,20,6,33.0,33.0,frequent,False,False,CAFNet-DG,1.1227124735713003,-1.4422715187072752
73,167,20,6,33.0,33.0,frequent,False,False,Global popularity,33.0,33.0
73,167,87,6,33.0,33.0,frequent,False,False,CAFNet,2.673950672149658,0.7416553497314453
73,167,87,6,33.0,33.0,frequent,False,False,CAFNet-D,0.088553674519062,-2.162388324737549
73,167,87,6,33.0,33.0,frequent,False,False,CAFNet-DG,1.1227124735713003,-1.000770854949951
73,167,87,6,33.0,33.0,frequent,False,False,Global popularity,33.0,33.0
73,167,158,6,33.0,33.0,frequent,False,False,CAFNet,2.673950672149658,0.404543787240982
73,167,158,6,33.0,33.0,frequent,False,False,CAFNet-D,0.088553674519062,-0.5807135701179504
73,167,158,6,33.0,33.0,frequent,False,False,CAFNet-DG,1.1227124735713003,-0.1866106271743774
73,167,158,6,33.0,33.0,frequent,False,False,Global popularity,33.0,33.0
73,167,318,6,33.0,33.0,frequent,False,False,CAFNet,2.673950672149658,2.046505689620972
73,167,318,6,33.0,33.0,frequent,False,False,CAFNet-D,0.088553674519062,0.0380112007260322
73,167,318,6,33.0,33.0,frequent,False,False,CAFNet-DG,1.1227124735713003,0.8414089962840081
73,167,318,6,33.0,33.0,frequent,False,False,Global popularity,33.0,33.0
73,167,350,6,33.0,33.0,frequent,False,False,CAFNet,2.673950672149658,2.467649459838867
73,167,350,6,33.0,33.0,frequent,False,False,CAFNet-D,0.088553674519062,-0.2129159718751907
73,167,350,6,33.0,33.0,frequent,False,False,CAFNet-DG,1.1227124735713003,0.8593102008104325
73,167,350,6,33.0,33.0,frequent,False,False,Global popularity,33.0,33.0
585,405,9,1,24.0,24.0,middle,False,False,CAFNet,0.8739163875579834,1.0667957067489624
585,405,9,1,24.0,24.0,middle,False,False,CAFNet-D,-1.0162948369979858,-1.6100132465362549
585,405,9,1,24.0,24.0,middle,False,False,CAFNet-DG,-0.260210347175598,-0.5392896652221679
585,405,9,1,24.0,24.0,middle,False,False,Global popularity,24.0,24.0
585,405,95,1,24.0,24.0,middle,False,False,CAFNet,0.8739163875579834,1.135080337524414
585,405,95,1,24.0,24.0,middle,False,False,CAFNet-D,-1.0162948369979858,-1.7358183860778809
585,405,95,1,24.0,24.0,middle,False,False,CAFNet-DG,-0.260210347175598,-0.5874588966369629
585,405,95,1,24.0,24.0,middle,False,False,Global popularity,24.0,24.0
585,405,282,1,24.0,24.0,middle,False,False,CAFNet,0.8739163875579834,0.3868822157382965
585,405,282,1,24.0,24.0,middle,False,False,CAFNet-D,-1.0162948369979858,-1.4099202156066897
585,405,282,1,24.0,24.0,middle,False,False,CAFNet-DG,-0.260210347175598,-0.6911992430686952
585,405,282,1,24.0,24.0,middle,False,False,Global popularity,24.0,24.0
585,405,293,1,24.0,24.0,middle,False,False,CAFNet,0.8739163875579834,0.5383074879646301
585,405,293,1,24.0,24.0,middle,False,False,CAFNet-D,-1.0162948369979858,-3.045806646347046
585,405,293,1,24.0,24.0,middle,False,False,CAFNet-DG,-0.260210347175598,-1.6121609926223752
585,405,293,1,24.0,24.0,middle,False,False,Global popularity,24.0,24.0
585,405,315,1,24.0,24.0,middle,False,False,CAFNet,0.8739163875579834,0.7741847038269043
585,405,315,1,24.0,24.0,middle,False,False,CAFNet-D,-1.0162948369979858,-3.0946805477142334
585,405,315,1,24.0,24.0,middle,False,False,CAFNet-DG,-0.260210347175598,-1.547134447097778
585,405,315,1,24.0,24.0,middle,False,False,Global popularity,24.0,24.0
220,164,91,1,8.0,8.0,rare,False,False,CAFNet,0.6692046523094177,-0.1233867779374122
220,164,91,1,8.0,8.0,rare,False,False,CAFNet-D,-3.857967853546143,-2.981810569763184
220,164,91,1,8.0,8.0,rare,False,False,CAFNet-DG,-2.0470988512039185,-1.8384410530328752
220,164,91,1,8.0,8.0,rare,False,False,Global popularity,8.0,8.0
220,164,98,1,8.0,8.0,rare,False,False,CAFNet,0.6692046523094177,0.3001447319984436
220,164,98,1,8.0,8.0,rare,False,False,CAFNet-D,-3.857967853546143,-5.015510082244873
220,164,98,1,8.0,8.0,rare,False,False,CAFNet-DG,-2.0470988512039185,-2.8892481565475463
220,164,98,1,8.0,8.0,rare,False,False,Global popularity,8.0,8.0
220,164,100,1,8.0,8.0,rare,False,False,CAFNet,0.6692046523094177,0.4468174874782562
220,164,100,1,8.0,8.0,rare,False,False,CAFNet-D,-3.857967853546143,-3.62603759765625
220,164,100,1,8.0,8.0,rare,False,False,CAFNet-DG,-2.0470988512039185,-1.996895563602448
220,164,100,1,8.0,8.0,rare,False,False,Global popularity,8.0,8.0
220,164,135,1,8.0,8.0,rare,False,False,CAFNet,0.6692046523094177,0.067713014781475
220,164,135,1,8.0,8.0,rare,False,False,CAFNet-D,-3.857967853546143,-4.674355506896973
220,164,135,1,8.0,8.0,rare,False,False,CAFNet-DG,-2.0470988512039185,-2.777528098225593
220,164,135,1,8.0,8.0,rare,False,False,Global popularity,8.0,8.0
220,164,138,1,8.0,8.0,rare,False,False,CAFNet,0.6692046523094177,0.1816989779472351
220,164,138,1,8.0,8.0,rare,False,False,CAFNet-D,-3.857967853546143,-6.117826461791992
220,164,138,1,8.0,8.0,rare,False,False,CAFNet-DG,-2.0470988512039185,-3.5980162858963007
220,164,138,1,8.0,8.0,rare,False,False,Global popularity,8.0,8.0
700,806,128,7,13.0,13.0,middle,False,False,CAFNet,0.7676807641983032,1.008162021636963
700,806,128,7,13.0,13.0,middle,False,False,CAFNet-D,-1.9240721464157104,-3.5221643447875977
700,806,128,7,13.0,13.0,middle,False,False,CAFNet-DG,-0.8473709821701049,-1.7100337982177731
700,806,128,7,13.0,13.0,middle,False,False,Global popularity,13.0,13.0
700,806,192,7,13.0,13.0,middle,False,False,CAFNet,0.7676807641983032,1.4180669784545898
700,806,192,7,13.0,13.0,middle,False,False,CAFNet-D,-1.9240721464157104,-3.294548988342285
700,806,192,7,13.0,13.0,middle,False,False,CAFNet-DG,-0.8473709821701049,-1.4095026016235352
700,806,192,7,13.0,13.0,middle,False,False,Global popularity,13.0,13.0
700,806,214,7,13.0,13.0,middle,False,False,CAFNet,0.7676807641983032,0.6688874959945679
700,806,214,7,13.0,13.0,middle,False,False,CAFNet-D,-1.9240721464157104,-3.957026481628418
700,806,214,7,13.0,13.0,middle,False,False,CAFNet-DG,-0.8473709821701049,-2.1066608905792235
700,806,214,7,13.0,13.0,middle,False,False,Global popularity,13.0,13.0
700,806,230,7,13.0,13.0,middle,False,False,CAFNet,0.7676807641983032,0.0578259639441967
700,806,230,7,13.0,13.0,middle,False,False,CAFNet-D,-1.9240721464157104,-5.138401508331299
700,806,230,7,13.0,13.0,middle,False,False,CAFNet-DG,-0.8473709821701049,-3.0599105194211003
700,806,230,7,13.0,13.0,middle,False,False,Global popularity,13.0,13.0
700,806,231,7,13.0,13.0,middle,False,False,CAFNet,0.7676807641983032,0.6761831045150757
700,806,231,7,13.0,13.0,middle,False,False,CAFNet-D,-1.9240721464157104,-4.087101936340332
700,806,231,7,13.0,13.0,middle,False,False,CAFNet-DG,-0.8473709821701049,-2.1817879199981687
700,806,231,7,13.0,13.0,middle,False,False,Global popularity,13.0,13.0
