model,AP_mean,AP_std,AP_n,nDCG@10_mean,nDCG@10_std,nDCG@10_n,P@15_mean,P@15_std,P@15_n,R@15_mean,R@15_std,R@15_n
CAFNet,0.3543149197498154,0.1825892716237764,225,0.519296977253805,0.29985344322272234,225,0.47970370370370374,0.2807089789518631,225,0.2276698786898432,0.16546865837730154,225
CAFNet-D full,0.4200219898923012,0.19963449501000538,225,0.6434861133572848,0.3034459779547638,225,0.5531851851851852,0.2934147914794115,225,0.2743700744335362,0.18698649119756497,225
CAFNet-D-Ext assoc lambda=0.005,0.410827717809706,0.19384532253073775,225,0.6448178911889327,0.2980584890673859,225,0.5442962962962963,0.28636042458579963,225,0.27152681190727146,0.18416394587046442,225
CAFNet-D-Ext assoc lambda=0.01,0.4090161867553254,0.19282211004632216,225,0.6445640085949267,0.29932163466321465,225,0.5442962962962963,0.2849713002660244,225,0.2724426429914645,0.18537765354830898,225
CAFNet-D-Ext assoc lambda=0.02,0.4117011600925905,0.1947188741290533,225,0.6421555340216896,0.29577845499963434,225,0.5404444444444444,0.2900273659775453,225,0.2679493353771644,0.18441311516621772,225
CAFNet-D-Ext lambda=0.03,0.4116806170643536,0.19290195385735306,225,0.6434130955356216,0.2996161415629035,225,0.544,0.28799526010208887,225,0.2717162313289868,0.18439774858953975,225
CAFNet-D-Ext lambda=0.05,0.4106520507518007,0.19326994140146228,225,0.6427234316689202,0.2993899200736899,225,0.5442962962962963,0.2940182599999597,225,0.2680647785305527,0.18770532999133832,225
CAFNet-D-Ext lambda=0.10,0.407974396075365,0.19515647300063788,225,0.6428923504934936,0.3053910879633041,225,0.5445925925925926,0.2913972300469109,225,0.2699054033757207,0.18375911659336358,225
Global popularity,0.428866120019001,0.1986214374780037,225,0.6490852064665685,0.3063024704490552,225,0.5487407407407409,0.29031941297823716,225,0.27280562150174836,0.18330255559250752,225
