model,valid_pairs,positive_pairs,positive_rate,auroc_global,aupr_global
CAFNet,4384,1102,0.25136861313868614,0.6505898643096426,0.43276426611837177
A3Net,4384,1102,0.25136861313868614,0.6361189173526389,0.38882100542464615
SIDER-popularity,4384,1102,0.25136861313868614,0.6955869943407974,0.5094061316140857
