model,n_drugs,valid_pairs,onsides_positive_pairs,auroc_mean,auroc_std,aupr_mean,aupr_std,hit_rate@5_mean,hit_rate@5_std,enrichment@5_mean,enrichment@5_std,hit_rate@10_mean,hit_rate@10_std,enrichment@10_mean,enrichment@10_std,hit_rate@15_mean,hit_rate@15_std,enrichment@15_mean,enrichment@15_std,hit_rate@20_mean,hit_rate@20_std,enrichment@20_mean,enrichment@20_std
CAFNet,32,4384,1102,0.6712100327329759,0.0921080979594369,0.46502666218264604,0.11399498547480763,0.65625,0.18480591388386797,2.9365569694851072,1.250116770322784,0.590625,0.1802496029256062,2.6177583805609466,1.0915413584553817,0.5562499999999999,0.16383344545440764,2.4091524293087603,0.7822643220134812,0.521875,0.17224209331541876,2.217441074889584,0.6342163149865431
A3Net,32,4384,1102,0.6572522698095796,0.07390194819199428,0.44442313566000374,0.1452447914210634,0.5875,0.29154759474226505,2.451945208969556,1.299743859874157,0.58125,0.27171795148883765,2.4107436629452437,1.2252458628689402,0.55625,0.21526635997007756,2.30537913686844,0.7470600113019455,0.4984375,0.1868604684715827,2.065171633462466,0.5580657613798813
SIDER-popularity,32,4384,1102,0.7109211990802295,0.07465997014364505,0.5449876755876287,0.12056829218010967,0.90625,0.12427207404359505,4.103227994320923,1.415299025596435,0.7093749999999999,0.15103807466993216,3.140380812340102,0.9885337083305029,0.64375,0.1664380151985291,2.7854743091748406,0.7664871417251736,0.5640625,0.16955081786505685,2.39862776753891,0.5935422001957285
