comparison,metric,n_drugs,left_mean,right_mean,mean_difference,wilcoxon_stat,p_value,p_holm_by_comparison
CAFNet vs A3Net,pos_hit_rate,32,0.26377581342796647,0.2524137741096832,0.01136203931828322,160.0,0.6938022506631578,0.6938022506631578
CAFNet vs A3Net,hit_enrichment,32,3.4981735555289943,5.56682427856921,-2.068650723040216,205.0,0.2781296819448471,0.5562593638896942
CAFNet vs A3Net,mean_pos_score,32,2.346224197045082,1.9388840180766111,0.40734017896847036,23.0,2.980232238769531e-07,8.940696716308594e-07
CAFNet vs SIDER-popularity,pos_hit_rate,32,0.26377581342796647,0.304978938960749,-0.04120312553278253,62.0,0.002278642110899479,0.004557284221798958
CAFNet vs SIDER-popularity,hit_enrichment,31,3.507331227827165,4.1654195472178746,-0.6580883193907099,221.0,0.608313562348485,0.608313562348485
CAFNet vs SIDER-popularity,mean_pos_score,32,2.346224197045082,0.3856560481293899,1.9605681489156916,0.0,4.656612873077393e-10,1.3969838619232178e-09
A3Net vs SIDER-popularity,pos_hit_rate,32,0.2524137741096832,0.304978938960749,-0.05256516485106574,57.5,0.0005403471131014399,0.0010806942262028799
A3Net vs SIDER-popularity,hit_enrichment,31,3.488334739168217,4.1654195472178746,-0.6770848080496573,219.0,0.5814498504623771,0.5814498504623771
A3Net vs SIDER-popularity,mean_pos_score,32,1.9388840180766111,0.3856560481293899,1.5532279699472213,0.0,4.656612873077393e-10,1.3969838619232178e-09
