model,AP_mean,nDCG@10_mean,P@15_mean,R@15_mean,matched_AUROC_mean,matched_AUPR_mean,pos_gt_ctrl_rate_mean
CAFNet,0.3543149197498154,0.519296977253805,0.47970370370370374,0.2276698786898432,0.659151793785439,0.6877702281485093,0.6878409732173595
CAFNet-D + ATC,0.3985562100611629,0.6392801424146801,0.5330370370370371,0.26511014240782826,0.6280356817715755,0.6832055393282579,0.6613723210992879
CAFNet-D + ATC+target,0.3967667477147256,0.6348648435004329,0.5339259259259259,0.2665548187662195,0.6294476662997177,0.6826580908414386,0.6667650354621489
CAFNet-D full,0.4200219898923012,0.6434861133572848,0.5531851851851852,0.2743700744335362,0.6647078832465887,0.7055535514344767,0.7086863352361128
Global popularity,0.428866120019001,0.6490852064665685,0.5487407407407409,0.27280562150174836,0.6265585483926182,0.6880085377497097,0.6570685322628247
