model,AP_mean,AP_std,AP_n,nDCG@10_mean,nDCG@10_std,nDCG@10_n,P@15_mean,P@15_std,P@15_n,R@15_mean,R@15_std,R@15_n
CAFNet,0.3543149197498154,0.1825892716237764,225,0.519296977253805,0.29985344322272234,225,0.47970370370370374,0.2807089789518631,225,0.2276698786898432,0.16546865837730154,225
CAFNet-D + ATC,0.3985562100611629,0.19206070834859781,225,0.6392801424146801,0.30371578612705613,225,0.5330370370370371,0.2904906753262471,225,0.26511014240782826,0.1860037351707486,225
CAFNet-D + ATC+target,0.3967667477147256,0.19559627802933013,225,0.6348648435004329,0.3051415105668661,225,0.5339259259259259,0.28347273259249606,225,0.2665548187662195,0.18751530559246574,225
CAFNet-D full,0.4200219898923012,0.19963449501000538,225,0.6434861133572848,0.3034459779547638,225,0.5531851851851852,0.2934147914794115,225,0.2743700744335362,0.18698649119756497,225
Global popularity,0.428866120019001,0.1986214374780037,225,0.6490852064665685,0.3063024704490552,225,0.5487407407407409,0.29031941297823716,225,0.27280562150174836,0.18330255559250752,225
