model,matched_AUROC_mean,matched_AUROC_std,matched_AUROC_n,matched_AUPR_mean,matched_AUPR_std,matched_AUPR_n,pos_gt_ctrl_rate_mean,pos_gt_ctrl_rate_std,pos_gt_ctrl_rate_n,pos_minus_ctrl_score_mean,pos_minus_ctrl_score_std,pos_minus_ctrl_score_n
CAFNet,0.659151793785439,0.1176172597826327,225,0.6877702281485093,0.1054391591926236,225,0.6878409732173595,0.12820994668113683,225,0.6000919243688433,0.45295404091622343,225
CAFNet-D + ATC,0.6280356817715755,0.12512841338622852,225,0.6832055393282579,0.10979770718293842,225,0.6613723210992879,0.15312916434844354,225,0.4014345544360288,0.42529090459397795,225
CAFNet-D + ATC+target,0.6294476662997177,0.12573672721552878,225,0.6826580908414386,0.1099241089145374,225,0.6667650354621489,0.14789079018093793,225,0.4645438648370785,0.49247255116149397,225
CAFNet-D full,0.6647078832465887,0.11536990501166361,225,0.7055535514344767,0.1032535473973955,225,0.7086863352361128,0.13488061178667982,225,0.6418294939121534,0.49573227872143855,225
Global popularity,0.6265585483926182,0.10022683082013911,225,0.6880085377497097,0.0981515398958718,225,0.6570685322628247,0.11925892574280199,225,0.09893473439241152,0.07114847135155032,225
