model,n_matched_rows,n_drugs,n_positive_pairs,external_AUROC,external_AUPR,pos_gt_neg_rate,mean_pos_minus_neg,median_abs_prevalence_diff,mean_abs_prevalence_diff
CAFNet-DG,178415,463,35683,0.518294677315761,0.5174558730309644,0.5310035591177872,0.09916185576988258,0.0014814827591180801,0.017336708663249236
CAFNet,178415,463,35683,0.5166702387763951,0.5171192918365269,0.5220749376453774,0.058982440309938704,0.0014814827591180801,0.017336708663249236
CAFNet-D,178415,463,35683,0.5171210638760173,0.5156387462454141,0.5299386262365833,0.12594813282610953,0.0014814827591180801,0.017336708663249236
Global popularity,178415,463,35683,0.5023299878900065,0.5057843079105466,0.3955328868088446,0.0020226169509526457,0.0014814827591180801,0.017336708663249236
