metric,CAFNet_mean,HSTrans100_mean,delta_H_minus_C,wilcoxon_p,paired_t_p
mAP,0.339073119502883,0.3039306367235671,-0.035142482779315885,0.001953125,2.6522375468522638e-05
AUROC,0.7959555570948507,0.779749054271289,-0.016206502823561543,0.005859375,0.005597018642603406
AUPR,0.2517792687575611,0.2054354422053451,-0.04634382655221604,0.001953125,2.1686795821618947e-05
nDCG@10,0.7206412388265907,0.6981409771618778,-0.02250026166471284,0.16015625,0.12336821678269179
P@15,0.4532444444444444,0.4105777777777776,-0.0426666666666667,0.00390625,0.0006579642446832751
R@15,0.2305076580197599,0.20661876201368648,-0.023888896006073447,0.005859375,0.0010078928327626139
Spearman,0.3857917007060975,0.36389939567733043,-0.02189230502876706,0.193359375,0.08340180415291026
RMSE,1.754173054728129,2.0444570692239186,0.29028401449578956,0.001953125,3.3071300444965667e-07
MAE,1.3939221200000003,1.6386295681810357,0.2447074481810355,0.001953125,7.979391339621854e-06
