prevalence_group,mean,std
frequent,0.5155545949935914,0.004435321912884309
middle,0.5000405162572861,0.00639820636317534
rare,0.48427974581718447,0.007706497453895753
