fold,drug_index,model,macro_AP,nDCG@10,rare_AP,middle_AP,frequent_AP
0,2,CAFNet,0.6506632254235699,0.866947989864271,,,0.6518109393016022
0,2,CAFNet-D,0.500548168787626,0.7065632165480472,,,0.5015365166860862
0,2,CAFNet-DG,0.5887649696851304,0.756902106715231,,,0.5896916056769502
0,2,Group-only,0.4021223830492001,0.5617131059245698,,,0.4029424001670758
0,2,Global gate,0.45644522866748655,0.604685538711841,,,0.4645739145026033
0,2,Drug gate,0.41694609381427206,0.49152618230759804,,,0.4176954466459174
0,2,Drug-stratum gate,0.4938687214505093,0.6122496142821666,,,0.49558574130428196
0,6,CAFNet,0.21952913701059218,0.4537425745411855,,0.009270193670288144,0.2745816733510629
0,6,CAFNet-D,0.16305833749716672,0.31879392588472627,,0.025373220835782834,0.1930089214045722
0,6,CAFNet-DG,0.20817341548240686,0.42492601381667106,,0.025676937441643323,0.24918710618625523
0,6,Group-only,0.23335326444313115,0.4537425745411855,,0.01893910032813994,0.28425650246501827
0,6,Global gate,0.1627725624398444,0.38241471408367794,,0.01467797847108192,0.1980092426857998
0,6,Drug gate,0.1493442464701441,0.30308203017988256,,0.1882051282051282,0.17298418487755854
0,6,Drug-stratum gate,0.23250297836453054,0.4440973278132557,,0.01413878896882494,0.281580638455309
0,22,CAFNet,0.5675506802026319,0.8414929602590189,0.1879817842588501,0.1658398909228422,0.6586275465552971
0,22,CAFNet-D,0.6067662349644718,1.0,0.11637734615675792,0.10979015958625893,0.7136668272928888
0,22,CAFNet-DG,0.6259866226079583,1.0,0.2626872815075062,0.19550702462704692,0.7287609616004838
0,22,Group-only,0.6071166312216691,1.0,0.16633338070377113,0.1140815401836759,0.7194917563961007
0,22,Global gate,0.5922470262482245,1.0,0.12989996467950113,0.08846317516044956,0.7055012241648476
0,22,Drug gate,0.6139841709924769,1.0,0.16145930508502315,0.10199955057939485,0.7149820672874053
0,22,Drug-stratum gate,0.6258153844031329,1.0,0.2770176252319109,0.16072543132540673,0.7222321847649069
0,42,CAFNet,0.087310847678146,0.1388624438735545,0.03018018018018018,0.031502256074843735,0.10669817307959892
0,42,CAFNet-D,0.08891510603116234,0.18844415212771548,0.010048630408892418,0.03596917337924532,0.11024407901533848
0,42,CAFNet-DG,0.09568888364705624,0.2719144540092835,0.012293604441560314,0.038961801825993556,0.11695180326400653
0,42,Group-only,0.1286561150936093,0.2735872697693365,0.016122766122766124,0.03277019289178343,0.15971705120065632
0,42,Global gate,0.13377498150022152,0.2832325164972662,0.04377880184331797,0.011699884854660073,0.16470197749827414
0,42,Drug gate,0.1340516436228914,0.2832325164972662,0.01956686930091185,0.023361697965571204,0.16466884040237584
0,42,Drug-stratum gate,0.1241789048939087,0.2832325164972662,0.015881147540983607,0.009311051403988062,0.16378029233992086
0,45,CAFNet,0.4652930402930403,0.661798907637971,,,0.4656898656898657
0,45,CAFNet-D,0.35064935064935066,0.39755419254520064,,,0.35064935064935066
0,45,CAFNet-DG,0.37390580770371706,0.4457120479482909,,,0.37390580770371706
0,45,Group-only,0.3227374502661545,0.35408660364352723,,,0.32302967703412644
0,45,Global gate,0.31614100185528754,0.35079766177097466,,,0.3161410018552875
0,45,Drug gate,0.40673933531076384,0.3727892582642588,,,0.40673933531076384
0,45,Drug-stratum gate,0.2999176745797133,0.3395985649151266,,,0.2999176745797133
0,53,CAFNet,0.42186687867247596,0.7720617383222416,0.03649425287356322,0.13145502853616534,0.48862136696160574
0,53,CAFNet-D,0.44915057697578414,0.8603818544462509,0.014665889665889668,0.12139139756704444,0.5527611892336757
0,53,CAFNet-DG,0.4960426158704026,0.9266360779006398,0.0173630717108978,0.1903093331593221,0.5828716774066143
0,53,Group-only,0.40098648002831316,0.8318477135310891,0.056896551724137934,0.0584575962273811,0.4654926664672444
0,53,Global gate,0.38892016396276013,0.8318477135310891,0.02284044165403767,0.06144289628246643,0.4594071493706137
0,53,Drug gate,0.44877374799900355,0.9216017310213245,0.012730396751015307,0.11922826001021362,0.5247352578869443
0,53,Drug-stratum gate,0.4882418036314436,0.866947989864271,0.06526429341963322,0.3074947340743328,0.5471571740340573
0,56,CAFNet,0.058490901861972686,0.08514311764162101,0.02116908779536593,0.008881456707543664,0.08258214077705806
0,56,CAFNet-D,0.02703415418856191,0.08514311764162101,0.011226278503273809,0.007650151232134498,0.04287365869764276
0,56,CAFNet-DG,0.03878953875218382,0.1100458831490401,0.011292860842195818,0.007371647424045397,0.057237929005389
0,56,Group-only,0.04263470384678273,0.1100458831490401,0.011544868038582127,0.007418199060559813,0.06579292676704335
0,56,Global gate,0.06401391940531886,0.07839826897867538,0.01846695352233984,0.020550385647216632,0.0857861240537777
0,56,Drug gate,0.06700643256964975,0.0733639220993601,0.04911779368301107,0.023812400903721442,0.08549276196833377
0,56,Drug-stratum gate,0.03240870629393919,0.08514311764162101,0.014633623401421119,0.008806002688855783,0.04690459533432362
0,70,CAFNet,0.3305130178969816,0.7655934900767002,0.16396019429582334,0.052159105255872446,0.4406822916606804
0,70,CAFNet-D,0.3080040445107812,0.596517333399007,0.20933691306851443,0.03717219103948022,0.40763488746732657
0,70,CAFNet-DG,0.32430444307403955,0.5795003533950693,0.26811606079166334,0.045860523992229146,0.42816588767516556
0,70,Group-only,0.31741330853250316,0.6149518506608848,0.1311119680787683,0.0320522650304312,0.4280584347026919
0,70,Global gate,0.2881326420896655,0.6136525857537392,0.08740849384263437,0.046835876855770765,0.38871950453600745
0,70,Drug gate,0.2502959319753275,0.41388361500911724,0.08798364373371523,0.03751454300202838,0.33128917064322905
0,70,Drug-stratum gate,0.22951663541293424,0.4569970750177367,0.03929218507941043,0.019408329379399635,0.31955305415333674
0,89,CAFNet,0.4302271674741926,0.5017100640839689,0.011279977860612392,0.10254465658559195,0.5037160812461126
0,89,CAFNet-D,0.43443549265150344,0.5884674004369674,0.016805158178206023,0.11360691522537547,0.5201051341617045
0,89,CAFNet-DG,0.44907783559517256,0.5708588662113935,0.015524056153741311,0.12054018852327718,0.5171518843178725
0,89,Group-only,0.413627840260855,0.5766692999492191,0.029121622590336578,0.13424787233264274,0.49647705455287117
0,89,Global gate,0.453753272410429,0.6578986223737447,0.009235393526581266,0.08578357368575285,0.5464775543887549
0,89,Drug gate,0.4428644307337287,0.7312625444731049,0.007577892281300458,0.07744553768062729,0.534841914524351
0,89,Drug-stratum gate,0.43571650637512366,0.5072380780124418,0.015986788123011034,0.1545083394433627,0.5013869414420534
0,92,CAFNet,0.5733043529527974,0.8263333286520083,,0.012345679012345678,0.611313528058441
0,92,CAFNet-D,0.5853817499474515,0.7948833326720566,,0.003194888178913738,0.6306089150470356
0,92,CAFNet-DG,0.5985929059450581,0.7975167679274938,,0.003278688524590164,0.6435779021552908
0,92,Group-only,0.5084808069523177,0.6947651160602988,,0.00684931506849315,0.5419183024133876
0,92,Global gate,0.5463349326987887,0.7877736340270853,,0.003367003367003367,0.5819955543607696
0,92,Drug gate,0.5981996220300818,0.7759944384848245,,0.003952569169960474,0.6357399488666001
0,92,Drug-stratum gate,0.5035326592736894,0.6947651160602988,,0.0032258064516129032,0.5416136480068026
0,94,CAFNet,0.3436723081783727,0.5684579545875155,0.0049261083743842365,0.005043769247556925,0.40842707403303824
0,94,CAFNet-D,0.31624888089420805,0.4705561169627618,0.04,0.055319148936170216,0.35789732298825255
0,94,CAFNet-DG,0.3526972510550485,0.6156886473955917,0.03225806451612903,0.02568770226537217,0.40191327495191187
0,94,Group-only,0.3030269250239699,0.5014276442746162,0.017857142857142856,0.03943452380952381,0.3440493707093128
0,94,Global gate,0.28059486841646186,0.4760705018418427,0.012048192771084338,0.028985507246376812,0.3269070290996981
0,94,Drug gate,0.31457629974372114,0.4982506457922279,0.034482758620689655,0.03539978865797816,0.3547507965654141
0,94,Drug-stratum gate,0.2876647570066138,0.542042305486879,0.05263157894736842,0.024877149877149878,0.325178342954476
0,98,CAFNet,0.2491696848893463,0.2940945979596687,,,0.25162623586687527
0,98,CAFNet-D,0.3116816551373033,0.4256628105513781,,,0.3151104275836699
0,98,CAFNet-DG,0.3045172275490423,0.41388361500911724,,,0.3059824290142437
0,98,Group-only,0.3536973518509079,0.542042305486879,,,0.3587826795511323
0,98,Global gate,0.39769302185920086,0.6212166613240647,,,0.39954890448998986
0,98,Drug gate,0.4530631616103645,0.6141069626790936,,,0.45489478724404037
0,98,Drug-stratum gate,0.3497686842763802,0.46081298306235335,,,0.35126995859389837
0,112,CAFNet,0.05603262923093898,0.0,0.15542465753424659,0.19761904761904764,0.025362318840579712
0,112,CAFNet-D,0.19132537686910756,0.06362078819895167,0.630365296803653,0.5333333333333333,0.028671846096929337
0,112,CAFNet-DG,0.10487526905613075,0.0,0.46523809523809523,0.42063492063492064,0.02681010928961749
0,112,Group-only,0.05615386600907001,0.0,0.14605658709106986,0.16581196581196583,0.043859649122807015
0,112,Global gate,0.05906363798689378,0.0,0.15450952756014316,0.1323671497584541,0.030971479500891266
0,112,Drug gate,0.02511398189323658,0.0,0.07610969263233118,0.03785263311557972,0.034922394678492244
0,112,Drug-stratum gate,0.04048112423031064,0.0,0.18484753984753985,0.12087912087912088,0.029289572081429165
0,122,CAFNet,0.4079082207606607,0.5231737964779628,,0.1111111111111111,0.4275529547396224
0,122,CAFNet-D,0.5406436697538105,0.6110191504983019,,0.1111111111111111,0.5660556356453773
0,122,CAFNet-DG,0.564452810658964,0.7116179486056783,,0.2,0.5908477572962819
0,122,Group-only,0.5776378064523231,0.7631925784528222,,0.14285714285714285,0.6067453388955375
0,122,Global gate,0.48744238890200764,0.6371523797895857,,0.07142857142857142,0.5134806148952248
0,122,Drug gate,0.4622125998165036,0.6399441431116327,,0.041666666666666664,0.4883079522524098
0,122,Drug-stratum gate,0.44958661216998225,0.5321408435198609,,0.015151515151515152,0.4769314864640495
0,135,CAFNet,0.3488743540002287,0.7542686714597936,0.02759675796650769,0.03605947381422925,0.47812817686718617
0,135,CAFNet-D,0.34080937810189194,0.6547216238913564,0.2290609197782767,0.05076063275551766,0.45235218265346183
0,135,CAFNet-DG,0.34897245064664895,0.6547216238913564,0.12943641195381106,0.05567138022721779,0.4626978706215489
0,135,Group-only,0.3587981945933314,0.6809047493604335,0.09727623543516542,0.053292896623627684,0.4751390584167886
0,135,Global gate,0.2907408163800041,0.5072380780124418,0.0772826484969019,0.05672740487512691,0.38065604905243844
0,135,Drug gate,0.3607970496109555,0.5708588662113935,0.2203510184905534,0.2787987680822953,0.45014155382450766
0,135,Drug-stratum gate,0.4005507280899941,0.6547216238913564,0.230159931364926,0.29507713938288493,0.5056406027539244
0,162,CAFNet,0.17655256121073276,0.2583297509898471,,0.34523809523809523,0.18301633251028385
0,162,CAFNet-D,0.24408579332821723,0.3693362536342715,,0.32536764705882354,0.26967394865228594
0,162,CAFNet-DG,0.2203404651617919,0.34051969290975714,,0.46875,0.23069318432085936
0,162,Group-only,0.21943487457710698,0.37644595227924266,,0.022183488780127436,0.259272531611214
0,162,Global gate,0.21055042489958065,0.3301376494471203,,0.04452380952380952,0.24377850280479368
0,162,Drug gate,0.27548327991454963,0.48882922182497535,,0.08231195887445887,0.31682871535406704
0,162,Drug-stratum gate,0.20593279417195715,0.3596910069063418,,0.01850866387257956,0.24360082203034586
0,172,CAFNet,0.12771033943224575,0.06625422345438896,0.013888888888888888,,0.13873414346942536
0,172,CAFNet-D,0.16987444331440046,0.3379841448267985,0.0070921985815602835,,0.18544964854699603
0,172,CAFNet-DG,0.19385674458385624,0.3635258198964459,0.008403361344537815,,0.21057316519587335
0,172,Group-only,0.17133228982309223,0.32412959751888176,0.05,,0.18478085693423932
0,172,Global gate,0.16206238618914387,0.32412959751888176,0.004291845493562232,,0.17789059560875334
0,172,Drug gate,0.15859170866145228,0.23758350840568815,0.02702702702702703,,0.17105131454745054
0,172,Drug-stratum gate,0.19448512341245255,0.36680070555131294,0.005405405405405406,,0.21149485086774833
0,179,CAFNet,0.32403376317419763,0.370635518541417,0.004975124378109453,0.01218338023996445,0.36002802199197986
0,179,CAFNet-D,0.3301514276673433,0.7600791051976192,0.006211180124223602,0.009350887135446184,0.3749286799200214
0,179,CAFNet-DG,0.3354097682014541,0.6874708847784538,0.005952380952380952,0.0099975068561456,0.37532137706670804
0,179,Group-only,0.36829342106190543,0.8899541168509599,0.0033222591362126247,0.006079083518107908,0.4100677857016631
0,179,Global gate,0.4233167579211316,0.7885497208855956,0.013157894736842105,0.021135029354207434,0.4620031903163559
0,179,Drug gate,0.4895401922647322,0.8454256604216017,0.005263157894736842,0.009491570423470066,0.5270883993696419
0,179,Drug-stratum gate,0.37668684229151117,0.7721596254947203,0.005780346820809248,0.007172498591116348,0.4164107526732479
0,180,CAFNet,0.04674081445433798,0.0,0.17440711462450592,0.014282111548072591,0.06012862007123565
0,180,CAFNet-D,0.06928660509750677,0.0,0.0351992505102553,0.05996963562753037,0.08145494665199106
0,180,CAFNet-DG,0.06375533088252837,0.0,0.0927216415021293,0.0531785938762683,0.07275305197553791
0,180,Group-only,0.040502225735098124,0.0,0.09385386119257086,0.023275804267074332,0.04451797776105319
0,180,Global gate,0.05294043432407004,0.0,0.0403679541610576,0.04881419234360411,0.05921822219077548
0,180,Drug gate,0.0579460560514615,0.0,0.2262872628726287,0.06557579690662711,0.05817992125675611
0,180,Drug-stratum gate,0.051683590356005775,0.0,0.04516129032258065,0.04507936507936508,0.055299487491650895
0,187,CAFNet,0.4868107360260314,0.6906478832608419,,0.01282051282051282,0.4998835137811622
0,187,CAFNet-D,0.5006088577436363,0.8389574121760602,,0.004329004329004329,0.5190895522214916
0,187,CAFNet-DG,0.5360887615547163,0.8414929602590189,,0.0045045045045045045,0.5521017447795914
0,187,Group-only,0.406995133328588,0.7720617383222416,,0.005405405405405406,0.43467057874312215
0,187,Global gate,0.3992721431054878,0.7034066032439746,,0.004672897196261682,0.420526172013991
0,187,Drug gate,0.5277574992636462,0.8389574121760602,,0.004901960784313725,0.5512949980386301
0,187,Drug-stratum gate,0.4672104175853415,0.8899541168509599,,0.005319148936170213,0.49041498855955107
0,197,CAFNet,0.5851077818822049,0.9305687780632227,,,0.6104291536426308
0,197,CAFNet-D,0.6556851968061217,0.8454256604216017,,,0.6568180016775709
0,197,CAFNet-DG,0.6470525516489875,0.8512360941594274,,,0.6500439295005122
0,197,Group-only,0.5466516757042681,0.7670273914429263,,,0.5502157717846596
0,197,Global gate,0.726222215098047,0.7702043899253147,,,0.7266833675647053
0,197,Drug gate,0.6578603321564368,0.772837825180752,,,0.6598543713483866
0,197,Drug-stratum gate,0.6532485078673129,0.8364586133797036,,,0.6603443043134121
0,202,CAFNet,0.36596020436351795,0.4636440365082036,,,0.36849563655871703
0,202,CAFNet-D,0.46854158912982435,0.5541432109622958,,,0.46854158912982435
0,202,CAFNet-DG,0.5396777761966716,0.642186726668901,,,0.5406637876267619
0,202,Group-only,0.4831748099878552,0.5541432109622958,,,0.4874669330315383
0,202,Global gate,0.5174490471186369,0.642186726668901,,,0.5186111649563703
0,202,Drug gate,0.4876322573937654,0.5637884576902256,,,0.48818102449700684
0,202,Drug-stratum gate,0.5065262462799264,0.6300426811446145,,,0.5207764404381849
0,229,CAFNet,0.1981641722709888,0.27426546945536817,0.0053475935828877,0.012048192771084338,0.23595576797652087
0,229,CAFNet-D,0.3744293507861,0.6745711375739727,0.007692307692307693,0.013888888888888888,0.44123929877156526
0,229,CAFNet-DG,0.34686902164579486,0.5321408435198609,0.007936507936507936,0.014285714285714285,0.4088408386232971
0,229,Group-only,0.3715410214977637,0.5271064966405455,0.004608294930875576,0.03333333333333333,0.430658580526061
0,229,Global gate,0.3365203043787341,0.5423640154200349,0.003861003861003861,0.01694915254237288,0.3955905455541753
0,229,Drug gate,0.3473163887044613,0.5957616317188126,0.00546448087431694,0.034482758620689655,0.4036320502130007
0,229,Drug-stratum gate,0.3544156540676896,0.6025064803817581,0.007352941176470588,0.018518518518518517,0.4149509269227089
0,232,CAFNet,0.3157827259494636,0.3570575716509045,,,0.3234407835691789
0,232,CAFNet-D,0.3677390139679688,0.3469511918686966,,,0.3713133798138015
0,232,CAFNet-DG,0.3720347349852129,0.36837563413888724,,,0.37422098099266465
0,232,Group-only,0.33740808987300125,0.43938854079216266,,,0.3489473781261353
0,232,Global gate,0.3526892556097987,0.39215784798408637,,,0.3574265910212772
0,232,Drug gate,0.35725257778190955,0.3219505391887988,,,0.36230474462739864
0,232,Drug-stratum gate,0.3418314869474323,0.2583297509898471,,,0.3450627209852489
0,243,CAFNet,0.5474394860106035,0.7162874455029681,,,0.554921105005324
0,243,CAFNet-D,0.6177474636838209,0.8701249883466594,,,0.620338344013327
0,243,CAFNet-DG,0.6432538194348835,1.0,,,0.645958168158158
0,243,Group-only,0.6271276443514832,0.9363792118010483,,,0.6322610454387235
0,243,Global gate,0.6107385073292377,0.8643145546088338,,,0.6119584718899966
0,243,Drug gate,0.6590883835098651,0.7909506325094736,,,0.6624585993350351
0,243,Drug-stratum gate,0.6100909929783072,0.793584067764911,,,0.6101880615086896
0,251,CAFNet,0.5042293318148795,0.7015099647232445,,0.09003831417624521,0.5267512724675181
0,251,CAFNet-D,0.47832764540853917,0.7877736340270853,,0.05615942028985507,0.5125286474884295
0,251,CAFNet-DG,0.5198118219308543,0.7280855459907165,,0.10057471264367815,0.5464797927780952
0,251,Group-only,0.5382275590394547,0.7975167679274938,,0.13354700854700854,0.5627195997392389
0,251,Global gate,0.5568607145593396,0.8611375561264455,,0.051250000000000004,0.584453722406886
0,251,Drug gate,0.49191162330964655,0.6371130896657824,,0.03319672131147541,0.5170803996218979
0,251,Drug-stratum gate,0.5187216314894665,0.7162874455029681,,0.11363636363636363,0.5412872748618425
0,255,CAFNet,0.24885025000785352,0.47293279348325773,,0.0056179775280898875,0.27364842186656824
0,255,CAFNet-D,0.28840505129698396,0.46582309483828654,,0.0078125,0.3091884060080961
0,255,CAFNet-DG,0.2861819619724305,0.494639655562801,,0.007518796992481203,0.3074055857260488
0,255,Group-only,0.3303870158653641,0.568003577662161,,0.008771929824561403,0.34933372561737547
0,255,Global gate,0.2812574702508582,0.4288398090337664,,0.017241379310344827,0.3540554671851063
0,255,Drug gate,0.23527711342648583,0.1478294909154527,,0.006711409395973154,0.2494838932936273
0,255,Drug-stratum gate,0.316709734434267,0.5769706247040591,,0.14285714285714285,0.33192289025818417
0,268,CAFNet,0.5652513784492869,1.0,0.003952569169960474,0.06898325668636969,0.6286616379744521
0,268,CAFNet-D,0.5094630686507863,1.0,0.0032679738562091504,0.02908469106246113,0.5914457878952737
0,268,CAFNet-DG,0.5561194363253922,1.0,0.0032679738562091504,0.030924527108790803,0.6233596668594414
0,268,Group-only,0.463451731173602,1.0,0.005681818181818182,0.02744848779155811,0.5798823414216703
0,268,Global gate,0.3731148297743633,0.933745776545611,0.00909090909090909,0.03291015683882839,0.4737737801499393
0,268,Drug gate,0.6379284085420587,1.0,0.010101010101010102,0.037242760721950555,0.6891817270665506
0,268,Drug-stratum gate,0.5472881856938825,1.0,0.011111111111111112,0.03115898158931002,0.633332385818966
0,272,CAFNet,0.01311564385923553,0.0,0.1346938775510204,0.023594660650498214,0.007751937984496124
0,272,CAFNet-D,0.006256459535636544,0.0,0.010759300145312532,0.00956392032991138,0.009259259259259259
0,272,CAFNet-DG,0.008066782237533852,0.0,0.019591266458274133,0.012207602339181285,0.008695652173913044
0,272,Group-only,0.015264696913808948,0.0,0.03347135955831608,0.15555555555555556,0.009259259259259259
0,272,Global gate,0.006954788383156671,0.0,0.012339935461065692,0.01597911892029539,0.009259259259259259
0,272,Drug gate,0.017421632906434358,0.0,0.1819650937297996,0.3333333333333333,0.025
0,272,Drug-stratum gate,0.0159135344230842,0.0,0.03681108163866784,0.125,0.022727272727272728
0,296,CAFNet,0.10587744936683774,0.08514311764162101,0.015625,0.08168994374077211,0.1321734794265919
0,296,CAFNet-D,0.09734857354919141,0.0,0.018518518518518517,0.06019393561360765,0.11210165520686198
0,296,CAFNet-DG,0.10294109635171128,0.06362078819895167,0.02040816326530612,0.07628777804770373,0.11760171733283988
0,296,Group-only,0.10757599543977071,0.07839826897867538,0.008333333333333333,0.04892443029511444,0.13448918431004506
0,296,Global gate,0.08608199194703174,0.0,0.0072992700729927005,0.0371747225242174,0.11079344670503025
0,296,Drug gate,0.09186162238699686,0.09478836436955075,0.041666666666666664,0.03254419700750147,0.11513167685874867
0,296,Drug-stratum gate,0.08845146280881887,0.0,0.015384615384615385,0.04658878384683593,0.10827108614772551
0,330,CAFNet,0.3986900747264933,0.6936634693435662,0.09071561083894561,0.24233058173877206,0.5067047778623373
0,330,CAFNet-D,0.48298058405291167,0.8701249883466594,0.15674882390451453,0.24576406598750278,0.5611019721845758
0,330,CAFNet-DG,0.47447142111864593,0.8630152897016883,0.16212566763810027,0.2554427475292106,0.5458583380938841
0,330,Group-only,0.4811635736944279,0.7819835854675755,0.15773846616117065,0.2947287872905473,0.5428356503116589
0,330,Global gate,0.4192474772974573,0.8701249883466594,0.13631932740242664,0.23098280890131762,0.5265013848001707
0,330,Drug gate,0.5204092931094748,0.8572048559638626,0.12129560001607781,0.31386273702684236,0.5922721825027278
0,330,Drug-stratum gate,0.3873287124163486,0.8364586133797036,0.09120708532196088,0.188744948944108,0.4996981786416576
0,351,CAFNet,0.5363967946891068,0.7799082337019198,0.22598454177401545,0.1204753951892031,0.635324284841931
0,351,CAFNet-D,0.44821614608501525,0.8165901947515998,0.03417691561392475,0.05696252179650765,0.547885868890777
0,351,CAFNet-DG,0.516920742863638,0.7799082337019198,0.2536071747327007,0.07554318648942272,0.6181878734412372
0,351,Group-only,0.45807283011306366,0.8205228949141826,0.15547221692415286,0.06228722884147683,0.557847383193917
0,351,Global gate,0.5642403937183429,0.9052116356304493,0.06283765953026653,0.3955846857047419,0.6507644411615804
0,351,Drug gate,0.5330194498351742,0.7136540102475308,0.3441927990708479,0.1476138700210328,0.623210409779622
0,351,Drug-stratum gate,0.5509666276982657,0.8048109992093389,0.5053763440860215,0.16035372628215097,0.6379204653433849
0,359,CAFNet,0.6562034401608348,0.8553475075669357,,,0.6604763475860734
0,359,CAFNet-D,0.5686890932728658,0.793584067764911,,,0.5707796195995631
0,359,CAFNet-DG,0.6874239500421893,0.9266360779006398,,,0.6901851587941814
0,359,Group-only,0.5098987463955618,0.7222954974312067,,,0.5147139062625053
0,359,Global gate,0.5338850835758446,0.7151857987862356,,,0.5354628149720516
0,359,Drug gate,0.6332370844774488,0.727329844310522,,,0.6356003870516729
0,359,Drug-stratum gate,0.49636510840700215,0.6489315753318465,,,0.49750153651155093
0,364,CAFNet,0.5041338261819512,0.6083169141195838,0.0591336053813631,0.17261173678586889,0.6287531055680027
0,364,CAFNet-D,0.5557174972122099,0.7877736340270853,0.10692796433130718,0.17063502208564763,0.6348911605171759
0,364,CAFNet-DG,0.5616432355111983,0.7241528458281337,0.11911458196140413,0.17594513044562377,0.6357334837741182
0,364,Group-only,0.5982752233505019,0.7799082337019198,0.04816760124376769,0.1329334020366483,0.7071413675727046
0,364,Global gate,0.5704722622720672,0.7065443116025597,0.052287613688027694,0.14788196396791367,0.6620832847190499
0,364,Drug gate,0.4829113446191105,0.7799082337019198,0.24447106182675754,0.1233611521102721,0.5859138172007006
0,364,Drug-stratum gate,0.5240264019334795,0.8899541168509599,0.05019835422846863,0.136727908185519,0.6441469344495674
0,381,CAFNet,0.39676970311745324,0.67269340399873,0.29607684441493815,0.1750190963425204,0.5303294945740393
0,381,CAFNet-D,0.4150405182870418,0.7917063341896682,0.17360948569438706,0.24953218302561753,0.5314172666991035
0,381,CAFNet-DG,0.4464285096538323,0.8482378089219645,0.24539046045578147,0.20655298809960676,0.5647450430432402
0,381,Group-only,0.4034654626099436,0.6468562235661908,0.19988561951640801,0.2237760384052912,0.505990799385685
0,381,Global gate,0.39187664319095883,0.8579809428223729,0.4139443701344915,0.2762472134601011,0.49514920220407643
0,381,Drug gate,0.34382090805767807,0.4631896595828493,0.1951043365594569,0.21320183542692717,0.47026805661546156
0,381,Drug-stratum gate,0.3335733884208447,0.26144322424505007,0.1816747779309778,0.22974664346339913,0.49181757197826403
0,382,CAFNet,0.1104678610600801,0.06362078819895167,,0.04723978456855169,0.1831156359934427
0,382,CAFNet-D,0.3483824387270393,0.5326208815196265,,0.1524654396004169,0.4234902294096569
0,382,CAFNet-DG,0.2749393796453713,0.4440973278132557,,0.09792287322078781,0.3588225141021387
0,382,Group-only,0.36581303929776965,0.5321408435198609,,0.29399977485083867,0.428334738792758
0,382,Global gate,0.15733284637265962,0.16815228646891087,,0.045436324905066224,0.28381218224969124
0,382,Drug gate,0.2807024564109836,0.4381081808305046,,0.11265492765492766,0.33187004075139104
0,382,Drug-stratum gate,0.3467929904338194,0.4690000933206748,,0.2121643870314083,0.39208429238107423
0,405,CAFNet,0.2583582210304974,0.35940858709698914,,0.0066232554365465756,0.28907650675157526
0,405,CAFNet-D,0.4037560728213867,0.7859162856301584,,0.06299840510366826,0.44114342640827736
0,405,CAFNet-DG,0.4376915256299123,0.7222954974312067,,0.02914614121510673,0.47816532533999334
0,405,Group-only,0.49444366047199656,0.727329844310522,,0.006535131535131536,0.5559702124748532
0,405,Global gate,0.4133915238610369,0.772837825180752,,0.012065040650406506,0.4560559617915394
0,405,Drug gate,0.42968785226643635,0.727329844310522,,0.011206896551724138,0.4707949769244279
0,405,Drug-stratum gate,0.509963861787557,0.727329844310522,,0.015460335842501447,0.5665773872466444
0,413,CAFNet,0.1754210937318744,0.36865805394823986,0.0051813471502590676,0.009277045425588968,0.23101114898922387
0,413,CAFNet-D,0.30647701160055296,0.727329844310522,0.0031645569620253164,0.01257933498000013,0.35546322522539764
0,413,CAFNet-DG,0.2760311569575328,0.6117952373568122,0.0031446540880503146,0.012058724861839433,0.31941850501364716
0,413,Group-only,0.258206358637627,0.6830838076905165,0.003048780487804878,0.014862099273960348,0.30087370102833627
0,413,Global gate,0.3133302923666748,0.715550648768261,0.013333333333333334,0.012963623353587903,0.35368050170455495
0,413,Drug gate,0.2788008846671309,0.5478527392247047,0.0038461538461538464,0.020735416834908073,0.31585505574447814
0,413,Drug-stratum gate,0.27114076206483206,0.7034066032439746,0.004761904761904762,0.013052614050425175,0.32514245493094457
0,420,CAFNet,0.7055958588173733,0.933745776545611,,,0.7138233788473123
0,420,CAFNet-D,0.5862503210349341,0.7630946912803435,,,0.5896717200648958
0,420,CAFNet-DG,0.6897524804091727,0.914856882358379,,,0.6923554980709109
0,420,Group-only,0.5767886650683514,0.8454256604216017,,,0.5824502310361894
0,420,Global gate,0.7132992980821209,0.8701249883466594,,,0.7163613264771984
0,420,Drug gate,0.6678653298670609,0.7791714369672127,,,0.6684335041334657
0,420,Drug-stratum gate,0.6604615825677045,0.7967610662472993,,,0.665374195294373
0,421,CAFNet,0.07887592893163817,0.08747171410140814,,0.0034129692832764505,0.09716979578392622
0,421,CAFNet-D,0.07762721197447847,0.1963279042557386,,0.008771929824561403,0.09182854064002427
0,421,CAFNet-DG,0.09328988056233925,0.20865662569078222,,0.006329113924050633,0.11105104572846508
0,421,Group-only,0.0959436513259451,0.1963279042557386,,0.0196078431372549,0.11185052245353752
0,421,Global gate,0.25415084234102636,0.3872487704346732,,0.3333333333333333,0.2959523809523809
0,421,Drug gate,0.16548670816208383,0.22485174766247457,,0.1,0.1894899846731145
0,421,Drug-stratum gate,0.11197988950926915,0.20865662569078222,,0.038461538461538464,0.13004067011419954
0,427,CAFNet,0.06019181127620633,0.1100458831490401,0.011609690594751861,0.00854814059098968,0.08382513116171414
0,427,CAFNet-D,0.04960996764618618,0.08514311764162101,0.007313225306166105,0.0074129746947342815,0.0829985758006726
0,427,CAFNet-DG,0.056922371478367664,0.06943122193677731,0.0073852837360847134,0.007198606271777004,0.07968329693482926
0,427,Group-only,0.08641023950641534,0.08514311764162101,0.13078034682080925,0.007363215672055157,0.10775355877309478
0,427,Global gate,0.09431202583604895,0.07839826897867538,0.03200624512099922,0.028700571238422717,0.10989670609953117
0,427,Drug gate,0.07781877363133442,0.07839826897867538,0.12958715596330275,0.008488046830301419,0.09304444837899552
0,427,Drug-stratum gate,0.06609919889403101,0.0733639220993601,0.2681818181818182,0.007263757829288163,0.08233776716625504
0,428,CAFNet,0.5489232808095351,0.9305687780632227,0.030365780549975057,0.16803966031757356,0.6435990107165329
0,428,CAFNet-D,0.6043881158851047,1.0,0.046983434797000706,0.18927783367103893,0.6711459596298425
0,428,CAFNet-DG,0.6153847355817778,1.0,0.050928635831509445,0.18280944729327347,0.6814995703073818
0,428,Group-only,0.6152722692117231,1.0,0.02943289022298456,0.1793121347741347,0.6875166991676471
0,428,Global gate,0.5838970165029442,1.0,0.022497412008281575,0.13036833410733775,0.6839486214769697
0,428,Drug gate,0.6370543468856401,1.0,0.20571900256258624,0.14685542074219993,0.7176476829453573
0,428,Drug-stratum gate,0.6068963070512592,0.933745776545611,0.11988917161176535,0.16272742792057193,0.6791130121907198
0,429,CAFNet,0.2100978871382965,0.2816575879096919,0.29074074074074074,0.08712121212121213,0.2531075628669667
0,429,CAFNet-D,0.38165858173925726,0.6618313225363276,0.16019271303824148,0.11204819277108434,0.4541225912942619
0,429,CAFNet-DG,0.39968708808788805,0.7084409501232899,0.2643097643097643,0.10897435897435898,0.47620436995719223
0,429,Group-only,0.38170520406853303,0.7280855459907165,0.13589743589743591,0.25952380952380955,0.4502412531181698
0,429,Global gate,0.43844488372852797,0.7753366239771086,0.043384838242394974,0.2570921985815603,0.5305222734537034
0,429,Drug gate,0.40470845813305456,0.6618313225363276,0.05363023762476567,0.5092592592592593,0.48860139446609807
0,429,Drug-stratum gate,0.3510804981161084,0.6313419460517601,0.03053221288515406,0.260752688172043,0.4223357333943128
0,442,CAFNet,0.11629186454836933,0.1794771050858174,,,0.1254159558812233
0,442,CAFNet-D,0.37929876131668266,0.4690000933206748,,,0.38624603332905616
0,442,CAFNet-DG,0.3272672756555156,0.4537425745411855,,,0.3340133394892569
0,442,Group-only,0.371407916978646,0.4537425745411855,,,0.3743122188104138
0,442,Global gate,0.26712173931406447,0.4152807670887413,,,0.29457226902695866
0,442,Drug gate,0.3425043262280785,0.4152807670887413,,,0.34399925710758433
0,442,Drug-stratum gate,0.24486780685164683,0.38824405276699103,,,0.25118000182842093
0,444,CAFNet,0.030896750308515016,0.0,,,0.033203343569800176
0,444,CAFNet-D,0.02616437849656978,0.0,,,0.036095812684047976
0,444,CAFNet-DG,0.036522699701146515,0.0,,,0.040957419631772
0,444,Group-only,0.03519381359965511,0.0,,,0.03735501372322626
0,444,Global gate,0.058946561180167736,0.09803928583135697,,,0.06006886764465298
0,444,Drug gate,0.036152173067526445,0.0,,,0.03837133726216281
0,444,Drug-stratum gate,0.0220509560631591,0.0,,,0.02521359835020081
0,446,CAFNet,0.05133354696676595,0.0,0.008771929824561403,,0.061682404166310933
0,446,CAFNet-D,0.09161309239142812,0.0,0.007407407407407408,,0.109718715393134
0,446,CAFNet-DG,0.06636290432149247,0.0,0.0078125,,0.07863074159429659
0,446,Group-only,0.1498858340407636,0.1963279042557386,0.007352941176470588,,0.18015913663800986
0,446,Global gate,0.07978260699819832,0.0,0.0049504950495049506,,0.09593340562031265
0,446,Drug gate,0.10210117948553128,0.0,0.02564102564102564,,0.12000222000222001
0,446,Drug-stratum gate,0.13375381119538443,0.1963279042557386,0.004273504273504274,,0.16029933323875728
0,463,CAFNet,0.3211598814710355,0.6311443278613471,0.004032258064516129,0.014480089802670447,0.40219463641713254
0,463,CAFNet-D,0.4221879669990653,0.7720617383222416,0.02631578947368421,0.026334429318043893,0.5335145857557342
0,463,CAFNet-DG,0.4629614338314718,0.8643145546088338,0.02127659574468085,0.02593921672869041,0.5761886636903429
0,463,Group-only,0.42899791528195164,0.7849818707050383,0.02857142857142857,0.018145286069814373,0.5418784842738859
0,463,Global gate,0.43458109118081556,0.7849818707050383,0.014492753623188406,0.03222011139415396,0.5371743591287413
0,463,Drug gate,0.4536244357731687,0.793584067764911,0.03125,0.02550262171482808,0.5588038831531843
0,463,Drug-stratum gate,0.43703261509925423,0.7720617383222416,0.14285714285714285,0.02513177513177513,0.5323938311256932
0,472,CAFNet,0.17401805096472478,0.4272444952678763,0.010638297872340425,0.013798216419184162,0.2157640694438161
0,472,CAFNet-D,0.17502389501942522,0.32730659600127,0.1111111111111111,0.07700280511577046,0.22169119475329963
0,472,CAFNet-DG,0.22611709971650126,0.412449713642891,0.2,0.3528516607119227,0.2601791778414845
0,472,Group-only,0.1723567465275533,0.31879392588472627,0.029411764705882353,0.2050342130987292,0.19734915736514316
0,472,Global gate,0.2153080258433076,0.3963918729015093,0.008771929824561403,0.02166746770720475,0.25393647737069314
0,472,Drug gate,0.21522198920297456,0.42492601381667106,0.005405405405405406,0.034390310754788087,0.254252279110734
0,472,Drug-stratum gate,0.1664702697273121,0.34369669139214537,0.0030581039755351682,0.010405957277854,0.20381916546083975
0,474,CAFNet,0.5231923217380279,0.8611375561264455,0.5416666666666666,0.5612073490813648,0.5544635638907869
0,474,CAFNet-D,0.5101043742425757,0.9363792118010483,0.027291105121293797,0.13836032388663969,0.560738983780304
0,474,CAFNet-DG,0.5498263156303078,0.9305687780632227,0.11781609195402298,0.5586759581881533,0.587159596394014
0,474,Group-only,0.5302233025008238,1.0,0.01724646226415094,0.23157637275284335,0.5787501400103355
0,474,Global gate,0.46467169383240253,0.9363792118010483,0.0384963768115942,0.18706453634085213,0.5057041544965254
0,474,Drug gate,0.5567101663833965,1.0,0.054001554001554,0.36477443609022553,0.5926732467180835
0,474,Drug-stratum gate,0.4875083147342955,0.933745776545611,0.04825581395348837,0.29047619047619044,0.5238252955520456
0,475,CAFNet,0.47323775294443565,0.8389574121760602,,0.009877085162423178,0.5003079340283637
0,475,CAFNet-D,0.6062424039245217,1.0,,0.11781609195402298,0.6232691450201322
0,475,CAFNet-DG,0.5856345919715354,1.0,,0.036060606060606064,0.6017519250539901
0,475,Group-only,0.5699846174147414,1.0,,0.010841332580463017,0.5921566442970272
0,475,Global gate,0.5628526268180432,1.0,,0.013621200889547814,0.5799103830301016
0,475,Drug gate,0.4723271262332051,1.0,,0.008939923712650986,0.49882162317948936
0,475,Drug-stratum gate,0.595990034364952,1.0,,0.09191176470588236,0.6124678995364047
0,477,CAFNet,0.28025210379625415,0.23690530871965648,,,0.2811500178727841
0,477,CAFNet-D,0.26789663981383155,0.20641593223508908,,,0.2683224888503481
0,477,CAFNet-DG,0.289035088355275,0.21538297927698716,,,0.28931869584251263
0,477,Group-only,0.14540246535155674,0.08514311764162101,,,0.16400171092461555
0,477,Global gate,0.2063178041858173,0.19930623359011795,,,0.2132089151324871
0,477,Drug gate,0.27562556367195523,0.2816372027313761,,,0.27562556367195523
0,477,Drug-stratum gate,0.2338576563256722,0.2816372027313761,,,0.23511651855630739
0,513,CAFNet,0.5014036575878681,0.5231737964779628,,,0.5014036575878681
0,513,CAFNet-D,0.6163484251669183,0.7125523635307982,,,0.6166546882469041
0,513,CAFNet-DG,0.6164830283834281,0.7058075148678526,,,0.6164830283834283
0,513,Group-only,0.5736067037013763,0.642186726668901,,,0.5739809600596751
0,513,Global gate,0.5682602393614737,0.6489315753318465,,,0.5687061702421872
0,513,Drug gate,0.5578064582731705,0.642186726668901,,,0.557896305532829
0,513,Drug-stratum gate,0.5920722278452542,0.6489315753318465,,,0.5925905691530693
0,527,CAFNet,0.20745784535024417,0.15176219107803549,,,0.22036936438126895
0,527,CAFNet-D,0.4970986998041928,0.642186726668901,,,0.49818129238514763
0,527,CAFNet-DG,0.4480147652804326,0.627507133061656,,,0.45012754006719685
0,527,Group-only,0.4975402813739336,0.6961622681399229,,,0.49794615527621033
0,527,Global gate,0.3325768997340277,0.627507133061656,,,0.3497373499266167
0,527,Drug gate,0.4573243146572799,0.6961622681399229,,,0.4584931139477712
0,527,Drug-stratum gate,0.4759257390210536,0.6489315753318465,,,0.476572412703306
0,563,CAFNet,0.053884455825297044,0.0,0.25588235294117645,0.043478260869565216,0.06067017133871106
0,563,CAFNet-D,0.05347775429516353,0.0,0.011361165470754511,0.008771929824561403,0.06471349198251669
0,563,CAFNet-DG,0.05602476663638693,0.0,0.08691756272401434,0.023255813953488372,0.0626145113634453
0,563,Group-only,0.04389713249543169,0.0,0.011297572670062931,0.007751937984496124,0.05499929138508719
0,563,Global gate,0.06391695522553206,0.0,0.012080897267629162,0.01639344262295082,0.07965255836710554
0,563,Drug gate,0.04756122684788203,0.0,0.017330307406643285,0.023255813953488372,0.0558538122175376
0,563,Drug-stratum gate,0.05607431046497165,0.0,0.017498997192137985,0.043478260869565216,0.06465905759000247
0,565,CAFNet,0.30919674092590965,0.18827853542832323,,,0.30919674092590965
0,565,CAFNet-D,0.6102132435465768,0.5791721115349354,,,0.6102132435465769
0,565,CAFNet-DG,0.5686285392167745,0.5050654558782979,,,0.5686285392167745
0,565,Group-only,0.6185297111326032,0.6362397031144189,,,0.6185297111326034
0,565,Global gate,0.5415544332210999,0.5450265713246939,,,0.5415544332210999
0,565,Drug gate,0.5211387053492316,0.5454162104553232,,,0.5211387053492316
0,565,Drug-stratum gate,0.6485415818749152,0.6161719711764037,,,0.6485415818749152
0,574,CAFNet,0.11869004291320925,0.07839826897867538,,0.04586894586894587,0.1300178106198211
0,574,CAFNet-D,0.0864048509250855,0.0,,0.02487789987789988,0.09658818823956222
0,574,CAFNet-DG,0.09900439091930786,0.0,,0.05253623188405797,0.10794093246169867
0,574,Group-only,0.064497679166783,0.0,,0.013085870680807389,0.07611146653877428
0,574,Global gate,0.07896899132561129,0.0,,0.018147502903600465,0.09054693337542613
0,574,Drug gate,0.07628822880817387,0.0,,0.03075489282385834,0.08347166401677984
0,574,Drug-stratum gate,0.07660076831251134,0.0,,0.5833333333333334,0.07141288135870413
0,582,CAFNet,0.665801822915848,0.7799082337019198,0.2688679245283019,0.5849673202614378,0.692583116847046
0,582,CAFNet-D,0.46707993115428637,0.7605591431973849,0.07025193798449612,0.02483515205873071,0.5021514299901553
0,582,CAFNet-DG,0.5944232692655251,0.7670273914429263,0.5105263157894737,0.3726053639846743,0.6238238393795896
0,582,Group-only,0.5047301217335814,0.6352557412688554,0.05890804597701149,0.22941176470588234,0.5338349988451683
0,582,Global gate,0.5317874501442179,0.7630946912803435,0.1425438596491228,0.0627763041556145,0.578769257647703
0,582,Drug gate,0.5005458227597657,0.7097402150304355,0.05092592592592592,0.3683005038937242,0.5275329079732207
0,582,Drug-stratum gate,0.5324888082077166,0.772837825180752,0.06217807211184694,0.2054560954816709,0.5658913172866674
0,584,CAFNet,0.5392947997445341,0.9305687780632227,0.1318573824988752,0.1202728500759142,0.6617865052247202
0,584,CAFNet-D,0.5790886035567551,1.0,0.08424738512324464,0.14532740852661907,0.7228734288971118
0,584,CAFNet-DG,0.5987053444106457,1.0,0.08536425194197123,0.1486787337487853,0.7194260085167727
0,584,Group-only,0.5835992578155547,0.9305687780632227,0.14569372755041085,0.18728329872872154,0.6997745339982991
0,584,Global gate,0.4844138618560452,0.9363792118010483,0.10928652127833796,0.1427231332642828,0.6614645626602927
0,584,Drug gate,0.623344944425442,1.0,0.11164214005902315,0.12159047036708145,0.7496164591198955
0,584,Drug-stratum gate,0.566175113371884,0.9305687780632227,0.1094660797401514,0.12030453945369679,0.6714728670829037
0,595,CAFNet,0.21260580453718106,0.20511666732794348,0.009259259259259259,0.0034965034965034965,0.23595368278336712
0,595,CAFNet-D,0.26232471697935017,0.4697368900553819,0.025,0.011627906976744186,0.2858488484445523
0,595,CAFNet-DG,0.2921776881693067,0.42492601381667106,0.02631578947368421,0.0078125,0.3158670850020735
0,595,Group-only,0.25612484615783193,0.5730379245414764,0.00423728813559322,0.003703703703703704,0.28308357371717896
0,595,Global gate,0.3034316737447798,0.46299204139243627,0.008403361344537815,0.006535947712418301,0.33041487990042767
0,595,Drug gate,0.24582533150145397,0.4373524791503101,0.017857142857142856,0.004464285714285714,0.27331890124647396
0,595,Drug-stratum gate,0.3412182457155094,0.5580759111248788,0.006172839506172839,0.006993006993006993,0.37149528557665934
0,608,CAFNet,0.20779151565471074,0.23680742154717782,0.18577139886881583,0.015779101176527702,0.2799067120435993
0,608,CAFNet-D,0.26059626970205046,0.309352116739158,0.015309726015926556,0.027820955231510076,0.3496386519799427
0,608,CAFNet-DG,0.24897328656442055,0.2915590498767101,0.016433076370102953,0.02449707206448798,0.33429285472611664
0,608,Group-only,0.21160374216293223,0.3667803203729971,0.019705592265078654,0.030484874325381665,0.28920480162096535
0,608,Global gate,0.24822889576889567,0.3164618153841292,0.0206452872254727,0.022690461704897753,0.3329674541005579
0,608,Drug gate,0.25679871752355127,0.2915590498767101,0.09929504534933542,0.03073794762958055,0.34021533533975057
0,608,Drug-stratum gate,0.24003326518618504,0.2344065099232998,0.02868597440981614,0.052790186538655304,0.314051742338241
0,632,CAFNet,0.5740317672417923,0.7624164915943118,,,0.581042808907916
0,632,CAFNet-D,0.6035227588069608,0.9052116356304493,,,0.6044937079337087
0,632,CAFNet-DG,0.6469928645558272,0.8579809428223729,,,0.6484241974373646
0,632,Group-only,0.6372475196840659,0.835780413693672,,,0.6415346092158589
0,632,Global gate,0.605522178078308,0.835780413693672,,,0.6080176521776599
0,632,Drug gate,0.649789112002075,0.835780413693672,,,0.6515542601066916
0,632,Drug-stratum gate,0.6619787877940052,0.835780413693672,,,0.6639571519238563
0,666,CAFNet,0.37869750652049317,0.4526016377006498,0.015873015873015872,,0.3951769504070924
0,666,CAFNet-D,0.41014488838767343,0.7027284035579431,0.02564102564102564,,0.4236698618064266
0,666,CAFNet-DG,0.44777072320954,0.7065443116025597,0.037037037037037035,,0.4626763536917625
0,666,Group-only,0.3814601182570984,0.49545888247018083,0.0035460992907801418,,0.4005077863373909
0,666,Global gate,0.42961739606917304,0.5658245193320781,0.003436426116838488,,0.4521802150695067
0,666,Drug gate,0.40395621030362355,0.685119869332369,0.004651162790697674,,0.4266685887296098
0,666,Drug-stratum gate,0.40118735350810725,0.47870393709728,0.0033783783783783786,,0.42558958815000575
0,674,CAFNet,0.3333862806731024,0.29996554548763327,,,0.3333862806731024
0,674,CAFNet-D,0.49934014474244354,0.602901209526604,,,0.5000366361135304
0,674,CAFNet-DG,0.41610369688602544,0.4825458856047934,,,0.41610369688602544
0,674,Group-only,0.45850315050461804,0.5112287106166447,,,0.4585031505046181
0,674,Global gate,0.4501521497833579,0.5272212687399005,,,0.4501521497833579
0,674,Drug gate,0.5090574641464068,0.623375087796189,,,0.5091672095371005
0,674,Drug-stratum gate,0.5602850399419026,0.6834241245923783,,,0.5602850399419026
0,676,CAFNet,0.07092181708079699,0.0,,,0.07134140320857367
0,676,CAFNet-D,0.12208355500050325,0.22924436334369874,,,0.12287818120833509
0,676,CAFNet-DG,0.11271925382906055,0.13120507751234178,,,0.11296871926027938
0,676,Group-only,0.11234821206781676,0.12081130269949425,,,0.11347606423242533
0,676,Global gate,0.0994888777200226,0.12081130269949425,,,0.0997987194190818
0,676,Drug gate,0.09210522140383046,0.12081130269949425,,,0.09300221020404505
0,676,Drug-stratum gate,0.11927279438907346,0.23330247263525328,,,0.11976363762389965
0,682,CAFNet,0.5250800697016159,0.6809047493604335,,0.03023735810113519,0.5574946962097754
0,682,CAFNet-D,0.5143759399914146,0.8579809428223729,,0.011297572670062931,0.5540768215836451
0,682,CAFNet-DG,0.5771313159905798,0.9266360779006398,,0.0122486165474423,0.6177084408286346
0,682,Group-only,0.47881032558993,0.8512360941594274,,0.01076007326007326,0.5182297925213162
0,682,Global gate,0.36481031957436333,0.6281649475693718,,0.005625919621476587,0.39821395181426605
0,682,Drug gate,0.44195051158222187,0.7162874455029681,,0.011076225361939647,0.4767787895080981
0,682,Drug-stratum gate,0.6221342783322567,0.8701249883466594,,0.023522614724331464,0.660822920962567
0,686,CAFNet,0.40692307692307694,0.5050778624218062,,,0.40692307692307694
0,686,CAFNet-D,1.0,0.9999999999999999,,,1.0
0,686,CAFNet-DG,0.9266666666666665,0.9747429528567877,,,0.9266666666666665
0,686,Group-only,1.0,0.9999999999999999,,,1.0
0,686,Global gate,1.0,0.9999999999999999,,,1.0
0,686,Drug gate,1.0,0.9999999999999999,,,1.0
0,686,Drug-stratum gate,1.0,0.9999999999999999,,,1.0
0,692,CAFNet,0.2786342893964779,0.2816575879096919,,0.014084507042253521,0.2976309367939778
0,692,CAFNet-D,0.41244296052386126,0.5669450709942981,,0.029411764705882353,0.4256835611850981
0,692,CAFNet-DG,0.38745433015091274,0.4857157485697724,,0.03225806451612903,0.3998988308882502
0,692,Group-only,0.3893912615737504,0.611755947233009,,0.016129032258064516,0.401259690212526
0,692,Global gate,0.3833489351032619,0.6267310462031457,,0.007407407407407408,0.39815659289118216
0,692,Drug gate,0.3950031970058785,0.6363762929310754,,0.007142857142857143,0.4079262761659844
0,692,Drug-stratum gate,0.36981856356088505,0.6461194268314838,,0.018518518518518517,0.38280387602156063
0,702,CAFNet,0.23631060904930984,0.45718160765461063,0.0034129692832764505,0.0344029094029094,0.2702081536014195
0,702,CAFNet-D,0.3514213349697977,0.6410457898283652,0.004310344827586207,0.013939643459068566,0.39692357894007196
0,702,CAFNet-DG,0.3224111487561643,0.5774250016294136,0.004,0.01621417797888386,0.36341705255010376
0,702,Group-only,0.33832615035733377,0.6410457898283652,0.004464285714285714,0.02195672544509754,0.3941392958065729
0,702,Global gate,0.3350000109927897,0.5716145678915879,0.0033333333333333335,0.020193204873655998,0.3802886988184966
0,702,Drug gate,0.3387829857627809,0.6410457898283652,0.004424778761061947,0.015084499853853645,0.3850258326878222
0,702,Drug-stratum gate,0.33695789443957946,0.5774250016294136,0.005,0.014695410438167546,0.3938692847210752
0,713,CAFNet,0.5253341331840751,0.522032859637427,,,0.5286512785721298
0,713,CAFNet-D,0.5389524529603184,0.5861163849908828,,,0.5395372827061301
0,713,CAFNet-DG,0.6624694259883606,0.7849818707050383,,,0.663211156374772
0,713,Group-only,0.5566788083868737,0.6363762929310754,,,0.5604490545496577
0,713,Global gate,0.5690100074035992,0.6332196796270029,,,0.5720726753204022
0,713,Drug gate,0.48685544516687207,0.5572998242663684,,,0.4873135611970508
0,713,Drug-stratum gate,0.5495041080707029,0.6025064803817581,,,0.5514779477016727
0,725,CAFNet,0.5201121661375118,0.5801476231864475,,0.008333333333333333,0.5576394047237719
0,725,CAFNet-D,0.35242947520199147,0.4074153667635757,,0.012658227848101266,0.37779691467464677
0,725,CAFNet-DG,0.40078208095563467,0.46299204139243627,,0.012987012987012988,0.4287699861072859
0,725,Group-only,0.3849004101911016,0.412449713642891,,0.013513513513513514,0.4130581743591445
0,725,Global gate,0.4784529355488619,0.6311443278613471,,0.009708737864077669,0.5127583460827829
0,725,Drug gate,0.39091839193010597,0.4131279133289227,,0.009708737864077669,0.41904289884138357
0,725,Drug-stratum gate,0.3843559683690544,0.4131279133289227,,0.006711409395973154,0.4125770928242962
0,726,CAFNet,0.1341920840689843,0.1388624438735545,0.005494505494505495,0.008620689655172414,0.15467514044259537
0,726,CAFNet-D,0.18640889777409644,0.38459377241376086,0.043478260869565216,0.004739336492890996,0.2080506772597983
0,726,CAFNet-DG,0.17853597520202194,0.3125291152215463,0.04,0.0049504950495049506,0.19897591133000228
0,726,Group-only,0.10485355762357394,0.1388624438735545,0.014492753623188406,0.016129032258064516,0.14393325709831556
0,726,Global gate,0.2250389705783253,0.4818998405251558,0.027777777777777776,0.0037313432835820895,0.32424974237779547
0,726,Drug gate,0.23071454139534517,0.46001266110046096,0.04,0.004405286343612335,0.26085014485234004
0,726,Drug-stratum gate,0.1899452698546345,0.3718350524306282,0.004651162790697674,0.003745318352059925,0.21830297501191578
0,737,CAFNet,0.5304113354138728,0.8701249883466594,0.06899197010484352,0.13392857142857142,0.6236057341492067
0,737,CAFNet-D,0.47365066138030826,0.8701249883466594,0.015836104604387183,0.005611980131959375,0.5678447208752523
0,737,CAFNet-DG,0.5155100632499902,0.933745776545611,0.019568737529232084,0.00970176900991016,0.6161962361118586
0,737,Group-only,0.49491980946799247,0.8701249883466594,0.013271413616756576,0.005864414731409805,0.595216189259825
0,737,Global gate,0.5501546673302223,0.9363792118010483,0.03989067759232921,0.015814183345688165,0.658394578537062
0,737,Drug gate,0.4972363646449339,0.9363792118010483,0.02523500027398374,0.008489691089391453,0.5991625574130545
0,737,Drug-stratum gate,0.47742514647658696,0.8701249883466594,0.012221650015449583,0.005641258318209316,0.5773731822982684
0,738,CAFNet,0.41229169004679056,0.46156868474254786,,0.12835570469798657,0.43562771995989796
0,738,CAFNet-D,0.3280162132547639,0.3621108234757073,,0.13189655172413794,0.34707582137837073
0,738,CAFNet-DG,0.3940903670537177,0.43417548066792183,,0.2559171597633136,0.41276509903941816
0,738,Group-only,0.37621538382149555,0.4977962688668735,,0.2531847133757962,0.3993444158312604
0,738,Global gate,0.3231912237126018,0.2489083270225946,,0.504950495049505,0.3373624054464128
0,738,Drug gate,0.3080066832077757,0.3052348839397012,,0.5035335689045937,0.3232727112484165
0,738,Drug-stratum gate,0.32654037513581624,0.3052348839397012,,0.5062893081761006,0.33680660837545817
0,747,CAFNet,0.3186874305445289,0.6816808362189439,0.04494541376800022,0.03415673136529015,0.430797784880225
0,747,CAFNet-D,0.48822251054978055,0.933745776545611,0.02057466303657237,0.05877130442595338,0.5924197291598006
0,747,CAFNet-DG,0.46420018789607753,0.9305687780632227,0.022799489873508567,0.05772763195708401,0.5661839767584367
0,747,Group-only,0.4019423856794599,0.9266360779006398,0.02039286901110912,0.03650884436477057,0.5054450335450221
0,747,Global gate,0.517356987272147,1.0,0.038002538088037406,0.0835006901311249,0.6235306794691161
0,747,Drug gate,0.5337864608870576,0.933745776545611,0.0393874393485647,0.143262863881883,0.6400975902539249
0,747,Drug-stratum gate,0.5623987002352695,1.0,0.05569422871147009,0.0989402364905383,0.6840633080864603
0,748,CAFNet,0.15215970100682616,0.0733639220993601,0.005198683568990736,,0.1788253808498509
0,748,CAFNet-D,0.21957467799086905,0.3468533046962179,0.005303724053724054,,0.2572875259050791
0,748,CAFNet-DG,0.20318138421456935,0.3164618153841292,0.00511448948948949,,0.23797879983678386
0,748,Group-only,0.22074962740988116,0.31204907722178066,0.00732961645679131,,0.2602131806778158
0,748,Global gate,0.2336196139397949,0.3882251478215036,0.006213085160453581,,0.27571127397779466
0,748,Drug gate,0.26348956956946146,0.32730659600127,0.007287157287157288,,0.3073580490957506
0,748,Drug-stratum gate,0.26200093395506857,0.31879392588472627,0.009578781860311155,,0.30607141454805975
1,9,CAFNet,0.2066980236706911,0.20702998279592402,0.005291005291005291,0.07142857142857142,0.23595462512494045
1,9,CAFNet-D,0.3258129787541552,0.4537425745411855,0.004784688995215311,0.25,0.372458683491026
1,9,CAFNet-DG,0.3357132783502958,0.4440973278132557,0.004739336492890996,0.5,0.3823846609747202
1,9,Group-only,0.30829508284809043,0.4537425745411855,0.010869565217391304,0.05263157894736842,0.3586945900284467
1,9,Global gate,0.2907156403617242,0.4537425745411855,0.004484304932735426,0.09090909090909091,0.34036500361748223
1,9,Drug gate,0.3247070913754233,0.4690000933206748,0.003937007874015748,0.07142857142857142,0.4203469003428283
1,9,Drug-stratum gate,0.3687973048514375,0.5199967979955744,0.008849557522123894,0.16666666666666666,0.42399224943570846
1,16,CAFNet,0.09991632565017741,0.1100458831490401,,0.004366812227074236,0.11987466987725041
1,16,CAFNet-D,0.18342100280261822,0.22784037450527975,,0.021739130434782608,0.1930260677816244
1,16,CAFNet-DG,0.15593804871837344,0.1100458831490401,,0.011363636363636364,0.16556504923083254
1,16,Group-only,0.18031533758808926,0.1478294909154527,,0.004975124378109453,0.19671162355723745
1,16,Global gate,0.1564559640066849,0.09478836436955075,,0.009615384615384616,0.17225092397265024
1,16,Drug gate,0.14628623745485414,0.13698471029831177,,0.010101010101010102,0.15600492359289145
1,16,Drug-stratum gate,0.16919761829906543,0.22716217481924805,,0.020833333333333332,0.1787603771292121
1,29,CAFNet,0.17212542900350206,0.21678905352716857,0.05,0.008333333333333333,0.19070127915876997
1,29,CAFNet-D,0.2973625082655627,0.5391870169376467,0.5,0.02857142857142857,0.31953825582981993
1,29,CAFNet-DG,0.2343003886408688,0.23365080824310527,1.0,0.03333333333333333,0.24979801433022253
1,29,Group-only,0.25779697271868324,0.44773452261294694,0.1111111111111111,0.015625,0.28241022629416207
1,29,Global gate,0.2573809958615431,0.4288398090337664,0.03333333333333333,0.004878048780487805,0.28745870545605834
1,29,Drug gate,0.29387132069750654,0.49152618230759804,0.3333333333333333,0.009900990099009901,0.3181071373328457
1,29,Drug-stratum gate,0.20876853796930667,0.3526637384340435,0.008403361344537815,0.01639344262295082,0.239662878142431
1,41,CAFNet,0.1295157983637932,0.2762817256041655,0.0034129692832764505,0.018682479433991178,0.17996553492259074
1,41,CAFNet-D,0.10900908210117144,0.20483424751859086,0.004405286343612335,0.01555040325093801,0.14715913935627276
1,41,CAFNet-DG,0.13186377510521155,0.3787833386759353,0.0038910505836575876,0.015929463390830276,0.1796063504434864
1,41,Group-only,0.10669942793129181,0.26845503571754253,0.004310344827586207,0.013373408129767539,0.14671923825026958
1,41,Global gate,0.10992221837947667,0.3098064936645124,0.004672897196261682,0.01658274061990108,0.14983946784419824
1,41,Drug gate,0.12333541815250583,0.2489083270225946,0.00411522633744856,0.01205486634932558,0.17185961787673737
1,41,Drug-stratum gate,0.12533562414369168,0.3635258198964459,0.005988023952095809,0.016862873703916145,0.16733041963464246
1,46,CAFNet,0.34414515372005766,0.8579809428223729,0.04421931929263308,0.023365508619555206,0.43761652016700464
1,46,CAFNet-D,0.4285214186489136,0.933745776545611,0.16534391534391535,0.10476961060125362,0.5134204905945458
1,46,CAFNet-DG,0.4225011113184518,1.0,0.20202020202020202,0.09114215402431963,0.5063032354023344
1,46,Group-only,0.39150985035256786,0.9363792118010483,0.2564102564102564,0.07578981417639197,0.47427096384082257
1,46,Global gate,0.6697642662116552,1.0,0.7555555555555555,0.30780670889045275,0.7655441790737805
1,46,Drug gate,0.44205797419304194,0.933745776545611,0.4564393939393939,0.06056707703024106,0.5284417291220466
1,46,Drug-stratum gate,0.4935664423628981,1.0,0.16452991452991453,0.24712261992749798,0.5918750250231848
1,57,CAFNet,0.06328159616810454,0.0,,,0.066403414946244
1,57,CAFNet-D,0.06877150393319628,0.0,,,0.06956737748341946
1,57,CAFNet-DG,0.07153295305624695,0.0,,,0.07279673610096919
1,57,Group-only,0.0741818251215948,0.0,,,0.0748397198584369
1,57,Global gate,0.03589818690206618,0.0,,,0.04058209906052976
1,57,Drug gate,0.11036804801246393,0.07614334071738343,,,0.11369637452436107
1,57,Drug-stratum gate,0.0768687980571456,0.0,,,0.07796693511058904
1,65,CAFNet,0.5094432202347847,0.7149707278752495,,0.003257328990228013,0.5398475788682299
1,65,CAFNet-D,0.505866623477443,0.8701249883466594,,0.007462686567164179,0.5302731355557843
1,65,CAFNet-DG,0.5331579997966928,0.8579809428223729,,0.005714285714285714,0.5595857533735468
1,65,Group-only,0.4947736083436738,0.8006937664098821,,0.003745318352059925,0.5202534251603725
1,65,Global gate,0.4464739979931335,0.7975167679274938,,0.01639344262295082,0.470270683045553
1,65,Drug gate,0.4130130479905632,0.8415908474314976,,0.00546448087431694,0.45073402206247914
1,65,Drug-stratum gate,0.483397633169863,0.8006937664098821,,0.003401360544217687,0.5070910055276879
1,66,CAFNet,0.08037158907437983,0.2200917662980802,0.008091585515376094,0.015737694377091518,0.14514336252304305
1,66,CAFNet-D,0.09128975690586126,0.2200917662980802,0.02056030389363723,0.01963356806017016,0.15485769116261563
1,66,CAFNet-DG,0.08934758256125266,0.2200917662980802,0.0166733553830328,0.01995543253131473,0.15309001280854975
1,66,Group-only,0.09437515468030148,0.2200917662980802,0.036733392208811694,0.02389017700500258,0.15843136461416524
1,66,Global gate,0.09298612014968952,0.2200917662980802,0.010032901851890721,0.014013147765775636,0.16383812011078425
1,66,Drug gate,0.08768110019370766,0.2200917662980802,0.017838761413187264,0.02340179380330401,0.15591338725291332
1,66,Drug-stratum gate,0.09025579618905348,0.2200917662980802,0.017137622779425127,0.036870062608164514,0.15011628269040092
1,75,CAFNet,0.2698851837672542,0.4737108053043011,,0.0037593984962406013,0.2980840229334476
1,75,CAFNet-D,0.2826061834967924,0.47890155528769296,,0.004098360655737705,0.29664683127652824
1,75,CAFNet-DG,0.29793699942020513,0.4936790360674167,,0.0038910505836575876,0.3152568953003928
1,75,Group-only,0.3048261586835532,0.5739723394665963,,0.010869565217391304,0.3226691006085782
1,75,Global gate,0.3189206240439385,0.5541432109622958,,0.004329004329004329,0.34418715627178564
1,75,Drug gate,0.3033863715877017,0.5894280199323517,,0.005494505494505495,0.31994632979386517
1,75,Drug-stratum gate,0.29174814682416816,0.4690000933206748,,0.005917159763313609,0.3050028021367888
1,85,CAFNet,0.2363606188271068,0.3391602052736161,,,0.23760263545977833
1,85,CAFNet-D,0.4537151702786378,0.5531464700081437,,,0.4541003498173463
1,85,CAFNet-DG,0.3620466680535331,0.5087403079104241,,,0.36217913008108515
1,85,Group-only,0.4551085499865988,0.5531464700081437,,,0.4565913014188876
1,85,Global gate,0.34794166912996355,0.4852285551163225,,,0.3493823901446406
1,85,Drug gate,0.3279049550854825,0.4703652827859579,,,0.3303679327208739
1,85,Drug-stratum gate,0.3216926054974836,0.4703652827859579,,,0.3219528188724511
1,90,CAFNet,0.2690603752797526,0.6111528450101823,,0.007329029172644668,0.31003170166759536
1,90,CAFNet-D,0.2942104411899444,0.6678262889110271,,0.015012254901960783,0.33325159096976464
1,90,CAFNet-DG,0.27560703145963034,0.6464018466408364,,0.013436713485426646,0.31261020810152823
1,90,Group-only,0.3087069098995822,0.627507133061656,,0.017862266857962696,0.34559650988579266
1,90,Global gate,0.1143072597930755,0.16815228646891087,,0.05423280423280423,0.13884159379697403
1,90,Drug gate,0.26231085994701536,0.5926825204089029,,0.055714285714285716,0.29175723982766677
1,90,Drug-stratum gate,0.19911085264492917,0.508473817692402,,0.020579710144927536,0.22698194828285545
1,105,CAFNet,0.3938503518889479,0.7549096191567919,,0.010099517031985819,0.448600221514474
1,105,CAFNet-D,0.48601553941996956,0.9363792118010483,,0.011153411566610294,0.5510422592825861
1,105,CAFNet-DG,0.474005547889651,0.8643145546088338,,0.010349246360220735,0.5352938566289576
1,105,Group-only,0.4997229111768375,1.0,,0.0069104154795743365,0.565674764512738
1,105,Global gate,0.46973234521076307,0.9305687780632227,,0.009726346712648083,0.5273220371733169
1,105,Drug gate,0.4566720667281696,0.866947989864271,,0.010978024307576207,0.5170034232539871
1,105,Drug-stratum gate,0.39368476520851015,0.8572048559638626,,0.0072444867305299105,0.4450760723662507
1,107,CAFNet,0.08696137490691251,0.0,0.05263157894736842,,0.15584541062801932
1,107,CAFNet-D,0.5960237125153091,0.7409096387260823,0.004149377593360996,,0.7150251256281407
1,107,CAFNet-DG,0.595603594718709,0.7409096387260823,0.006493506493506494,,0.71418410041841
1,107,Group-only,0.6758141841626714,0.7751482523375255,0.0125,,0.8111111111111111
1,107,Global gate,0.562319543201896,0.7247145167543899,0.09090909090909091,,0.6695488721804512
1,107,Drug gate,0.5617982597218635,0.7247145167543899,0.01818181818181818,,0.6722857142857144
1,107,Drug-stratum gate,0.5106537221666416,0.6850948573248621,0.013513513513513514,,0.6127705627705629
1,116,CAFNet,0.22995627465046584,0.6041985244873526,0.011236277947008448,0.16666666666666666,0.2682459275239144
1,116,CAFNet-D,0.24132997779754814,0.441285179312893,0.010227272727272727,0.01818181818181818,0.2628257014111278
1,116,CAFNet-DG,0.2653415223881086,0.5548989126424904,0.01019592163134746,0.08333333333333333,0.2893017415104922
1,116,Group-only,0.2495967290012932,0.3718350524306282,0.033850129198966405,0.047619047619047616,0.27158444909353513
1,116,Global gate,0.27853994668645854,0.39092738420022166,0.04439024390243902,0.05555555555555555,0.2995094022165126
1,116,Drug gate,0.16820914888077115,0.23047380976071702,0.005564272431427243,0.010869565217391304,0.18602084792821544
1,116,Drug-stratum gate,0.272107377429716,0.29736948361453563,0.019704911667637354,0.045454545454545456,0.29224415109751695
1,142,CAFNet,0.3746405170471601,0.36995731885538546,0.013899650916293815,0.021385857518238474,0.4638970121507433
1,142,CAFNet-D,0.5315267063452768,0.9305687780632227,0.010993274201586283,0.01970330649197364,0.6312642919803119
1,142,CAFNet-DG,0.5145611243486082,1.0,0.01156062079186039,0.019290563909448884,0.6118697262836322
1,142,Group-only,0.5663998277539484,0.933745776545611,0.02687766961814149,0.027894821472223857,0.6536756841429775
1,142,Global gate,0.5509717821126181,0.9363792118010483,0.012469978902083154,0.09932023728033358,0.6268025746237456
1,142,Drug gate,0.5645117473038451,0.8643145546088338,0.015270614932421508,0.029501170241593294,0.6539455802613574
1,142,Drug-stratum gate,0.5255145521876927,0.9363792118010483,0.012027483000915214,0.02477939386983232,0.6133673779114879
1,144,CAFNet,0.15370058050795793,0.25376970138364097,0.00960731388054005,0.0750870456386807,0.1951590583496719
1,144,CAFNet-D,0.16380932892781097,0.1100458831490401,0.020014003967790874,0.03604165656387266,0.2034269220993882
1,144,CAFNet-DG,0.16698365653259464,0.22466337602289138,0.01954955472034696,0.044116361190157556,0.20397869417266767
1,144,Group-only,0.1879919609551688,0.23992089480238074,0.02154432387093392,0.03930090014019478,0.23679994206420274
1,144,Global gate,0.1568742460400999,0.06362078819895167,0.018705923223901338,0.034305326410811576,0.257894724962689
1,144,Drug gate,0.12918351130486647,0.0733639220993601,0.0183648137612332,0.03339548226026203,0.17409269114298137
1,144,Drug-stratum gate,0.15661988152756787,0.1478294909154527,0.020039361763027973,0.03285086573113312,0.21285189099386065
1,145,CAFNet,0.40597731341561355,0.6875154779292519,,0.012570484600702671,0.4934395840054822
1,145,CAFNet-D,0.41562461194874734,0.6145870006788593,,0.021143460411919918,0.49696831111389994
1,145,CAFNet-DG,0.4382103424630927,0.6874708847784538,,0.022750056960583274,0.5256565259028313
1,145,Group-only,0.35411215564871,0.45447937127589255,,0.031248602727475965,0.4206667761921385
1,145,Global gate,0.32955575099205486,0.4892835987503298,,0.021242294674500655,0.39317884036411904
1,145,Drug gate,0.29818142551824073,0.357813273331099,,0.03192007797270955,0.3531820306909785
1,145,Drug-stratum gate,0.36173022963388374,0.5298982599625925,,0.02274528267905751,0.43134371423074225
1,163,CAFNet,0.48412945183622236,0.576323354912681,,,0.48412945183622236
1,163,CAFNet-D,0.5546404097155977,0.5423640154200349,,,0.5546404097155976
1,163,CAFNet-DG,0.5749999486183789,0.6722390270733756,,,0.574999948618379
1,163,Group-only,0.5182097401459588,0.6651928536555898,,,0.5196732482826577
1,163,Global gate,0.4957270941711445,0.5384313152574521,,,0.5029229523977422
1,163,Drug gate,0.4462931182551557,0.587550286357109,,,0.4465565384862787
1,163,Drug-stratum gate,0.5771393940123608,0.6772733739526908,,,0.5771393940123608
1,167,CAFNet,0.12108340234780643,0.0,,,0.1497552248025103
1,167,CAFNet-D,0.12544660312286926,0.1264713513838286,,,0.15879181125891653
1,167,CAFNet-DG,0.12741101055070048,0.10893649261775587,,,0.1519170241604891
1,167,Group-only,0.1536310616720312,0.10893649261775587,,,0.1585861711511944
1,167,Global gate,0.10939844890361067,0.08431423425588576,,,0.16132880596172416
1,167,Drug gate,0.06209745421778531,0.0,,,0.13715454205755928
1,167,Drug-stratum gate,0.05621558220828438,0.0,,,0.12435761585335889
1,173,CAFNet,0.4338086035236489,0.6996124256549464,,0.04584864983176692,0.5160012005006454
1,173,CAFNet-D,0.4102044601782316,0.6772733739526908,,0.060792001818579224,0.4851335388699078
1,173,CAFNet-DG,0.4376593819514358,0.6749359875559983,,0.07604679530140548,0.5126871634078665
1,173,Group-only,0.35997914493201966,0.6110191504983019,,0.03881088922949395,0.4276693617959425
1,173,Global gate,0.26374928845967244,0.5637884576902256,,0.03459702322784729,0.363853665738508
1,173,Drug gate,0.4339833933268325,0.6968404678259545,,0.06448743098187595,0.5095764523982296
1,173,Drug-stratum gate,0.3319048997528714,0.6901935063354876,,0.040348169124501565,0.3971267211990127
1,189,CAFNet,0.1524448773113737,0.1909208661789346,,,0.1550987457420206
1,189,CAFNet-D,0.2320636016516024,0.34222207292834134,,,0.23383833914812557
1,189,CAFNet-DG,0.20520304140739945,0.3212446320893052,,,0.20660804780976452
1,189,Group-only,0.16165828733266435,0.2816249726597773,,,0.165769055625613
1,189,Global gate,0.12087388643687724,0.24676163983887411,,,0.12411208620490191
1,189,Drug gate,0.10920177494221299,0.2311912370766418,,,0.11236849641525494
1,189,Drug-stratum gate,0.14311449480099056,0.2683637998873703,,,0.14719861464647027
1,190,CAFNet,0.34082762447575454,0.4309176650580723,0.0045871559633027525,0.22106481481481477,0.38003143209175
1,190,CAFNet-D,0.37629036998873877,0.526428296954514,0.006711409395973154,0.09196005464898538,0.42273559075388445
1,190,CAFNet-DG,0.39647059611237007,0.5141863642577489,0.006172839506172839,0.17328728963344348,0.44197882436119995
1,190,Group-only,0.34964717557020597,0.5926825204089029,0.011627906976744186,0.2253965992210506,0.3886220724197954
1,190,Global gate,0.3332374370460366,0.6032621820619527,0.008547008547008548,0.04105610457943596,0.37865554698665843
1,190,Drug gate,0.358898313699778,0.5580759111248788,0.022727272727272728,0.17957647531112003,0.3973201268396989
1,190,Drug-stratum gate,0.36390409999480866,0.47338717040861206,0.004032258064516129,0.06196839883280561,0.4124503734628844
1,192,CAFNet,0.34017524013356265,0.3628869103342176,,,0.3578702525471514
1,192,CAFNet-D,0.616760717778387,0.914856882358379,,,0.6168545484140896
1,192,CAFNet-DG,0.6815065602218885,0.9266360779006398,,,0.6816162093446956
1,192,Group-only,0.6482749069242878,0.7849818707050383,,,0.6499150361603677
1,192,Global gate,0.6433553179921625,0.8899541168509599,,,0.6441394923171946
1,192,Drug gate,0.5228129373926957,0.7503359712972109,,,0.5304721983376657
1,192,Drug-stratum gate,0.45123869615291934,0.6906478832608419,,,0.45536343239536636
1,201,CAFNet,0.08454652420181612,0.21009160753970219,,,0.08802149135414697
1,201,CAFNet-D,0.18617466708153793,0.31564845247951445,,,0.18670977618433832
1,201,CAFNet-DG,0.17581025061239872,0.31564845247951445,,,0.1768470896560949
1,201,Group-only,0.15663959792455331,0.30078518014914984,,,0.15835992273405453
1,201,Global gate,0.2086030803516913,0.36005461457723387,,,0.21043801581752947
1,201,Drug gate,0.06780247447472315,0.1130534017578721,,,0.06911785713941113
1,201,Drug-stratum gate,0.405870993483225,0.5531464700081437,,,0.40777061677061677
1,206,CAFNet,0.6066731298379211,0.9305687780632227,,0.23841415240267463,0.6795773292604466
1,206,CAFNet-D,0.5557219762067209,0.9266360779006398,,0.037937942093472676,0.6355996786005138
1,206,CAFNet-DG,0.5985323033277233,0.9363792118010483,,0.054190310682366294,0.6819273103104375
1,206,Group-only,0.5711667355873048,0.9266360779006398,,0.027326299087129198,0.6611631564953286
1,206,Global gate,0.6182417934840303,0.9363792118010483,,0.098256957105967,0.7023438772989156
1,206,Drug gate,0.5337070159619882,1.0,,0.03999972449535161,0.6202835402213815
1,206,Drug-stratum gate,0.544832982244075,0.8701249883466594,,0.02524932663404902,0.6246878468280477
1,218,CAFNet,0.3744895472863215,0.6505617352660964,,0.012031520135204463,0.4478419857658227
1,218,CAFNet-D,0.4430583219350464,0.6937613565160449,,0.015884418901660282,0.5247477559349014
1,218,CAFNet-DG,0.4404321702020828,0.6122496142821666,,0.015826588870067132,0.5220758789516197
1,218,Group-only,0.43494425593342423,0.627507133061656,,0.01834336571508036,0.5183037617844789
1,218,Global gate,0.3883809111376871,0.7215194105726964,,0.013484717594306635,0.4648247194777752
1,218,Drug gate,0.39617704648471597,0.6906478832608419,,0.009267005282226671,0.47426588504307177
1,218,Drug-stratum gate,0.41305298075768687,0.7254521107352793,,0.01098997336275017,0.4912302555336611
1,220,CAFNet,0.5343198074977195,0.9335645888032941,0.15972733851536433,0.1750204228838934,0.649161730259829
1,220,CAFNet-D,0.5395982083050365,0.933745776545611,0.057678108839995176,0.1276295152936769,0.6713756310727306
1,220,CAFNet-DG,0.5443291179031967,1.0,0.09013616372233106,0.15138735328486957,0.6707582333750185
1,220,Group-only,0.5490034342518142,1.0,0.06867446829956764,0.12292028059469408,0.6824922518735211
1,220,Global gate,0.5087450926130003,1.0,0.054686652262261715,0.07654593097219725,0.6376567197631925
1,220,Drug gate,0.48574982053466925,1.0,0.10348836428932665,0.0596623051751696,0.6090956456324351
1,220,Drug-stratum gate,0.526420817526914,1.0,0.1007601493225559,0.0868667161623805,0.653105704470628
1,231,CAFNet,0.16530997657295926,0.4299627262862051,,0.06148796227359431,0.2051235789416538
1,231,CAFNet-D,0.1977809853043388,0.642186726668901,,0.040415911165288775,0.25172212251980697
1,231,CAFNet-DG,0.19352036810540652,0.6172839611614819,,0.03899188647739407,0.24341733293084838
1,231,Group-only,0.2156655882738666,0.6325414799409712,,0.04222028218271645,0.26938279440063095
1,231,Global gate,0.2260449489966636,0.6489315753318465,,0.032417277254891075,0.2893434586026554
1,231,Drug gate,0.20791483709987146,0.6332196796270029,,0.02635241987203859,0.2621685206305602
1,231,Drug-stratum gate,0.18092445618524935,0.6203974344166848,,0.025769540142103097,0.23178922851156933
1,237,CAFNet,0.21767991699808606,0.2646202227274384,,,0.2855453415807052
1,237,CAFNet-D,0.3682208568454932,0.5861163849908828,,,0.3815832279746145
1,237,CAFNet-DG,0.35211482197619304,0.568003577662161,,,0.36698136873165316
1,237,Group-only,0.40304234164057207,0.7564477297898765,,,0.42058009048644096
1,237,Global gate,0.23530271698089167,0.5606114592078373,,,0.27688319187211813
1,237,Drug gate,0.38009524248795795,0.6470538417566039,,,0.3853086227983948
1,237,Drug-stratum gate,0.31125255371451227,0.5727555047321238,,,0.33826356620314874
1,238,CAFNet,0.08896874691905747,0.07945707943276738,,,0.11709453988524045
1,238,CAFNet-D,0.048986862972011484,0.0,,,0.05129037444937489
1,238,CAFNet-DG,0.054047384972158594,0.0,,,0.05483265456661622
1,238,Group-only,0.059203161300896784,0.0,,,0.06245758104156792
1,238,Global gate,0.015832384232960555,0.0,,,0.027945535476679217
1,238,Drug gate,0.06011827593441465,0.0,,,0.06113394268142238
1,238,Drug-stratum gate,0.020440714869541937,0.0,,,0.026194807916918424
1,256,CAFNet,0.5144062321886351,0.5244120408057166,,0.004081632653061225,0.5341666263195463
1,256,CAFNet-D,0.5700642286706091,0.7254521107352793,,0.022222222222222223,0.5888357900654955
1,256,CAFNet-DG,0.5652907278813845,0.7314470771099788,,0.01639344262295082,0.5844006734949565
1,256,Group-only,0.5877973876118351,0.7254521107352793,,0.004273504273504274,0.6099114336539428
1,256,Global gate,0.34149462716118045,0.40112489502598453,,0.0058823529411764705,0.3929222094692354
1,256,Drug gate,0.5084675222808636,0.718342412090308,,0.0045045045045045045,0.5341887025740377
1,256,Drug-stratum gate,0.5065591923628255,0.70937536504841,,0.003194888178913738,0.5350613035723801
1,291,CAFNet,0.4452682683294704,0.7877736340270853,0.06496996653161358,0.06803728238571063,0.5562895868628654
1,291,CAFNet-D,0.45558871991269984,0.933745776545611,0.036914422109343155,0.055009739051379014,0.5767154250552721
1,291,CAFNet-DG,0.4859914896904535,0.9363792118010483,0.03808640604140133,0.05956274628650406,0.6124646223959223
1,291,Group-only,0.42749986708957344,0.9305687780632227,0.029170818447404302,0.027106442894943395,0.5549374139204563
1,291,Global gate,0.41206262851203984,1.0,0.029362085103510564,0.03664630933965446,0.531228629468658
1,291,Drug gate,0.4555356974575503,0.8701249883466594,0.050658522670036725,0.20598723963628066,0.5737045285133888
1,291,Drug-stratum gate,0.4716294490030577,1.0,0.056670097111274506,0.035486176633930354,0.6005479773712323
1,304,CAFNet,0.40525016003265096,0.6020521034564038,0.03939393939393939,0.0185581566378071,0.49406606079065196
1,304,CAFNet-D,0.49463871886378685,0.8263333286520083,0.03882783882783883,0.017536337626027697,0.5910655281898046
1,304,CAFNet-DG,0.48702747668592955,0.8899541168509599,0.05104113763331641,0.017466372940463857,0.5834967027786899
1,304,Group-only,0.5375433979652379,0.9052116356304493,0.5062111801242236,0.022659282532023994,0.6323790202425336
1,304,Global gate,0.4821281088068536,0.8611375561264455,0.010882352941176471,0.017755047794893928,0.5833288980914397
1,304,Drug gate,0.5053210324805594,0.7799082337019198,0.03194444444444444,0.03822889219994313,0.5905329877545176
1,304,Drug-stratum gate,0.33521152401597115,0.6500332220485792,0.007054276432788751,0.02371257636628308,0.4263015305095746
1,307,CAFNet,0.2252906220834801,0.4447551423209716,0.0478207602505156,0.01727161023560618,0.2750771121081606
1,307,CAFNet-D,0.32096251667795067,0.7573821447149965,0.007091519450862995,0.02244299128101945,0.3907914858566473
1,307,CAFNet-DG,0.3130635660808906,0.7534494445524138,0.007420412181417996,0.026239066903202417,0.3805664317635869
1,307,Group-only,0.3260508521459651,0.77523873680463,0.007064513586252718,0.023807917228969862,0.39867957581522906
1,307,Global gate,0.3186104037216249,0.6994739030813918,0.008934225706656519,0.2648563137554336,0.38567732746026284
1,307,Drug gate,0.3569721525854664,0.7059054020403313,0.009203429641862267,0.019726270403779937,0.43914724226916657
1,307,Drug-stratum gate,0.3239399220730314,0.6994739030813918,0.011197151615177895,0.014942380460956313,0.39488406894670725
1,312,CAFNet,0.37136527495858407,0.5393497968667578,,,0.3765526004543253
1,312,CAFNet-D,0.5750428403206195,0.8006937664098821,,,0.5796080934119988
1,312,CAFNet-DG,0.5745010106637651,0.8701249883466594,,,0.5780511685211606
1,312,Group-only,0.6032374737923936,0.8006937664098821,,,0.6062108476978865
1,312,Global gate,0.7226223392668545,1.0,,,0.7275505521045493
1,312,Drug gate,0.6106639142708585,0.8603818544462509,,,0.6128946509830073
1,312,Drug-stratum gate,0.6316098772700973,0.933745776545611,,,0.6332360442587714
1,316,CAFNet,0.33349245660875526,0.293416398273637,,,0.338405663178721
1,316,CAFNet-D,0.6114573025133849,0.9363792118010483,,,0.6114573025133848
1,316,CAFNet-DG,0.5979171383258587,0.9363792118010483,,,0.5981984771182202
1,316,Group-only,0.5789288233442689,0.8701249883466594,,,0.5789288233442689
1,316,Global gate,0.6705835402081205,0.7909506325094736,,,0.6707458778704583
1,316,Drug gate,0.6821617871834831,0.9305687780632227,,,0.6823421883957792
1,316,Drug-stratum gate,0.663563782070688,0.9305687780632227,,,0.6635637820706881
1,336,CAFNet,0.4511384283250043,0.6053424112723567,0.07692307692307693,,0.47903963079766076
1,336,CAFNet-D,0.5158421795389064,0.5577804057619871,0.14285714285714285,,0.5442726265174778
1,336,CAFNet-DG,0.5228802442807895,0.6969179698201174,0.25,,0.5515373768452453
1,336,Group-only,0.4527189822335054,0.6214990811334173,0.018518518518518517,,0.4819414819161611
1,336,Global gate,0.44632248538498537,0.5333765831998211,1.0,,0.4653029069695736
1,336,Drug gate,0.41203749644438137,0.5075394027672819,0.034482758620689655,,0.43642381123624185
1,336,Drug-stratum gate,0.4656268245638994,0.4329570418332232,0.03125,,0.49357682542854575
1,340,CAFNet,0.5991840219857311,0.8293271620269697,0.013337670787247884,0.14611116088208134,0.6837869487705553
1,340,CAFNet-D,0.5741608822992197,0.8482378089219645,0.0082010582010582,0.08828947811278612,0.6886546554202122
1,340,CAFNet-DG,0.6078815380284629,0.8482378089219645,0.008685235100329439,0.09311706284434057,0.7040039113945734
1,340,Group-only,0.5582409485820965,0.8482378089219645,0.007001349657765352,0.12398557306871286,0.6937428444029883
1,340,Global gate,0.5932764121174907,0.8165901947515998,0.006647663646543825,0.10220836178372583,0.7094280001335642
1,340,Drug gate,0.6226401504318918,0.8414929602590189,0.015889830508474576,0.16944229419637816,0.7057106664397336
1,340,Drug-stratum gate,0.7288473327393723,0.9266360779006398,0.12967289719626168,0.27521593078282736,0.784275957062887
1,374,CAFNet,0.16880795737916648,0.25974865577723427,,0.03857142857142857,0.1912858461596097
1,374,CAFNet-D,0.13963057434232393,0.31879392588472627,,0.012920875420875421,0.16904362553225388
1,374,CAFNet-DG,0.1514148610884359,0.2735872697693365,,0.016236534722450218,0.17798494801203463
1,374,Group-only,0.16298218230944783,0.3340514446642156,,0.026826578439481667,0.19443315340899278
1,374,Global gate,0.16639047292088452,0.42492601381667106,,0.01932568942485037,0.20033239721639223
1,374,Drug gate,0.21892697602750094,0.5072380780124418,,0.01903535215127432,0.2568707090929985
1,374,Drug-stratum gate,0.15363187382588683,0.34369669139214537,,0.017104909083919578,0.18341808734999698
1,375,CAFNet,0.5429932353201404,0.7846170207230129,0.1250399030995097,0.16131833673615514,0.6764750232450814
1,375,CAFNet-D,0.6008359529132443,1.0,0.13474111110104608,0.18977526131941735,0.7448256460427463
1,375,CAFNet-DG,0.5908250515906498,1.0,0.13102125597037662,0.18581605941012935,0.731987584119527
1,375,Group-only,0.6138304067236057,1.0,0.13851766545601737,0.1824828465890268,0.7579794723103143
1,375,Global gate,0.5025734432468634,0.9305687780632227,0.09880701466236538,0.13739753853432912,0.6677842773029493
1,375,Drug gate,0.5466089134819127,0.8572048559638626,0.10255708870709308,0.14904589202708673,0.6976101630356542
1,375,Drug-stratum gate,0.5783341932593262,1.0,0.11372423402623344,0.16745345148085158,0.7369674900157706
1,378,CAFNet,0.4946732748357471,0.8581437227514841,0.03125,0.34406910679440716,0.5230166525270084
1,378,CAFNet-D,0.5655881856849067,0.7254521107352793,0.09090909090909091,0.5681972789115646,0.5981505958777746
1,378,CAFNet-DG,0.5481872455492468,0.8611375561264455,0.06666666666666667,0.4755342277261782,0.579674520434471
1,378,Group-only,0.5075216275948904,0.7162874455029681,0.014492753623188406,0.1733977662549091,0.5493841058418881
1,378,Global gate,0.5641091110529438,0.84860265890399,0.006666666666666667,0.10865871931973953,0.6160399448673954
1,378,Drug gate,0.46726131468822407,0.8364586133797036,0.005025125628140704,0.045720472720551485,0.5128070366782981
1,378,Drug-stratum gate,0.6136043402342537,0.7799082337019198,0.014705882352941176,0.575667704615073,0.6472481632927395
1,380,CAFNet,0.09269316785437152,0.06362078819895167,0.3333333333333333,0.24953703703703703,0.10123359795275916
1,380,CAFNet-D,0.15400986089671106,0.2646202227274384,1.0,0.4819655434931248,0.20389698159661748
1,380,CAFNet-DG,0.23565668109069818,0.4373524791503101,0.5,0.4124870434729589,0.37178297739915195
1,380,Group-only,0.1625880110071491,0.2618080742270756,1.0,0.5125594423816038,0.21711222475541359
1,380,Global gate,0.33156217856344133,0.4690000933206748,0.14285714285714285,0.5351662887377172,0.46960307061093065
1,380,Drug gate,0.11532800517891281,0.25880978898961277,0.03225806451612903,0.08520034772056335,0.18590890374886765
1,380,Drug-stratum gate,0.19339591273247744,0.27819816961795096,0.3333333333333333,0.5218656038039298,0.2349814306064306
1,384,CAFNet,0.31528498264676497,0.7416702490101529,0.0076652044501437,0.01635498343636131,0.3695871916854687
1,384,CAFNet-D,0.3448191996400876,0.8521705090845473,0.06627417398130307,0.022736733727081855,0.4081037439939525
1,384,CAFNet-DG,0.34025006838900934,0.8414929602590189,0.026576576576576576,0.02161341902410622,0.3967270688437007
1,384,Group-only,0.3686303106969465,0.9305687780632227,0.032509973686444274,0.028798006652845366,0.4227964816926557
1,384,Global gate,0.5751093363576898,0.9305687780632227,0.18249475890985323,0.17591572384255313,0.6282023119567707
1,384,Drug gate,0.41740752558043787,0.866947989864271,0.02236396566658792,0.02258177888514583,0.4681269032288846
1,384,Drug-stratum gate,0.4850966556881269,0.8603818544462509,0.15806451612903225,0.2847247990105133,0.5235541273031002
1,385,CAFNet,0.2693391725852713,0.35800251284680773,,,0.27452510678171804
1,385,CAFNet-D,0.3250816912987773,0.5599332595218056,,,0.35699475200707004
1,385,CAFNet-DG,0.35323322011923985,0.5446757407423163,,,0.36535789153817577
1,385,Group-only,0.3636268082793651,0.5513310624619331,,,0.37158671097811075
1,385,Global gate,0.3695043222118896,0.6051399156371955,,,0.39161067387369075
1,385,Drug gate,0.40961533278001033,0.6687607038361472,,,0.4119355736659046
1,385,Drug-stratum gate,0.3527945136497828,0.6457545768494584,,,0.3580128623758584
1,412,CAFNet,0.16573930506082715,0.4000281257540002,0.00847457627118644,0.021453287013038856,0.22615037229568316
1,412,CAFNet-D,0.10571255289795252,0.20483424751859086,0.004032258064516129,0.012183927818111657,0.14876910605327315
1,412,CAFNet-DG,0.11526551840092283,0.3347092591719315,0.00423728813559322,0.01263535868576456,0.16030940245139708
1,412,Group-only,0.1020969915595194,0.26845503571754253,0.0056179775280898875,0.012207186757091787,0.14987640786155593
1,412,Global gate,0.1295425761279165,0.2972715964420569,0.003401360544217687,0.017006540383320497,0.17815191919112858
1,412,Drug gate,0.107908455027338,0.23365080824310527,0.0037174721189591076,0.010505512221093912,0.15434204293952303
1,412,Drug-stratum gate,0.15751016003480864,0.3125291152215463,0.02857142857142857,0.021367523067557244,0.2100115214729377
1,447,CAFNet,0.585288348545358,0.8603818544462509,0.11834419268047587,0.2992262598680383,0.6520793916316094
1,447,CAFNet-D,0.5703118795506562,0.9363792118010483,0.03773663927421968,0.10351864086678074,0.6445647419904792
1,447,CAFNet-DG,0.6187820246927257,0.9363792118010483,0.06650129772334602,0.3101560329114509,0.6837047318945059
1,447,Group-only,0.6148531001964881,1.0,0.06333647447531296,0.21272590314940643,0.6818744259924574
1,447,Global gate,0.6275877609654769,1.0,0.08474383354076638,0.282626019200872,0.6899744214043882
1,447,Drug gate,0.6343448852670079,1.0,0.14251505199781062,0.4046611200326515,0.6938569765086204
1,447,Drug-stratum gate,0.6021728447167785,0.9266360779006398,0.10782382030238764,0.27616913847732266,0.6684055477428159
1,449,CAFNet,0.4057175374510709,0.48882922182497535,0.007064503927196672,0.0033112582781456954,0.4502137545832613
1,449,CAFNet-D,0.4735558019607074,0.8572048559638626,0.0126290272130122,0.010638297872340425,0.5139123370216043
1,449,CAFNet-DG,0.475845535195052,0.7125523635307982,0.011519101703665463,0.007575757575757576,0.5149364491416092
1,449,Group-only,0.5108917785489283,0.793584067764911,0.007837454158286999,0.037037037037037035,0.5504633003498156
1,449,Global gate,0.47251699561629656,0.78180487222265,0.016802721088435373,0.009523809523809525,0.5131449845680436
1,449,Drug gate,0.4373120417590005,0.7631925784528222,0.006056236481614996,0.018867924528301886,0.4835612187679377
1,449,Drug-stratum gate,0.4381461015480234,0.6937613565160449,0.0079004329004329,0.009523809523809525,0.47667830451252835
1,454,CAFNet,0.31239859730020086,0.5791641632480278,0.007020315036637269,0.03068181818181818,0.36199622038286156
1,454,CAFNet-D,0.4016261720241115,0.642186726668901,0.05756578947368421,0.031363636363636364,0.4619418204490901
1,454,CAFNet-DG,0.39910200949599606,0.6489315753318465,0.05380200860832138,0.036630036630036625,0.45880974046106143
1,454,Group-only,0.45651846344611463,0.791726719367984,0.011160714285714284,0.07906215921483097,0.5281539724668632
1,454,Global gate,0.44799574729069397,0.7058075148678526,0.18055555555555555,0.05450450450450451,0.5153940239661484
1,454,Drug gate,0.42047494613227954,0.791726719367984,0.009589902528859544,0.04918546365914787,0.4857943101259843
1,454,Drug-stratum gate,0.45177310420549005,0.791726719367984,0.011556721639180409,0.02724137931034483,0.5255266364097677
1,478,CAFNet,0.5964524713850268,1.0,0.22911082459241622,0.23552210054593006,0.7435955858673442
1,478,CAFNet-D,0.632597352380916,1.0,0.2367074543720675,0.30903879809964907,0.7365441613239784
1,478,CAFNet-DG,0.6419483810582967,1.0,0.26498041533378913,0.32742586299013615,0.7528026079337744
1,478,Group-only,0.5961017914414372,1.0,0.2616601165063538,0.3336085729367095,0.7174159076991634
1,478,Global gate,0.6025831300909925,1.0,0.23824031488937325,0.3236300121618314,0.7423333645000968
1,478,Drug gate,0.47292846595870697,1.0,0.1991552667052241,0.1728536585484666,0.6846938125885164
1,478,Drug-stratum gate,0.5862637573090731,1.0,0.22188955969376323,0.3006304511625449,0.7375677982878114
1,484,CAFNet,0.6585082981734688,0.8630152897016883,,,0.661427656448931
1,484,CAFNet-D,0.6522147353524138,0.8414929602590189,,,0.652466751481446
1,484,CAFNet-DG,0.6746212431505068,0.8643145546088338,,,0.6748278831835691
1,484,Group-only,0.6315292749391695,0.8512360941594274,,,0.6357079948410017
1,484,Global gate,0.6904384114854932,1.0,,,0.6987644084508378
1,484,Drug gate,0.6085469510907924,0.7967610662472993,,,0.6100753504241689
1,484,Drug-stratum gate,0.6256499349139152,0.84860265890399,,,0.6270641188291385
1,498,CAFNet,0.4589434523663968,1.0,0.009523809523809525,0.0746164078948077,0.5622787921103389
1,498,CAFNet-D,0.5830755431457516,1.0,0.003067484662576687,0.0802174205085454,0.6551525568605687
1,498,CAFNet-DG,0.5572666725915822,1.0,0.003115264797507788,0.07592513219294507,0.6279441787967909
1,498,Group-only,0.48327462094517865,1.0,0.00819672131147541,0.14749563351180228,0.5659711097450124
1,498,Global gate,0.5783701513951527,1.0,0.010416666666666666,0.11035375282153617,0.6874733507665096
1,498,Drug gate,0.5769442866598781,1.0,0.011494252873563218,0.16139793097221708,0.6434884188431865
1,498,Drug-stratum gate,0.6115725004141531,1.0,0.005813953488372093,0.13755640832439153,0.6777065932875928
1,503,CAFNet,0.34715275494163894,0.38431135260440824,,,0.34715275494163894
1,503,CAFNet-D,0.7269175980714442,0.8414929602590189,,,0.7269175980714442
1,503,CAFNet-DG,0.6969804156063455,0.8482378089219645,,,0.6969804156063455
1,503,Group-only,0.7161137397401134,0.7682269253321374,,,0.7161137397401134
1,503,Global gate,0.7434089208833138,0.7849818707050383,,,0.768336867391626
1,503,Drug gate,0.5117082049464183,0.5231737964779628,,,0.5117082049464183
1,503,Drug-stratum gate,0.7142252627546745,0.7753366239771086,,,0.7257959988729219
1,514,CAFNet,0.5237020648779058,0.8643145546088338,,0.007407407407407408,0.5521531034079948
1,514,CAFNet-D,0.569162158845311,1.0,,0.008,0.5893372950485212
1,514,CAFNet-DG,0.5843294100585241,1.0,,0.00847457627118644,0.6036319538956574
1,514,Group-only,0.633554074442613,1.0,,0.00909090909090909,0.6604744243077086
1,514,Global gate,0.5365940911754424,1.0,,0.004672897196261682,0.5602291541338664
1,514,Drug gate,0.6341711678779526,1.0,,0.007518796992481203,0.651753689797678
1,514,Drug-stratum gate,0.5525022175581423,1.0,,0.00392156862745098,0.5716309220544012
1,515,CAFNet,0.47727639450261816,0.7007731679885374,0.007162295893122217,0.07756149535990632,0.55121339440919
1,515,CAFNet-D,0.4833596633587966,0.6777277508780453,0.03888888888888889,0.04439276782520343,0.5459233069268669
1,515,CAFNet-DG,0.49791519985134924,0.5302442049991306,0.025932953826691967,0.05476016309008511,0.5586500497219808
1,515,Group-only,0.49936952527030565,0.50881976272894,0.013559477845192132,0.06832404900681467,0.5626357905601144
1,515,Global gate,0.41827298299098487,0.4728935033594544,0.027629233511586453,0.06705271154434242,0.5094714439048089
1,515,Drug gate,0.4517579567688021,0.523153411299647,0.012917247601082588,0.05420812966095903,0.5472618187246512
1,515,Drug-stratum gate,0.49816849588723716,0.563110258004194,0.01886401326699834,0.05990583081975706,0.5570220494949217
1,516,CAFNet,0.49939151340330934,0.7340370951066082,0.035817885115434774,0.15284769475751145,0.6557578579634521
1,516,CAFNet-D,0.6410154125585182,0.7257345305446319,0.07245878563898189,0.13868946032242685,0.7601110880789015
1,516,CAFNet-DG,0.6150438624009885,0.7027284035579431,0.05766875813777559,0.1495064443602157,0.7249383064148177
1,516,Group-only,0.5264144606293706,0.6969179698201174,0.058896482289706634,0.10707377853260544,0.6716980559562258
1,516,Global gate,0.5506305335141671,0.7663491917568948,0.02177849720648689,0.09587645206970835,0.6821611583909436
1,516,Drug gate,0.5545577445124807,0.7510916729774054,0.024395398748362725,0.11214015585345588,0.689345408200317
1,516,Drug-stratum gate,0.6816826378893011,0.7951657524814092,0.049310209710882756,0.17993434063271807,0.7814057858985222
1,517,CAFNet,0.5208359881705854,0.900346883204941,0.0054287115494646215,,0.5634421454371689
1,517,CAFNet-D,0.5044393365367857,0.933745776545611,0.006684189991169888,,0.5531456248832954
1,517,CAFNet-DG,0.5454343117137195,0.8701249883466594,0.006225716092888769,,0.5834498249494707
1,517,Group-only,0.5008087418365649,0.933745776545611,0.01228307414919991,,0.5560134189583722
1,517,Global gate,0.5780521109361124,0.933745776545611,0.01271698113207547,,0.6195666902188627
1,517,Drug gate,0.5072063640892994,0.9305687780632227,0.013988021987037493,,0.5791157941809116
1,517,Drug-stratum gate,0.4709214874410594,0.7791714369672127,0.010859465737514519,,0.5389544073194917
1,522,CAFNet,0.5331179035762598,1.0,0.03888897390249475,0.028387729418060084,0.6591281931559924
1,522,CAFNet-D,0.6535343708489368,1.0,0.07310919232904972,0.09319701085647628,0.7637951643178865
1,522,CAFNet-DG,0.6404403125371794,1.0,0.055673411040737406,0.07015285233075509,0.7498730509329656
1,522,Group-only,0.6380501511864152,1.0,0.024505336593515177,0.10053647053190215,0.7555706441312193
1,522,Global gate,0.6044087111146512,1.0,0.04481142479210412,0.1448558568213482,0.7028436988857661
1,522,Drug gate,0.5860235707034142,1.0,0.02493054750619341,0.04243582530012563,0.7067578717626659
1,522,Drug-stratum gate,0.6500941237184594,1.0,0.03292073551822105,0.10008735498943391,0.7574372713398525
1,539,CAFNet,0.3341141081350313,0.5841001288420855,0.017259292621335305,0.007246376811594203,0.38328903130232866
1,539,CAFNet-D,0.3876395662854327,0.8236998933965709,0.014985594484745589,0.03333333333333333,0.43810287425727246
1,539,CAFNet-DG,0.3930049365711317,0.6835381846158708,0.0157790595942949,0.03333333333333333,0.44168007497370887
1,539,Group-only,0.43665222123387804,0.8899541168509599,0.01590437593477107,0.043478260869565216,0.4956050982825267
1,539,Global gate,0.36562826183955,0.8263333286520083,0.012224930331699732,0.015151515151515152,0.4095198806160152
1,539,Drug gate,0.43830345147924443,0.8263333286520083,0.025909681611435996,0.14285714285714285,0.49140390975549836
1,539,Drug-stratum gate,0.35640500184688945,0.6906478832608419,0.07900576061446554,0.01694915254237288,0.39598945849449196
1,556,CAFNet,0.5379968781614837,0.933745776545611,0.009267612564586237,0.02497858978018841,0.5782030742311959
1,556,CAFNet-D,0.5589282115590994,0.933745776545611,0.028132678132678134,0.011133102424542306,0.6049158369453405
1,556,CAFNet-DG,0.5558775486475437,1.0,0.02267616191904048,0.013750461424880029,0.5976763370084954
1,556,Group-only,0.5269421378751463,0.933745776545611,0.02533373786407767,0.05048076923076923,0.5585805662903633
1,556,Global gate,0.5272036367723206,1.0,0.009586056644880174,0.040852130325814535,0.5744138058170606
1,556,Drug gate,0.587686316608067,0.933745776545611,0.04921394395078606,0.02075015124016939,0.6267143611155899
1,556,Drug-stratum gate,0.5584665980607776,0.9305687780632227,0.016043703277745833,0.028138528138528136,0.5940473916000267
1,581,CAFNet,0.40619362745774346,0.3436898768674494,0.047619047619047616,0.21018739443815895,0.43977377779816595
1,581,CAFNet-D,0.5926653100570107,0.933745776545611,0.017543859649122806,0.24014205322254858,0.6447503722880916
1,581,CAFNet-DG,0.5734662656722376,0.8701249883466594,0.025,0.3444825927584549,0.6217702182450923
1,581,Group-only,0.5287869485001563,0.933745776545611,0.3333333333333333,0.20504761531893312,0.5800857144527334
1,581,Global gate,0.6110812329608356,1.0,0.024390243902439025,0.25044849129852587,0.6627971759376223
1,581,Drug gate,0.5066948541511228,0.9363792118010483,0.00847457627118644,0.03941278922379175,0.5749505728481996
1,581,Drug-stratum gate,0.58500429107584,0.933745776545611,0.00625,0.2634845963729909,0.6447667254819477
1,585,CAFNet,0.4596993515336856,0.6032222497337739,,0.06458333333333333,0.4851627511691945
1,585,CAFNet-D,0.5175481028231242,0.6683063269107927,,0.022559083313439962,0.5526093980349833
1,585,CAFNet-DG,0.5189945383370453,0.6722390270733756,,0.02796052631578947,0.551930192729694
1,585,Group-only,0.5050687903565863,0.605504765619221,,0.048770816812053926,0.5351814553064196
1,585,Global gate,0.4854086307700418,0.7065632165480472,,0.15725806451612903,0.5131134145841185
1,585,Drug gate,0.46955768836710493,0.5957616317188126,,0.07348901098901099,0.4973523537362816
1,585,Drug-stratum gate,0.48165033965304077,0.6141069626790936,,0.03645401822700911,0.5116840501581494
1,626,CAFNet,0.3807445373716583,0.8701249883466594,0.040054600788522056,0.10122897230970322,0.5935865016595543
1,626,CAFNet-D,0.5769359433059398,1.0,0.0791536794476964,0.1223800307798917,0.6886738534798607
1,626,CAFNet-DG,0.5301599295147844,1.0,0.07335891170545117,0.1196618471111461,0.6461593526067728
1,626,Group-only,0.5094250974473324,1.0,0.03736202354259425,0.10205105021295621,0.6436321191474985
1,626,Global gate,0.5045488964271564,1.0,0.041326351905541875,0.16895396193091372,0.625086631331109
1,626,Drug gate,0.5670653444962572,1.0,0.03848361187341936,0.1266365269321839,0.6785461884283193
1,626,Drug-stratum gate,0.46394688877014373,1.0,0.039747152105572545,0.09570294843647242,0.6203003552450223
1,627,CAFNet,0.3704406637942614,0.5355749991885378,,,0.3743025947400754
1,627,CAFNet-D,0.5418685400009978,0.7753366239771086,,,0.5420890194145815
1,627,CAFNet-DG,0.5573443984313212,0.7849818707050383,,,0.5576228662289622
1,627,Group-only,0.534609398054102,0.7753366239771086,,,0.5351898850558379
1,627,Global gate,0.4978339011076498,0.7542686714597936,,,0.4982859999511698
1,627,Drug gate,0.4468316543028229,0.6835381846158708,,,0.4485424663661311
1,627,Drug-stratum gate,0.4480339727181759,0.6325414799409712,,,0.44866011115169147
1,630,CAFNet,0.05039705401096065,0.07839826897867538,,0.045454545454545456,0.06088777165798818
1,630,CAFNet-D,0.13728212167261383,0.23365080824310527,,0.02127659574468085,0.1509218749155502
1,630,CAFNet-DG,0.18609290083575553,0.31488013066763093,,0.06666666666666667,0.20390463410420848
1,630,Group-only,0.2055524841561687,0.3052348839397012,,0.14285714285714285,0.22189912720332744
1,630,Global gate,0.1385557787546366,0.1951890007906611,,0.03225806451612903,0.14970998317945203
1,630,Drug gate,0.14716345949653878,0.2172607128522299,,0.008928571428571428,0.16420075690190633
1,630,Drug-stratum gate,0.1428423271351804,0.1951890007906611,,0.25,0.15216633586029968
1,637,CAFNet,0.6625325720477092,0.8899541168509599,0.13164656686172566,0.12781949458321723,0.7270991409508416
1,637,CAFNet-D,0.5767082473266871,1.0,0.042833511302784975,0.051305305330076656,0.6677604370935246
1,637,CAFNet-DG,0.653551363214322,1.0,0.06452526560285181,0.060551903701337395,0.7316984194191727
1,637,Group-only,0.6852981925769792,1.0,0.20546555160525748,0.0809692974363321,0.7653170560919076
1,637,Global gate,0.7342283344754074,1.0,0.1509570855218717,0.16256243756243755,0.8035014065608234
1,637,Drug gate,0.6066532035577615,1.0,0.1655137357732686,0.08841798113988572,0.6882243615184268
1,637,Drug-stratum gate,0.7213344887441262,1.0,0.3757787319223787,0.08734444204277768,0.7905211448953581
1,645,CAFNet,0.39529980996880926,0.36680070555131294,0.004048582995951417,,0.4351143291360645
1,645,CAFNet-D,0.555940014009578,0.8643145546088338,0.027777777777777776,,0.5757488828379818
1,645,CAFNet-DG,0.624506257612492,1.0,0.022222222222222223,,0.6464641606304516
1,645,Group-only,0.5866821107731739,0.8521705090845473,0.037037037037037035,,0.6063175289381614
1,645,Global gate,0.5253604903412509,0.8482378089219645,0.3333333333333333,,0.5408701619604608
1,645,Drug gate,0.517422627198652,0.7885497208855956,0.010101010101010102,,0.5570379037644382
1,645,Drug-stratum gate,0.6356426810076163,0.8701249883466594,0.25,,0.6515500270285868
1,647,CAFNet,0.31990275395901036,0.4006656406558819,0.04,0.03128930817610063,0.3503491009258901
1,647,CAFNet-D,0.37306036038074886,0.6059848036189865,0.0035714285714285713,0.058,0.4049606604098621
1,647,CAFNet-DG,0.38260034472799764,0.5326208815196265,0.00398406374501992,0.035661583866207575,0.41590964004893083
1,647,Group-only,0.40157955195090994,0.6168295842361275,0.006172839506172839,0.02010233918128655,0.43976888255484975
1,647,Global gate,0.40950668087159037,0.684383072597662,0.005319148936170213,0.019836328055506138,0.45253715031550623
1,647,Drug gate,0.31226590312662916,0.6437684113853992,0.003205128205128205,0.014764492753623189,0.35461971400325093
1,647,Drug-stratum gate,0.3320033015038431,0.6523706084452717,0.003663003663003663,0.019636015325670497,0.36545621003438183
1,659,CAFNet,0.4338136560598966,0.46582309483828654,,,0.4338136560598966
1,659,CAFNet-D,0.31959909160996114,0.2646202227274384,,,0.31959909160996114
1,659,CAFNet-DG,0.35632417508551806,0.35294615824339615,,,0.3563241750855181
1,659,Group-only,0.4088639148061899,0.3476293915547283,,,0.4088639148061899
1,659,Global gate,0.34862391183647734,0.43417548066792183,,,0.3488370405662301
1,659,Drug gate,0.29216909841909844,0.3636237070689246,,,0.30454635052674267
1,659,Drug-stratum gate,0.381247584503887,0.43808927588501717,,,0.381247584503887
1,660,CAFNet,0.35422605146873637,0.4766615935893098,,0.25,0.39263038548752827
1,660,CAFNet-D,0.5251364063619216,0.6004833831800817,,0.08333333333333333,0.5912072671798072
1,660,CAFNet-DG,0.4949231615723212,0.5862021414044021,,0.2,0.5517271412735623
1,660,Group-only,0.39619097324356417,0.5227343512133539,,0.125,0.4406316289956843
1,660,Global gate,0.4774035693724813,0.6004833831800817,,0.05,0.5409550144844263
1,660,Drug gate,0.532467015820047,0.6659966799668503,,0.14285714285714285,0.5986815156169996
1,660,Drug-stratum gate,0.48732823581560286,0.6004833831800817,,0.025,0.5524541462154482
1,661,CAFNet,0.6884203670850788,0.914856882358379,0.17065073041168657,0.25,0.7280315263592764
1,661,CAFNet-D,0.6937600234010671,0.7720617383222416,0.029386529386529386,0.14285714285714285,0.738743579446597
1,661,CAFNet-DG,0.7113288697301617,0.8482378089219645,0.06282051282051282,1.0,0.7531841062384468
1,661,Group-only,0.5916914749191345,0.8482378089219645,0.011771222822323778,0.01818181818181818,0.6372082775727025
1,661,Global gate,0.33827367286628457,0.3227266260473092,0.006854256854256854,0.00625,0.39335858202297264
1,661,Drug gate,0.6357951471311547,0.7027284035579431,0.044268406337371856,0.14285714285714285,0.674960349375376
1,661,Drug-stratum gate,0.6919512390012098,0.772837825180752,0.019904931669637554,0.16666666666666666,0.7378855263854838
1,673,CAFNet,0.5071896061829617,0.933745776545611,0.007752286699655121,0.056555662282201574,0.5936925851388266
1,673,CAFNet-D,0.5106530409719982,1.0,0.009724170172978028,0.03290720577086057,0.5999370896930862
1,673,CAFNet-DG,0.5261126766310559,1.0,0.009631663234957677,0.03979195966003781,0.6152765444805873
1,673,Group-only,0.5055825924223704,0.8572048559638626,0.02025963808025177,0.09885066907378119,0.5809242217669934
1,673,Global gate,0.4456948224467621,0.7909506325094736,0.026392534266550013,0.022090296863161957,0.5276440406596546
1,673,Drug gate,0.4904934454184423,0.8579809428223729,0.013523358528367179,0.05212466042055258,0.572430879069336
1,673,Drug-stratum gate,0.4453845471583265,0.8643145546088338,0.010114003228410008,0.045432161337009544,0.5204341508812388
1,675,CAFNet,0.05757385992022144,0.0,,0.01818181818181818,0.06356205930182467
1,675,CAFNet-D,0.06919595354801575,0.15593787927983163,,0.009174311926605505,0.07953210602776402
1,675,CAFNet-DG,0.060941785147536606,0.0,,0.010309278350515464,0.06842208593699685
1,675,Group-only,0.10186152035326737,0.15291137700635812,,0.2,0.10854071400354724
1,675,Global gate,0.07734157335135361,0.1744142429082535,,0.008849557522123894,0.08843843911351612
1,675,Drug gate,0.11171586627044297,0.22432294601898903,,0.005376344086021506,0.1305856539688489
1,675,Drug-stratum gate,0.07595399849459801,0.1821658288910462,,0.005376344086021506,0.09063166391565408
1,689,CAFNet,0.3760310328488269,0.3637085028318161,,,0.380245244865174
1,689,CAFNet-D,0.5233900801470662,0.6378891765242928,,,0.5260810984000348
1,689,CAFNet-DG,0.49148487669964963,0.5716349530699038,,,0.49409946935571897
1,689,Group-only,0.525966136749862,0.6285108926059099,,,0.5286541683391813
1,689,Global gate,0.5347913984775174,0.7027284035579431,,,0.5388591400031655
1,689,Drug gate,0.5065537459927908,0.6253338941235215,,,0.5138422459983064
1,689,Drug-stratum gate,0.5117331998248169,0.6188656458779801,,,0.513985085053644
1,709,CAFNet,0.2094698401946231,0.303015184570382,0.004545454545454545,,0.22909794804733988
1,709,CAFNet-D,0.21364011348673223,0.3301376494471203,0.005714285714285714,,0.23180614606966599
1,709,CAFNet-DG,0.23221622394834426,0.3301376494471203,0.00558659217877095,,0.25103205223095265
1,709,Group-only,0.23761578681878462,0.3963918729015093,0.005917159763313609,,0.2609870755097907
1,709,Global gate,0.24358842161632452,0.4505655760587972,0.007246376811594203,,0.2628499343348326
1,709,Drug gate,0.21595266728056925,0.43510989559304186,0.008264462809917356,,0.241413508230334
1,709,Drug-stratum gate,0.26191432216545807,0.3589542101716347,0.009009009009009009,,0.28593393390362964
1,745,CAFNet,0.16184773971908803,0.2444405754507224,,0.1431818181818182,0.17458632359575937
1,745,CAFNet-D,0.19849017037475922,0.38431135260440824,,0.037037037037037035,0.21858314275546983
1,745,CAFNet-DG,0.21183886738437546,0.3785009188665826,,0.0636986301369863,0.23008719463930533
1,745,Group-only,0.15285559435431365,0.23365080824310527,,0.045714285714285714,0.1699372798745456
1,745,Global gate,0.18151811871471676,0.3301376494471203,,0.011854103343465046,0.2040044232905402
1,745,Drug gate,0.19343418929591974,0.31488013066763093,,0.04673913043478261,0.21173746682350095
1,745,Drug-stratum gate,0.15726333303465648,0.30701473034246535,,0.024065540194572452,0.17620339660297243
2,26,CAFNet,0.4511506614859632,0.6678193126863042,0.03772409791695147,0.2156777728387129,0.6020654892845159
2,26,CAFNet-D,0.5030080369288346,0.8701249883466594,0.03939686107176242,0.15052647592224877,0.6176390113038664
2,26,CAFNet-DG,0.515802154155399,0.8701249883466594,0.0411637434117068,0.18698720061668747,0.6235318295794664
2,26,Group-only,0.5113042384154561,0.8572048559638626,0.028542696451088343,0.15579105674038687,0.6197547602812334
2,26,Global gate,0.48599507230803296,0.9363792118010483,0.03386653904680689,0.17828549911280456,0.5973544452029087
2,26,Drug gate,0.4844938150332406,0.8701249883466594,0.027234266940081,0.13825828784428348,0.6037839998972047
2,26,Drug-stratum gate,0.47487238345077726,1.0,0.031481278742047994,0.18807560124591755,0.5814932871772236
2,48,CAFNet,0.22699110289760743,0.3589542101716347,,,0.24048893294693463
2,48,CAFNet-D,0.16474794328039774,0.23365080824310527,,,0.16611990190309694
2,48,CAFNet-DG,0.22305789270289125,0.3301376494471203,,,0.22610576013871908
2,48,Group-only,0.18084250076171887,0.2984900352767556,,,0.1837693541386157
2,48,Global gate,0.1867487312619784,0.2895229882348575,,,0.18812247562205672
2,48,Drug gate,0.1913663542725531,0.3052348839397012,,,0.193639121981821
2,48,Drug-stratum gate,0.12118038171587238,0.17993148201117176,,,0.12377662019386061
2,49,CAFNet,0.5791207450544376,1.0,1.0,0.06666666666666667,0.6126228965001169
2,49,CAFNet-D,0.5900319544038211,0.866947989864271,0.034482758620689655,0.06408450704225352,0.6273593570429344
2,49,CAFNet-DG,0.5954067874634542,0.8006937664098821,0.07692307692307693,0.1388888888888889,0.6261555297969226
2,49,Group-only,0.6164360092442732,0.9266360779006398,0.014925373134328358,0.02340153452685422,0.6478201436263402
2,49,Global gate,0.6968151464580858,1.0,0.00510204081632653,0.01324561403508772,0.7364449872769846
2,49,Drug gate,0.6445167326169744,0.8643145546088338,0.013157894736842105,0.03061797752808989,0.6763709285996162
2,49,Drug-stratum gate,0.5944804995173919,0.866947989864271,1.0,0.05101010101010101,0.6214026734363458
2,52,CAFNet,0.02504410943511437,0.0,0.05,0.053929121725731895,0.027174416968596373
2,52,CAFNet-D,0.03704478028902672,0.0,0.010101010101010102,0.005752527871402645,0.05587558877181519
2,52,CAFNet-DG,0.03759157449903343,0.0,0.015873015873015872,0.006962849827051794,0.05358643191460529
2,52,Group-only,0.05578695649034448,0.0,0.01818181818181818,0.024726775956284155,0.07740542323565405
2,52,Global gate,0.06577771655576556,0.1264713513838286,0.047619047619047616,0.02175925925925926,0.09442926631361326
2,52,Drug gate,0.048165271528186296,0.0,0.1111111111111111,0.0707070707070707,0.06041183359568615
2,52,Drug-stratum gate,0.07299741665509071,0.0731168384439099,0.038461538461538464,0.25757575757575757,0.09073115860517436
2,64,CAFNet,0.5498198760267266,0.866947989864271,,0.014600728003012426,0.6133855341020449
2,64,CAFNet-D,0.5479861738676007,0.8318477135310891,,0.03599922271881853,0.6045941805480292
2,64,CAFNet-DG,0.5570307155887755,0.8318477135310891,,0.03377457481503724,0.6147450908312139
2,64,Group-only,0.5393131724620884,0.8414929602590189,,0.3418245040963094,0.5939688724017261
2,64,Global gate,0.46442080262971114,0.6051399156371955,,0.038404406051464876,0.5103613540135105
2,64,Drug gate,0.5140751631488222,0.8165901947515998,,0.013806181613244912,0.569960059903477
2,64,Drug-stratum gate,0.5415574606155844,0.9052116356304493,,0.019917860232483296,0.601105908366992
2,67,CAFNet,0.4626343880977424,0.4818809355796683,,0.3333333333333333,0.4737908266033164
2,67,CAFNet-D,0.555199359337266,0.7695261902392829,,0.1111111111111111,0.570224983465269
2,67,CAFNet-DG,0.5818777726045702,0.7753366239771086,,1.0,0.5931701825865746
2,67,Group-only,0.587114959971255,0.8512360941594274,,1.0,0.597998900872582
2,67,Global gate,0.48244329041721984,0.7670273914429263,,0.5,0.5022648653189287
2,67,Drug gate,0.5727368910586833,0.7967610662472993,,1.0,0.5774944119508935
2,67,Drug-stratum gate,0.5032801127072488,0.8364586133797036,,0.5,0.5189771095383324
2,69,CAFNet,0.4769483016413405,0.6947651160602988,0.10149885956337569,,0.5225197874529581
2,69,CAFNet-D,0.5486331857940419,0.866947989864271,0.18433048433048432,,0.5892546695465006
2,69,CAFNet-DG,0.5656599574844146,0.9266360779006398,0.18517103811221458,,0.6045571571722305
2,69,Group-only,0.5633320792620127,0.8572048559638626,0.0389948195550912,,0.6117171168376292
2,69,Global gate,0.3665037088571933,0.5957616317188126,0.020069510699195856,,0.46462006800505135
2,69,Drug gate,0.5715721568845619,0.933745776545611,0.18064913424617834,,0.6147197493669104
2,69,Drug-stratum gate,0.5490836171641675,1.0,0.3597002174588382,,0.6010101348927126
2,79,CAFNet,0.43289530228893414,0.7951657524814092,0.04096282311219843,0.02493804146582619,0.542151084958975
2,79,CAFNet-D,0.544492414219674,1.0,0.016075120806616487,0.08209286605020133,0.6566063919379377
2,79,CAFNet-DG,0.5463327993013315,1.0,0.01667576109841176,0.07829806790107233,0.6609037347877462
2,79,Group-only,0.5644143252889645,0.933745776545611,0.013903015005956185,0.0442035177426678,0.6820201289769099
2,79,Global gate,0.4882160424921489,1.0,0.03959720508565918,0.06822903482379881,0.5902018409349117
2,79,Drug gate,0.5037728369580838,0.9266360779006398,0.014485967926689575,0.0387105620047502,0.6139366257853718
2,79,Drug-stratum gate,0.5096774534912336,0.9363792118010483,0.012863739645337801,0.1206228441039847,0.6181909978818322
2,88,CAFNet,0.13994962525078,0.23047380976071702,0.016760828625235404,0.048256395647072216,0.19757758105694323
2,88,CAFNet-D,0.1684226891340093,0.06625422345438896,0.028617216117216116,0.019656433950623636,0.21023975909251924
2,88,CAFNet-DG,0.17345519088065395,0.07839826897867538,0.03816425120772947,0.02173349730964293,0.21843475506440513
2,88,Group-only,0.17117575045678116,0.06943122193677731,0.020976200080677694,0.02396124797413946,0.19988485682294724
2,88,Global gate,0.12792983692865306,0.06625422345438896,0.021001344086021508,0.02730118314634935,0.1803733129117313
2,88,Drug gate,0.1606891475612356,0.06943122193677731,0.012812500000000001,0.02481846328801747,0.22466230155006794
2,88,Drug-stratum gate,0.1242022738166712,0.2200917662980802,0.012695685376097747,0.01788106320946208,0.17215977425003456
2,109,CAFNet,0.7675940294334157,1.0,0.4099172065664209,0.5208657577795544,0.9083313466651504
2,109,CAFNet-D,0.7765025140098563,1.0,0.3828299200520146,0.4736477983386548,0.9374070716537468
2,109,CAFNet-DG,0.7834321919199473,1.0,0.40761605445931737,0.519899764798776,0.9334492654394464
2,109,Group-only,0.7637464168078776,1.0,0.34722461451617637,0.46759609787653356,0.9272951465521087
2,109,Global gate,0.7417048323258789,1.0,0.3157367037681519,0.38896174692093366,0.9128702025440671
2,109,Drug gate,0.7419529049334712,1.0,0.2916343119257356,0.4160175449080445,0.9179730367017331
2,109,Drug-stratum gate,0.736624089631258,1.0,0.34552040070290513,0.4357443630581357,0.8943538534195148
2,123,CAFNet,0.04542158831109725,0.0,0.022727272727272728,0.08978494623655914,0.05768799102132435
2,123,CAFNet-D,0.05711740995095025,0.10893649261775587,0.00909090909090909,0.013307005494505496,0.08793677880708596
2,123,CAFNet-DG,0.04118122104027929,0.0,0.010416666666666666,0.016828117237953303,0.05984542206306977
2,123,Group-only,0.04899886540440995,0.08431423425588576,0.015625,0.008448349459305634,0.07397944452808014
2,123,Global gate,0.04327696350674526,0.07979453856244821,0.00909090909090909,0.021638655462184873,0.06226652604361583
2,123,Drug gate,0.06642164417048205,0.1264713513838286,0.008547008547008548,0.006316793893129771,0.10603469307195057
2,123,Drug-stratum gate,0.036142536632916285,0.0,0.010309278350515464,0.017094017094017096,0.05146719430960564
2,134,CAFNet,0.385072965766737,0.5730379245414764,0.026633300982574864,0.0976108764779767,0.4921205234552881
2,134,CAFNet-D,0.4463748500294008,0.9305687780632227,0.026427612468948564,0.10740342144118072,0.5558159326422349
2,134,CAFNet-DG,0.4341970592416634,0.866947989864271,0.025959226896966885,0.1034166261458825,0.5383369526629183
2,134,Group-only,0.5083892574811022,0.933745776545611,0.11610269708044445,0.08734904116894428,0.6142224772982552
2,134,Global gate,0.4555094210324942,0.8415908474314976,0.03202922148345473,0.14743454540116435,0.555089622472516
2,134,Drug gate,0.5009980202996887,0.9305687780632227,0.0834113249712665,0.16330775913419232,0.5737917637174543
2,134,Drug-stratum gate,0.35989678223975324,0.8630152897016883,0.026257853394633185,0.09164030716617359,0.4777673940217795
2,150,CAFNet,0.017003620695802194,0.0,0.02,0.023255813953488372,0.01920351752890089
2,150,CAFNet-D,0.015871747730600783,0.0,0.14285714285714285,0.007751937984496124,0.016581392847912775
2,150,CAFNet-DG,0.018463282291277257,0.0,0.1111111111111111,0.008849557522123894,0.019449035747655156
2,150,Group-only,0.012059301323442958,0.0,0.018518518518518517,0.018518518518518517,0.013698121152576816
2,150,Global gate,0.029709464280960773,0.0,0.1111111111111111,0.125,0.030915912012363333
2,150,Drug gate,0.009001156966969463,0.0,0.008547008547008548,0.00510204081632653,0.011886562534618367
2,150,Drug-stratum gate,0.03964707074130545,0.0,0.03333333333333333,0.02857142857142857,0.0505955599615477
2,151,CAFNet,0.3774139261482841,0.914856882358379,,0.03150029459038195,0.44673252493647614
2,151,CAFNet-D,0.3859136964589093,1.0,,0.02444670324031003,0.4409517315036027
2,151,CAFNet-DG,0.393298357749174,1.0,,0.021113146026189262,0.4476168991195166
2,151,Group-only,0.3421157221596609,0.933745776545611,,0.013547080077680634,0.40372378643730794
2,151,Global gate,0.349679604893937,1.0,,0.018758464829738294,0.41017758836277046
2,151,Drug gate,0.3116093261687099,0.8630152897016883,,0.03702063650877688,0.37236574709590153
2,151,Drug-stratum gate,0.2962712806630197,0.7788065869851872,,0.020615352918627372,0.3499888575406359
2,152,CAFNet,0.32363241971516615,0.23214029024010668,,,0.3236324197151662
2,152,CAFNet-D,0.5059228346821472,0.5884674004369674,,,0.507380555909509
2,152,CAFNet-DG,0.48953612730316526,0.5618918191694954,,,0.48953612730316526
2,152,Group-only,0.5443797595567121,0.6500332220485792,,,0.5460892243501019
2,152,Global gate,0.6130616056490571,0.7312625444731049,,,0.6130616056490571
2,152,Drug gate,0.7001769948935646,0.8611375561264455,,,0.7011140765535379
2,152,Drug-stratum gate,0.6016403552120843,0.7827392871477701,,,0.6046876959432484
2,153,CAFNet,0.3792835523297897,0.6840182226156365,0.07164177555601019,0.045541674451287074,0.45884064357419696
2,153,CAFNet-D,0.41291523824704973,0.4634464183177906,0.044255300566661014,0.0300802059515579,0.4794359132108721
2,153,CAFNet-DG,0.4095221047840233,0.5619107241149829,0.05004601171621751,0.034552914530397355,0.4741599789520722
2,153,Group-only,0.4249215452685762,0.5993294818993699,0.02196796923808418,0.04382475807991042,0.48359191932100465
2,153,Global gate,0.5033694851967103,0.8701249883466594,0.047166227376559476,0.029404019869584543,0.5815999359162677
2,153,Drug gate,0.4198662986405653,0.6937613565160449,0.02738916748817739,0.046566929229665516,0.4980651600387558
2,153,Drug-stratum gate,0.442719792953149,0.6961622681399229,0.03340378149433766,0.02701582315869363,0.5249190139443922
2,166,CAFNet,0.418059779446102,0.7917063341896682,0.014640338270556486,0.03195501917069758,0.512444893838686
2,166,CAFNet-D,0.5870038846460538,0.914856882358379,0.015284132427674627,0.030014739282811155,0.6701375718721534
2,166,CAFNet-DG,0.5461319684652531,0.914856882358379,0.01490781006704467,0.032915087930676296,0.6308265484511079
2,166,Group-only,0.5896119517475565,0.933745776545611,0.017391803718418333,0.04971792932753666,0.6717029140185413
2,166,Global gate,0.5807199903408453,0.9266360779006398,0.01418112767473134,0.02790546976502275,0.6734314430978976
2,166,Drug gate,0.5349231914251487,0.684383072597662,0.018715509867718326,0.06551635246661426,0.596808759059612
2,166,Drug-stratum gate,0.5206055733371711,0.7799082337019198,0.018063217579468965,0.027706474540731933,0.6192435613585041
2,184,CAFNet,0.47725678435921215,0.6235540477207573,0.1619047619047619,0.057055808000920305,0.5337264537168447
2,184,CAFNet-D,0.5462081353101153,0.7058075148678526,0.038643923049262854,0.01996943115364168,0.620817486932627
2,184,CAFNet-DG,0.5400476394050671,0.706583601726363,0.053601953601953606,0.02523537280461066,0.6128987409029021
2,184,Group-only,0.5142304448899101,0.7125523635307982,0.052340767530640944,0.03836709509668773,0.5830579277122017
2,184,Global gate,0.5601778489202389,0.866947989864271,0.06894841269841269,0.03279688182515038,0.6379770417720342
2,184,Drug gate,0.4706058345086845,0.6968404678259545,0.5972222222222222,0.05806502525252526,0.5240717433769875
2,184,Drug-stratum gate,0.4755045631317234,0.7720617383222416,0.09278221778221778,0.029358949405854047,0.5383944803148155
2,203,CAFNet,0.31616767191626194,0.31860012550944633,0.16613831675307086,0.12644300144300144,0.3591446209566927
2,203,CAFNet-D,0.2674744885908382,0.5670429581667767,0.015060282748541952,0.030080971659919027,0.33874760105993384
2,203,CAFNet-DG,0.30161512467618856,0.6306637463657284,0.019541666206916844,0.03627946127946128,0.3739761088369643
2,203,Group-only,0.25010219626573,0.5519699720241614,0.01224094783588699,0.02327021221284223,0.3083099039669573
2,203,Global gate,0.3262362388816172,0.5837154733670048,0.02414027029880688,0.12648809523809523,0.3857363224521335
2,203,Drug gate,0.24028159873384825,0.5302442049991306,0.01151105931330475,0.017219392629228697,0.30725649730734855
2,203,Drug-stratum gate,0.2448410110259512,0.5648901044069582,0.02347735267646863,0.05996170165867636,0.2968264589459632
2,217,CAFNet,0.4226877301341475,0.5309999066793252,0.015179885768121062,0.019428330295471814,0.5033459796511288
2,217,CAFNet-D,0.5536303409784353,0.9305687780632227,0.014887272282281412,0.04173575119252667,0.646656764524251
2,217,CAFNet-DG,0.5481296135971494,1.0,0.014378238027197,0.03716975312425548,0.6365826987586407
2,217,Group-only,0.5288601292585111,1.0,0.013084007467101148,0.06329705516292684,0.6199217214013667
2,217,Global gate,0.5302389330469547,0.9363792118010483,0.007431772509135758,0.15267619880498134,0.6115408064826662
2,217,Drug gate,0.5172266229769968,0.9266360779006398,0.010831602289037047,0.047345517598208466,0.5968503441434799
2,217,Drug-stratum gate,0.5202394618231627,0.933745776545611,0.007642917117532625,0.04378471534069879,0.6066434318363174
2,219,CAFNet,0.4507495384909638,0.718342412090308,0.03232824854021736,0.08846153846153845,0.4989444481159102
2,219,CAFNet-D,0.6133344097265531,0.9363792118010483,0.10302521008403362,0.1290160642570281,0.6823097067647123
2,219,CAFNet-DG,0.5802246469781253,1.0,0.08981541334482512,0.12908163265306122,0.6441898744376181
2,219,Group-only,0.5723793249923846,0.866947989864271,0.16302200422372096,0.031014023732470333,0.6358158843228128
2,219,Global gate,0.5400284544402721,0.8701249883466594,0.04275448156045171,0.04200359389038634,0.6005865634587947
2,219,Drug gate,0.584661232514253,1.0,0.023785000891742465,0.01167485364376556,0.6613668069165004
2,219,Drug-stratum gate,0.5800474548062022,0.933745776545611,0.017181257105733313,0.03766233766233766,0.6500103030446797
2,221,CAFNet,0.608177793154843,0.8899541168509599,0.06020057311508644,0.2400953154278464,0.7414838271173336
2,221,CAFNet-D,0.5508022423622876,0.7799082337019198,0.059284324779850836,0.19698133299391332,0.7381603831096187
2,221,CAFNet-DG,0.5804597852292147,0.7799082337019198,0.0598183319268815,0.218866475937927,0.7386976066158708
2,221,Group-only,0.6137829423687187,0.7799082337019198,0.08167486048669102,0.2945191710095735,0.7398909112513804
2,221,Global gate,0.5760288309033711,0.7019727018777485,0.05024930370003287,0.2072244372473984,0.722177440080848
2,221,Drug gate,0.6787885160232398,0.8611375561264455,0.09452550348019309,0.288845886599296,0.7905137439451162
2,221,Drug-stratum gate,0.6499284890863823,0.9052116356304493,0.0724722244865749,0.31295071677272013,0.7897641702819845
2,224,CAFNet,0.15368859154726142,0.1388624438735545,0.5,0.008849557522123894,0.17160446228183512
2,224,CAFNet-D,0.14025365635636874,0.13568544539116625,0.5833333333333333,0.006535947712418301,0.14941560460074624
2,224,CAFNet-DG,0.14918768835404406,0.06362078819895167,0.8333333333333333,0.006756756756756757,0.1503947906952594
2,224,Group-only,0.2598975912974541,0.27108847097297983,0.41666666666666663,0.00847457627118644,0.29827482327482324
2,224,Global gate,0.13746561684647918,0.0,0.225,0.00684931506849315,0.18278850795669505
2,224,Drug gate,0.10713129839572766,0.06362078819895167,0.05303030303030303,0.023809523809523808,0.1265369481777952
2,224,Drug-stratum gate,0.22774258087164834,0.2211934130148128,0.6666666666666666,0.02040816326530612,0.24228989761027736
2,244,CAFNet,0.48173928092803353,0.6311443278613471,,,0.49552979647373785
2,244,CAFNet-D,0.5692114704756157,0.8389574121760602,,,0.5754806584898368
2,244,CAFNet-DG,0.5989624439009799,0.8415908474314976,,,0.6042869042158455
2,244,Group-only,0.5565880396627888,0.8263333286520083,,,0.5627665264279648
2,244,Global gate,0.5184943537329939,0.7753366239771086,,,0.5207114511980897
2,244,Drug gate,0.25839382314399023,0.3792377156012897,,,0.28008202014264855
2,244,Drug-stratum gate,0.29279058535087094,0.31879392588472627,,,0.3103354000456252
2,248,CAFNet,0.5204984932695461,0.6947651160602988,0.12855173257612623,0.1688664684602534,0.6077525080798313
2,248,CAFNet-D,0.5580281209404858,0.9363792118010483,0.04549464621766913,0.10100458568692328,0.6580048012497447
2,248,CAFNet-DG,0.5670189899915375,0.9216017310213245,0.04930474868390935,0.20012000230020463,0.6604145740661791
2,248,Group-only,0.6035251591579399,0.9363792118010483,0.09613060987906998,0.14294695217697956,0.6944573713695359
2,248,Global gate,0.5448352615818364,0.9216017310213245,0.11713052185481157,0.19917974673613772,0.6440977273043186
2,248,Drug gate,0.5668812770404064,0.9305687780632227,0.03707301091499143,0.21006402606451763,0.6603184388133081
2,248,Drug-stratum gate,0.5155739308149673,1.0,0.06451471391431438,0.0976491355626694,0.6218544604998931
2,254,CAFNet,0.12422816195571154,0.2200917662980802,0.00390625,0.03285469524256684,0.1651242688146211
2,254,CAFNet-D,0.24797142085222657,0.510069131458292,0.029411764705882353,0.043225379441161976,0.326936769972046
2,254,CAFNet-DG,0.21835259971398963,0.5077181160122074,0.020833333333333332,0.039579425741906135,0.2862151922526278
2,254,Group-only,0.1952934513937932,0.412449713642891,0.009345794392523364,0.025251860807244418,0.2637056841584614
2,254,Global gate,0.1423324067748467,0.3785009188665826,0.0038461538461538464,0.028327537422403543,0.18836165667436544
2,254,Drug gate,0.19860669346369472,0.38431135260440824,0.00847457627118644,0.04267458123947172,0.25991879654810857
2,254,Drug-stratum gate,0.16211227380833856,0.5206178632166883,0.007633587786259542,0.037161363496334934,0.21646157488486814
2,263,CAFNet,0.32069610104512797,0.15139734109600997,,,0.33514678643543283
2,263,CAFNet-D,0.6054742566972601,0.7136540102475308,,,0.6115358859773811
2,263,CAFNet-DG,0.608501295858117,0.7162874455029681,,,0.6145997451221004
2,263,Group-only,0.6005651767490873,0.7065443116025597,,,0.6064209547667475
2,263,Global gate,0.60442022088354,0.7136540102475308,,,0.6051160553209299
2,263,Drug gate,0.6162050707907861,0.6402900881481708,,,0.6276215923297905
2,263,Drug-stratum gate,0.627314080943364,0.7975167679274938,,,0.6298718876936997
2,265,CAFNet,0.18247008097499293,0.26845503571754253,0.005128205128205128,,0.19999045478324765
2,265,CAFNet-D,0.21279759669508622,0.31516255047698355,0.005,,0.2319341567877351
2,265,CAFNet-DG,0.18489085389632473,0.24936270394794907,0.004975124378109453,,0.2000874522956819
2,265,Group-only,0.2800834310194258,0.4225749983705864,0.009345794392523364,,0.30542730662914375
2,265,Global gate,0.277916342333635,0.4662774717636409,0.007874015748031496,,0.3027467803240035
2,265,Drug gate,0.2005532839874341,0.22400556151517553,0.004166666666666667,,0.2198791942501887
2,265,Drug-stratum gate,0.25229261746942183,0.393758437646072,0.010869565217391304,,0.2791812674046747
2,273,CAFNet,0.3575527400028552,0.5263304097820353,0.06473003022674916,0.10690067271078495,0.46353907018056273
2,273,CAFNet-D,0.4721325226627,0.7065443116025597,0.05409741378556118,0.09895191847976392,0.5726282040721413
2,273,CAFNet-DG,0.4547096841748964,0.7104770117651424,0.0711285179492467,0.10710530370495794,0.5523040589665035
2,273,Group-only,0.485116133739462,0.8236998933965709,0.07386002317955608,0.11350940867534046,0.5733066217711263
2,273,Global gate,0.5273414376890636,0.933745776545611,0.07818973640625057,0.12128485000851653,0.6366035626053589
2,273,Drug gate,0.5164991492005493,0.8899541168509599,0.06401118774793019,0.10201592324963905,0.6196202158723487
2,273,Drug-stratum gate,0.48604536915900565,0.6500332220485792,0.07108974451421633,0.10745635107248935,0.5768361665104094
2,278,CAFNet,0.3659609391278552,0.3787833386759353,,0.014705882352941176,0.383303664634735
2,278,CAFNet-D,0.4807307164642886,0.6464018466408364,,0.02564102564102564,0.4973677675096215
2,278,CAFNet-DG,0.45465236381166607,0.6405914129030108,,0.02702702702702703,0.469282703650271
2,278,Group-only,0.48180778108182243,0.6405914129030108,,0.004405286343612335,0.4989734977529494
2,278,Global gate,0.4605894943059587,0.6316243658611127,,0.00980392156862745,0.4757447288019967
2,278,Drug gate,0.42337730457122374,0.46081298306235335,,0.022727272727272728,0.4379505265286027
2,278,Drug-stratum gate,0.4344402447165236,0.5360735436824438,,0.007407407407407408,0.4507552253622823
2,283,CAFNet,0.200570561803351,0.2200917662980802,,0.0032258064516129032,0.21830112704479887
2,283,CAFNet-D,0.22584692915234575,0.46035860613699897,,0.0036900369003690036,0.25221569411387423
2,283,CAFNet-DG,0.22220594823573062,0.3979478965435962,,0.003484320557491289,0.2430703288694072
2,283,Group-only,0.3886549523602393,0.4950940324881553,,0.008695652173913044,0.40762543416945796
2,283,Global gate,0.18639058002486006,0.3398414932237255,,0.0072992700729927005,0.224600441521443
2,283,Drug gate,0.4260482288718322,0.6520881886359191,,0.015873015873015872,0.444302931191892
2,283,Drug-stratum gate,0.1832412593579234,0.36680070555131294,,0.00392156862745098,0.206475395147695
2,287,CAFNet,0.45089234116600224,0.6607970247179615,,0.023255813953488372,0.4829030311649912
2,287,CAFNet-D,0.6275172040793724,0.866947989864271,,0.02564102564102564,0.6772391121358511
2,287,CAFNet-DG,0.6419483570890064,0.8643145546088338,,0.027777777777777776,0.6896117438807154
2,287,Group-only,0.6023419968813046,0.8701249883466594,,0.027777777777777776,0.6481943531880278
2,287,Global gate,0.6478967460272256,0.8630152897016883,,0.015625,0.7129801365140364
2,287,Drug gate,0.5281109742933332,0.7720617383222416,,0.02564102564102564,0.5798495102580543
2,287,Drug-stratum gate,0.5764617148050911,0.7819835854675755,,0.0033333333333333335,0.6196758308442725
2,294,CAFNet,0.6041467598425287,1.0,0.052422463381367496,0.19067243304054995,0.6899431586569054
2,294,CAFNet-D,0.5905550663378467,1.0,0.03069469400248267,0.11656349476468043,0.6765661293829777
2,294,CAFNet-DG,0.6196438820569606,1.0,0.038421249532360646,0.17896110447170002,0.7053544821620196
2,294,Group-only,0.6007377318933627,1.0,0.0101406490015361,0.20247154707720513,0.6750097029703368
2,294,Global gate,0.5681425180542231,0.8701249883466594,0.03813008130081301,0.07205719076095402,0.6559596815404847
2,294,Drug gate,0.5262180465516109,1.0,0.035501628433871425,0.0904734451413638,0.5974140553502982
2,294,Drug-stratum gate,0.5646096926807318,1.0,0.013301497385134416,0.1695266094664919,0.6510397282483497
2,311,CAFNet,0.2937792825503393,0.642923523403608,,0.035759897828863345,0.3167304992716355
2,311,CAFNet-D,0.36810475141889726,0.6285108926059099,,0.04777777777777778,0.39311116423501163
2,311,CAFNet-DG,0.3684303269697058,0.642923523403608,,0.06173913043478261,0.38785665793315965
2,311,Group-only,0.33667708492090836,0.5708588662113935,,0.09166666666666667,0.35905279195656836
2,311,Global gate,0.4194369441066351,0.7104770117651424,,0.225,0.43647982063622887
2,311,Drug gate,0.3520675501137209,0.6429424283490955,,0.0151259559154296,0.37121894501755004
2,311,Drug-stratum gate,0.3933195716205873,0.7257345305446319,,0.012724071702944942,0.4153544615730402
2,325,CAFNet,0.3352482660321824,0.3052348839397012,0.06454102652356665,0.05516076714496381,0.3774797412443267
2,325,CAFNet-D,0.4761943124695994,0.8553475075669357,0.2177128427128427,0.026287570228337692,0.5267060998271683
2,325,CAFNet-DG,0.5057516350768666,0.8579809428223729,0.17478632478632478,0.03587773514567277,0.5556549485977217
2,325,Group-only,0.4886363323347655,0.791726719367984,0.01748393440543027,0.05887493263690254,0.5379616160994003
2,325,Global gate,0.4358833814198278,0.8553475075669357,0.014160699047487258,0.03630047103996275,0.5038100563990154
2,325,Drug gate,0.4267783466044592,0.8643145546088338,0.008975301718969323,0.02522961446796159,0.4786574785187502
2,325,Drug-stratum gate,0.32699662015451647,0.9266360779006398,0.009166156731064249,0.06097014901172709,0.39662871670893146
2,331,CAFNet,0.28741778302818005,0.31954962756492084,,,0.28821298142011403
2,331,CAFNet-D,0.6980314316689902,0.8482378089219645,,,0.698195989130541
2,331,CAFNet-DG,0.7422634528602455,0.8579809428223729,,,0.742334667786894
2,331,Group-only,0.6898411924014126,0.8521705090845473,,,0.6898411924014126
2,331,Global gate,0.473336322712621,0.6906478832608419,,,0.47931117235467213
2,331,Drug gate,0.5747934294696309,0.6717589890736099,,,0.5754797477154016
2,331,Drug-stratum gate,0.6524221799510315,0.835780413693672,,,0.6525968829559231
2,332,CAFNet,0.7037307790778315,0.9216017310213245,0.1750439003689717,0.37195033688700263,0.8578174418943105
2,332,CAFNet-D,0.7535194079759381,1.0,0.16211339671359187,0.3735935784764013,0.8726064118676009
2,332,CAFNet-DG,0.7567146361680446,1.0,0.18363300981207262,0.4245088727934322,0.874889402147999
2,332,Group-only,0.7657382518321192,1.0,0.23144775764245434,0.38051533986761865,0.8785392262868962
2,332,Global gate,0.7788120315158574,1.0,0.22857485928214547,0.43397064369186356,0.8800398606682911
2,332,Drug gate,0.7380982664885677,1.0,0.22652662044546198,0.3859443503147328,0.8655976502924264
2,332,Drug-stratum gate,0.728715368857872,1.0,0.18084872858763157,0.38559846743830356,0.8640378286057301
2,365,CAFNet,0.5913953455096752,1.0,0.007194244604316547,,0.6288070665831327
2,365,CAFNet-D,0.530773721554892,0.9305687780632227,0.0035087719298245615,,0.5576187794725895
2,365,CAFNet-DG,0.6015042213954375,1.0,0.0036231884057971015,,0.6299032403145459
2,365,Group-only,0.5564617271818503,0.793584067764911,0.010638297872340425,,0.5802057605955835
2,365,Global gate,0.4607775239951774,0.7778721720600672,0.005813953488372093,,0.4877726660026479
2,365,Drug gate,0.5689608296843286,0.8643145546088338,0.0035842293906810036,,0.5914044296211798
2,365,Drug-stratum gate,0.5580737706721208,0.933745776545611,0.0125,,0.5843108589923693
2,372,CAFNet,0.5726885124450924,0.7975167679274938,0.06389150601523805,0.16765784296113684,0.7211241168163597
2,372,CAFNet-D,0.6700856878423092,1.0,0.08294282877999194,0.23082962512068664,0.7864574251134955
2,372,CAFNet-DG,0.669866364797065,1.0,0.08919695610269536,0.21602713155486677,0.776631565033711
2,372,Group-only,0.616770506417378,0.9305687780632227,0.06819335336813873,0.157764471625341,0.7655326041431278
2,372,Global gate,0.5925417053063283,0.914856882358379,0.0633816512217678,0.2027781289244881,0.7316358318772119
2,372,Drug gate,0.7011054429767268,1.0,0.05451710368739557,0.33515403852911196,0.8010901411193856
2,372,Drug-stratum gate,0.6126427870535787,1.0,0.060808459036556545,0.1717876434551698,0.764556367931098
2,388,CAFNet,0.053338347914217876,0.0,,,0.06158250462783589
2,388,CAFNet-D,0.11356845768610475,0.22004653412513592,,,0.11356845768610475
2,388,CAFNet-DG,0.09827205628750776,0.21109268758922906,,,0.09844353875342562
2,388,Group-only,0.050883120480412984,0.0,,,0.05382552483358935
2,388,Global gate,0.07491744148158253,0.20013668095426848,,,0.07821025994939039
2,388,Drug gate,0.060560480399023855,0.0,,,0.06345688736631537
2,388,Drug-stratum gate,0.03127426193313925,0.0,,,0.03490438388256864
2,399,CAFNet,0.5063461318316155,0.8572048559638626,0.36011402978240237,0.03524842303277164,0.6022394992209499
2,399,CAFNet-D,0.6289108596768235,1.0,0.15047305695115912,0.06058328276676567,0.7437102417619783
2,399,CAFNet-DG,0.6204538368464345,1.0,0.21155448173212613,0.06839766978284356,0.7310348235783808
2,399,Group-only,0.6159915851431104,1.0,0.11066956652931297,0.04046379188427882,0.7377902158540242
2,399,Global gate,0.628587807984314,0.9266360779006398,0.04393566251746558,0.022599788091855234,0.761538522876786
2,399,Drug gate,0.6873532235356457,0.9363792118010483,0.29629202935654547,0.060070577775744954,0.8122516651921511
2,399,Drug-stratum gate,0.5904121075355401,0.9363792118010483,0.2888117165683861,0.040722936706397046,0.7024585222335519
2,401,CAFNet,0.70347548514638,1.0,0.09300763884988822,0.20091551333632132,0.8466759874106543
2,401,CAFNet-D,0.7168012908921212,1.0,0.07248464828091192,0.23331949644519073,0.855377168114488
2,401,CAFNet-DG,0.7399106993409384,1.0,0.074412257883431,0.24587030473742416,0.8726582371043733
2,401,Group-only,0.6968710959819208,1.0,0.06516911538891557,0.19475723227096647,0.828392505839051
2,401,Global gate,0.6423441155081083,1.0,0.09969575198060271,0.14239412133112334,0.8052724852192319
2,401,Drug gate,0.6676503395217893,1.0,0.05983981494329443,0.15513945766489567,0.8248596578746781
2,401,Drug-stratum gate,0.7158875455032511,1.0,0.07154981283784391,0.22798879279112444,0.8426824683721512
2,403,CAFNet,0.3944700281117602,0.6136525857537392,0.015458677240604308,0.08510793373270319,0.5009933614318185
2,403,CAFNet-D,0.38779961203501667,0.791726719367984,0.012953738371182404,0.06398174413507897,0.47855590286855576
2,403,CAFNet-DG,0.4033640051425448,0.7125523635307982,0.013109349392173727,0.06996048651701617,0.48983971935548654
2,403,Group-only,0.40846695373939224,0.8006937664098821,0.010067846041053385,0.08244527756624276,0.5113067268384237
2,403,Global gate,0.4086483027591554,0.7885497208855956,0.013279312362903695,0.06796202050066728,0.5063997323003124
2,403,Drug gate,0.40021509058750054,0.7222954974312067,0.010678712003090451,0.07054275983592843,0.48141434537453787
2,403,Drug-stratum gate,0.39389785288174656,0.8006937664098821,0.01143902682640887,0.07220365630773343,0.4756113432473697
2,414,CAFNet,0.0686923356302199,0.09478836436955075,0.050718553892101614,0.02199745395234117,0.09347627419346521
2,414,CAFNet-D,0.13666967766950294,0.2200917662980802,0.14506172839506173,0.2222222222222222,0.15739452432849282
2,414,CAFNet-DG,0.13841954525650185,0.2200917662980802,0.15958049886621314,0.2611111111111111,0.15842249240655976
2,414,Group-only,0.1714855306651683,0.2200917662980802,0.4583333333333333,0.6095238095238096,0.1787627662918651
2,414,Global gate,0.18138922247892048,0.4448530294934503,0.04441976152502468,0.06515649738156132,0.23733642090011312
2,414,Drug gate,0.20979438904725428,0.513528549750033,0.052181014960834535,0.04869352869352869,0.2826295479738312
2,414,Drug-stratum gate,0.188661535073194,0.37466610587647853,0.12353629976580796,0.10895445134575568,0.2310597651916274
2,452,CAFNet,0.33530168124250953,0.21801641453242443,0.02127659574468085,0.008547008547008548,0.35759477823933566
2,452,CAFNet-D,0.525689087726162,0.8048109992093389,0.012987012987012988,0.014285714285714285,0.5615196165844077
2,452,CAFNet-DG,0.519256647690332,0.7534494445524138,0.014925373134328358,0.014705882352941176,0.5535289947080052
2,452,Group-only,0.5319724668511049,0.7385567757549499,0.015384615384615385,0.1111111111111111,0.56300916163635
2,452,Global gate,0.523854780240578,0.7315449642824575,0.058823529411764705,0.047619047619047616,0.5548051480459807
2,452,Drug gate,0.5337257878358279,0.7151857987862356,0.008620689655172414,0.003389830508474576,0.571639474825905
2,452,Drug-stratum gate,0.5557356694880896,0.8611375561264455,0.015873015873015872,0.006289308176100629,0.5953062451781961
2,467,CAFNet,0.5233563852393465,0.6947651160602988,0.014109697933227345,0.012124540674192543,0.6208786362917429
2,467,CAFNet-D,0.6897582672300548,1.0,0.020420877751626747,0.02202383430263402,0.7917811568560946
2,467,CAFNet-DG,0.680445310707512,1.0,0.023578595317725753,0.018433005439075705,0.776631745923078
2,467,Group-only,0.6198574207888029,1.0,0.03706395348837209,0.024133946229493258,0.7519005813085986
2,467,Global gate,0.5846108817133777,1.0,0.036235955056179776,0.0172726507097697,0.7166956665413218
2,467,Drug gate,0.3429129136424629,0.7104770117651424,0.06640625,0.014541389428181882,0.4353231026930641
2,467,Drug-stratum gate,0.5228234686881594,0.9305687780632227,0.2544642857142857,0.019002934642823453,0.6219144647711257
2,480,CAFNet,0.36014337096718685,0.4990267326507382,,1.0,0.3788082467580347
2,480,CAFNet-D,0.46085555708167886,0.8611375561264455,,0.011494252873563218,0.479957710153939
2,480,CAFNet-DG,0.4393485348636155,0.7162874455029681,,0.017857142857142856,0.45522467449273135
2,480,Group-only,0.44947091819899,0.7799082337019198,,0.04,0.4663003468169162
2,480,Global gate,0.3633684485131516,0.6961622681399229,,0.007633587786259542,0.4042558613493085
2,480,Drug gate,0.41810814594113915,0.835780413693672,,0.005952380952380952,0.4401790195279489
2,480,Drug-stratum gate,0.46302632118478293,0.7948833326720566,,0.16666666666666666,0.4804936385903585
2,486,CAFNet,0.3129656144301096,0.3675540416412887,,0.006622516556291391,0.3338812902186993
2,486,CAFNet-D,0.19391943515610255,0.19930623359011795,,0.011363636363636364,0.20634511472646191
2,486,CAFNet-DG,0.2421334538450187,0.28744763646920174,,0.011627906976744186,0.25739217176979584
2,486,Group-only,0.2453923278611913,0.1427951440361374,,0.020833333333333332,0.2614389501347171
2,486,Global gate,0.27743534927534164,0.28481420121376444,,0.016129032258064516,0.2960892497165268
2,486,Drug gate,0.24023853291994693,0.1585070397409811,,0.006329113924050633,0.2577796064023178
2,486,Drug-stratum gate,0.18366244747541763,0.15176219107803549,,0.03333333333333333,0.19484346255524976
2,500,CAFNet,0.10831824365673556,0.2200917662980802,0.012903834541062802,0.010079015892969383,0.14758014575456957
2,500,CAFNet-D,0.09873038413697048,0.1388624438735545,0.031434405405490695,0.005819600750267953,0.13174680789152124
2,500,CAFNet-DG,0.09012844552073093,0.1388624438735545,0.025626407221499246,0.006174013965258091,0.11959620163687484
2,500,Group-only,0.12877088080156243,0.2200917662980802,0.06555555555555555,0.007941480530058581,0.1713932144765791
2,500,Global gate,0.12018278234290483,0.2200917662980802,0.012645941567510194,0.012646043547530536,0.16605569475264542
2,500,Drug gate,0.08201001034724399,0.1100458831490401,0.012235029146793853,0.014782481109236299,0.10757303026963241
2,500,Drug-stratum gate,0.0816982098027405,0.1388624438735545,0.007488687782805431,0.021673092651010632,0.10932519626346011
2,505,CAFNet,0.3170208496018068,0.46945447024602927,,0.013378684807256236,0.3728588939284126
2,505,CAFNet-D,0.1355993999187844,0.23992089480238074,,0.02253004005340454,0.15645858930252807
2,505,CAFNet-DG,0.20206172277657689,0.2735872697693365,,0.013039901275195394,0.23525336217771406
2,505,Group-only,0.16016146086157124,0.24703059344735187,,0.02699859747545582,0.18343483643972508
2,505,Global gate,0.13755998764299981,0.20248323207250618,,0.03315789473684211,0.156523786256245
2,505,Drug gate,0.19061600067060572,0.28351493630661884,,0.03982930298719772,0.21949569048356582
2,505,Drug-stratum gate,0.17730210306551314,0.2618080742270756,,0.03968253968253968,0.2026109578524033
2,512,CAFNet,0.39408083901713703,0.550770786630823,0.5,,0.4196587741122183
2,512,CAFNet-D,0.4283959561365409,0.6520881886359191,0.1,,0.45482023877034045
2,512,CAFNet-DG,0.47262937046814524,0.7059054020403313,0.14285714285714285,,0.5016781083811203
2,512,Group-only,0.43048228693742074,0.6961622681399229,0.16666666666666666,,0.4558787628539096
2,512,Global gate,0.5087458459778108,0.6618313225363276,0.25,,0.535911731853252
2,512,Drug gate,0.358753826853227,0.5933607200949346,0.030303030303030304,,0.3859788356248634
2,512,Drug-stratum gate,0.47696454001120486,0.718342412090308,0.1111111111111111,,0.508006497543253
2,519,CAFNet,0.4450340911347968,0.7215194105726964,0.009449894195695845,0.06710682626160365,0.5581242035985201
2,519,CAFNet-D,0.49867893888630754,1.0,0.008819052735249352,0.06663250088473462,0.6509711506819225
2,519,CAFNet-DG,0.5259141427355062,1.0,0.008645132046187092,0.06853088859352165,0.6401614679995193
2,519,Group-only,0.5049235206366851,0.9363792118010483,0.006724127594524962,0.05713837468012576,0.6481704048714252
2,519,Global gate,0.5528129795914478,0.8643145546088338,0.00931520955617341,0.06509405779480684,0.6327480845075386
2,519,Drug gate,0.49291434522650845,1.0,0.007705812225860581,0.05336271340836746,0.5988518567934724
2,519,Drug-stratum gate,0.5655547787080526,1.0,0.00755502202334763,0.06513546598264397,0.6448618659526479
2,536,CAFNet,0.5749115708278375,0.9305687780632227,0.02866737593965605,0.21035742397744872,0.6619611850956086
2,536,CAFNet-D,0.6383889002215939,1.0,0.05546310095490423,0.20797261656816313,0.7266914119720064
2,536,CAFNet-DG,0.6372965879464806,1.0,0.053396988640607074,0.24319427960321724,0.7227238921171866
2,536,Group-only,0.6601626535395712,1.0,0.034341930963006036,0.22073129095012953,0.7531134243357377
2,536,Global gate,0.621619841201917,1.0,0.09182939665698288,0.1515406040190683,0.7158280176464558
2,536,Drug gate,0.6600763697311859,1.0,0.028524406940222298,0.15334094886032615,0.7604098453763268
2,536,Drug-stratum gate,0.6120491012549117,1.0,0.04147641132256517,0.18553685265784584,0.7182214128573092
2,548,CAFNet,0.3787829471418328,0.5964984284535196,0.11225552191527241,0.06599047811442219,0.4900953228047348
2,548,CAFNet-D,0.6122486381152992,1.0,0.3562444259092834,0.21484347832072326,0.7317447472937204
2,548,CAFNet-DG,0.5393836328449004,1.0,0.31830146167154866,0.16301943725865647,0.652429330521511
2,548,Group-only,0.542438121097803,1.0,0.10230553383216867,0.12126642774640617,0.678637375947261
2,548,Global gate,0.5131332679326172,1.0,0.11526232838848126,0.10040687728687034,0.6445293431218245
2,548,Drug gate,0.5885642546796793,0.9305687780632227,0.2648769045693343,0.32789735452398466,0.6918086115150899
2,548,Drug-stratum gate,0.5422184956912112,0.9363792118010483,0.12074607053475504,0.1500378745611937,0.6772050106348182
2,560,CAFNet,0.4405508350929234,0.16421958630632805,,0.12141690009337068,0.47346807285242626
2,560,CAFNet-D,0.6608395716488422,0.933745776545611,,0.09574090505767525,0.6931561313096881
2,560,CAFNet-DG,0.6572151690158069,0.8630152897016883,,0.2055948637316562,0.6856041205594271
2,560,Group-only,0.670974411154119,1.0,,0.057129493313703844,0.7067313967505829
2,560,Global gate,0.6191648909986984,0.933745776545611,,0.16035732133933034,0.6522090747710252
2,560,Drug gate,0.6616865208581778,0.933745776545611,,0.0894969983097278,0.694191497225594
2,560,Drug-stratum gate,0.6643579042375342,1.0,,0.29900332225913623,0.6905938429869927
2,566,CAFNet,0.3017256020637024,0.6470538417566039,,0.014305461238021672,0.3478637850930265
2,566,CAFNet-D,0.3907569621255228,0.8482378089219645,,0.010206807081807082,0.4295199811901399
2,566,CAFNet-DG,0.43378755016881476,0.9363792118010483,,0.011008494305231254,0.47099446614306334
2,566,Group-only,0.3911614148802733,0.8603818544462509,,0.016166960611405053,0.43385663809140995
2,566,Global gate,0.3577445698020867,0.772837825180752,,0.009970657168142763,0.40466870451715153
2,566,Drug gate,0.3703123846609415,0.933745776545611,,0.010660443156821717,0.4105744454691343
2,566,Drug-stratum gate,0.3585982566055067,0.866947989864271,,0.009087177190625467,0.41102315019062297
2,576,CAFNet,0.35588386940206745,0.33184124553682204,,0.015817172533808516,0.40973786206859675
2,576,CAFNet-D,0.48056133933155415,0.7136540102475308,,0.017324867967575493,0.5494656456451652
2,576,CAFNet-DG,0.4846177415358425,0.7065443116025597,,0.01604114950343928,0.5547850161913266
2,576,Group-only,0.4894949113803178,0.7162874455029681,,0.01166850807030717,0.562941332616851
2,576,Global gate,0.45311545266653613,0.7162874455029681,,0.01777956370335721,0.5197508561923072
2,576,Drug gate,0.4712273404312964,0.7503359712972109,,0.013197124121164427,0.5432571694955289
2,576,Drug-stratum gate,0.4064504178770179,0.6719377023185354,,0.016090448456909448,0.47028755835509706
2,577,CAFNet,0.555448914389255,0.6410457898283652,,,0.563249054425525
2,577,CAFNet-D,0.515642180578521,0.6530488081313034,,,0.5211261156983235
2,577,CAFNet-DG,0.5236601226602285,0.624232247406789,,,0.5273987920407243
2,577,Group-only,0.5164611949241931,0.6281460426238843,,,0.5177730228811822
2,577,Global gate,0.5184871388999998,0.5734923014668307,,,0.5190918252189718
2,577,Drug gate,0.5819128135935933,0.7254521107352793,,,0.5830969402038538
2,577,Drug-stratum gate,0.5834048431234099,0.7799082337019198,,,0.584721376347986
2,591,CAFNet,0.41689416790647066,0.5483327772244703,1.0,0.052832168924539284,0.4574326951593872
2,591,CAFNet-D,0.6227262766768632,0.8630152897016883,0.2,0.17218333189295076,0.6914446949944977
2,591,CAFNet-DG,0.6219764075295787,1.0,1.0,0.28160140184047366,0.672725269921012
2,591,Group-only,0.6675978970978026,0.9305687780632227,0.3333333333333333,0.14158772262220537,0.7233911437493664
2,591,Global gate,0.6607053800400375,0.7799082337019198,0.2,0.15324442675159236,0.7121773764450109
2,591,Drug gate,0.5821766374603238,0.9216017310213245,0.3333333333333333,0.08465309200603317,0.6346800358511006
2,591,Drug-stratum gate,0.6208480059285361,0.914856882358379,0.16666666666666666,0.04551982145143881,0.6836580307973026
2,604,CAFNet,0.38008835990709383,0.5496754593904236,,,0.39038586718497925
2,604,CAFNet-D,0.5115609117008423,0.6618313225363276,,,0.5155601420662348
2,604,CAFNet-DG,0.5180453855230902,0.7453016244178956,,,0.5216730120834354
2,604,Group-only,0.5733380673925816,0.7721596254947203,,,0.5761481087902978
2,604,Global gate,0.4811097556418032,0.5795003533950693,,,0.4882270753829237
2,604,Drug gate,0.4628224227313261,0.7065632165480472,,,0.4676681698072477
2,604,Drug-stratum gate,0.4594971736923592,0.7254521107352793,,,0.4644629340975435
2,613,CAFNet,0.189115227951745,0.2329726085570737,0.02442281634354805,0.02693055812519765,0.24662171337340552
2,613,CAFNet-D,0.28313822874359973,0.7136540102475308,0.013433706816059758,0.020720611265687992,0.3817331421865088
2,613,CAFNet-DG,0.2654128957962082,0.6253338941235215,0.013205128205128206,0.021727759952042618,0.3535990238168717
2,613,Group-only,0.308077112394957,0.7975167679274938,0.010922962834122538,0.021178302502815,0.4169867831208747
2,613,Global gate,0.31639534564991373,0.8611375561264455,0.016593587284187448,0.028264753696811827,0.42878729824393963
2,613,Drug gate,0.2899654479898701,0.6969383549984333,0.028475980288417933,0.01764928989585824,0.39035454994112706
2,613,Drug-stratum gate,0.2903909073924711,0.6961622681399229,0.1946846846846847,0.029095650096498768,0.38161592831259783
2,635,CAFNet,0.13620819016418942,0.3198747510605213,0.013407379868017474,0.021000716291687274,0.20209464874418984
2,635,CAFNet-D,0.14808257598580285,0.2895229882348575,0.03165490947445834,0.01710500181726039,0.21958406482646262
2,635,CAFNet-DG,0.15866692924049433,0.2984900352767556,0.030685932909749265,0.01687710837301001,0.23489385381022068
2,635,Group-only,0.1431409636192417,0.2200917662980802,0.01482719095174527,0.04037899235267656,0.20852025875580846
2,635,Global gate,0.13079403869439796,0.2895229882348575,0.015454545454545455,0.011833105276158605,0.1995204117737789
2,635,Drug gate,0.14268174817823887,0.2200917662980802,0.015855426094787798,0.009548478852773545,0.21489274404639663
2,635,Drug-stratum gate,0.11838282360856336,0.2200917662980802,0.007558303366769711,0.015310943536749989,0.1763461965658246
2,636,CAFNet,0.6119484300936315,0.8611375561264455,,,0.6197840352567134
2,636,CAFNet-D,0.7188427804361863,1.0,,,0.7198311283346465
2,636,CAFNet-DG,0.7172279849386591,1.0,,,0.7188028609129119
2,636,Group-only,0.6647163343439022,0.933745776545611,,,0.6762107352118711
2,636,Global gate,0.61928545933056,1.0,,,0.6240479342112941
2,636,Drug gate,0.5908413051478968,0.9363792118010483,,,0.5997903123089837
2,636,Drug-stratum gate,0.5416398703106587,0.8006937664098821,,,0.5474580438773877
2,638,CAFNet,0.2782307765652469,0.40408855203223926,,,0.2798659005581834
2,638,CAFNet-D,0.47151478082804005,0.6489315753318465,,,0.47877356825039097
2,638,CAFNet-DG,0.45191383571969024,0.6489315753318465,,,0.45647100933618723
2,638,Group-only,0.43384672569457816,0.6961622681399229,,,0.4381711185284698
2,638,Global gate,0.389842253794868,0.5958595188912912,,,0.3907786959062643
2,638,Drug gate,0.4506807920312507,0.6110191504983019,,,0.45603553191235685
2,638,Drug-stratum gate,0.4878235663186356,0.7846170207230129,,,0.4915952075951444
2,648,CAFNet,0.1190979223387229,0.0980646175538648,0.0033783783783783786,0.004310344827586207,0.13976383374439774
2,648,CAFNet-D,0.17060659886206264,0.23690530871965648,0.016666666666666666,0.0034482758620689655,0.18772386796709184
2,648,CAFNet-DG,0.15786584966489284,0.22476126319537007,0.011904761904761904,0.003389830508474576,0.17384205930780824
2,648,Group-only,0.11329344828055034,0.20827328063201603,0.009900990099009901,0.0036363636363636364,0.13068378450889043
2,648,Global gate,0.16937426794425792,0.14876390584057267,0.3333333333333333,0.0049504950495049506,0.1835375742882226
2,648,Drug gate,0.18133478353137872,0.23690530871965648,0.008064516129032258,0.0038314176245210726,0.19824771676526529
2,648,Drug-stratum gate,0.14814022714394004,0.2329726085570737,0.022727272727272728,0.0031746031746031746,0.1654733936405661
2,672,CAFNet,0.10514615017020698,0.16027990991902227,0.01184885290148448,0.009070996023740218,0.1438204228566448
2,672,CAFNet-D,0.1883933658253529,0.25880978898961277,0.010835035171318357,0.03074103515279986,0.2573062418085968
2,672,CAFNet-DG,0.16874430229492024,0.20483424751859086,0.010613682092555332,0.02201872201872202,0.2306231980899929
2,672,Group-only,0.16808107776942185,0.22400556151517553,0.006860388901026873,0.04892813213846424,0.22768241259904087
2,672,Global gate,0.2100657546095681,0.32227224912195473,0.014867237217467633,0.061766660057258345,0.28607461611472307
2,672,Drug gate,0.18659868962573042,0.2489083270225946,0.030952380952380953,0.06063829787234043,0.24405812527852874
2,672,Drug-stratum gate,0.15708931334139273,0.22400556151517553,0.03051537070524412,0.07315564552406657,0.2049716084980818
2,681,CAFNet,0.48409234303304927,1.0,0.06430710862403205,0.128763361748567,0.6696288621285309
2,681,CAFNet-D,0.5668343578437727,1.0,0.10226859111968359,0.16735438835546318,0.7175280928247378
2,681,CAFNet-DG,0.566311834509644,1.0,0.09124128885801357,0.16811621025755374,0.720895156275452
2,681,Group-only,0.5493760599011166,1.0,0.09206983060701124,0.15250974732488135,0.7221262023544978
2,681,Global gate,0.5203708452204506,1.0,0.11621786900886086,0.18294621345208556,0.6640325092743773
2,681,Drug gate,0.5207886162777433,1.0,0.0918095002411185,0.14367867689358405,0.6831304071947337
2,681,Drug-stratum gate,0.5569263703480737,1.0,0.08790103082602202,0.16174165780622088,0.7284096285767376
2,690,CAFNet,0.25848760417173533,0.4233117951052935,,0.009155881157812433,0.2975671734303134
2,690,CAFNet-D,0.5354907863754259,0.793584067764911,,0.08080296896086368,0.580065094465757
2,690,CAFNet-DG,0.4962710473860363,0.8603818544462509,,0.03488374548157157,0.54196010720696
2,690,Group-only,0.4908990455748637,0.8006937664098821,,0.04059124736880447,0.535780188450629
2,690,Global gate,0.4662993430764942,0.7967610662472993,,0.019300836170384247,0.5175046081934405
2,690,Drug gate,0.46489473934875464,0.8006937664098821,,0.031920040743570154,0.508906753131495
2,690,Drug-stratum gate,0.49620495114828883,0.8006937664098821,,0.025030131826741995,0.5455401572019694
2,693,CAFNet,0.45791219019407486,0.8325041605093579,0.023667937188573244,0.018745820030815114,0.5526417261913149
2,693,CAFNet-D,0.6095351097840577,1.0,0.010549652955566934,0.1495264682367424,0.6916569837732832
2,693,CAFNet-DG,0.5803672232922229,1.0,0.011428633626909487,0.10862264383936211,0.6588048588922338
2,693,Group-only,0.7380911373816367,1.0,0.09076923076923077,0.1935505319148936,0.82231515281728
2,693,Global gate,0.6752939334056087,1.0,0.01857238232530054,0.06063762626262627,0.7678984761509314
2,693,Drug gate,0.6322235426066356,1.0,0.017411165042638347,0.1337016721862612,0.7156460907987561
2,693,Drug-stratum gate,0.6595689972191139,1.0,0.028178611511944847,0.41154315124043156,0.7302332364330869
2,695,CAFNet,0.5437471956461337,0.6776279782764284,,,0.5483663032682641
2,695,CAFNet-D,0.6210497443548291,0.7104928563593766,,,0.6210497443548291
2,695,CAFNet-DG,0.7138946720446133,0.8253470553818276,,,0.7142122533454264
2,695,Group-only,0.5345805502686237,0.6163628268069786,,,0.5361629412792204
2,695,Global gate,0.5597015473827068,0.636344241074302,,,0.5597015473827069
2,695,Drug gate,0.4970527349680325,0.5821955163800782,,,0.4989546038565647
2,695,Drug-stratum gate,0.6054534484359045,0.7504741612175507,,,0.6069541008934948
2,703,CAFNet,0.5412792874282318,0.9052116356304493,0.09556295093795093,0.04014136719850225,0.6482359037478208
2,703,CAFNet-D,0.4326460800446073,0.6371523797895857,0.03664769028958038,0.055250452100528605,0.5163003864094722
2,703,CAFNet-DG,0.5225741402741542,0.77523873680463,0.07988828490695427,0.0638844223333152,0.622915543045962
2,703,Group-only,0.470190010839985,0.7819835854675755,0.03231874372427368,0.2730220202978965,0.5601209281939444
2,703,Global gate,0.5420290510033381,0.9363792118010483,0.025325713235592656,0.11031029065200314,0.6473644558150301
2,703,Drug gate,0.44534829334718135,0.6936634693435662,0.026865459102301207,0.26516649450628516,0.5263526451355159
2,703,Drug-stratum gate,0.4524998198196659,0.6332196796270029,0.01994420822503386,0.2737345987345987,0.5352815622076029
2,710,CAFNet,0.42570176893183104,0.5766692999492191,,0.05555555555555555,0.4488290618980731
2,710,CAFNet-D,0.48103159454475214,0.7059054020403313,,0.01098901098901099,0.5103779876427469
2,710,CAFNet-DG,0.5633491423307475,0.793584067764911,,0.0136986301369863,0.5960245953440971
2,710,Group-only,0.5348066202874211,0.8521705090845473,,0.04,0.5638916596560817
2,710,Global gate,0.5258985140639629,0.7909506325094736,,0.025,0.551540845818333
2,710,Drug gate,0.42921384940161594,0.6816808362189439,,0.007936507936507936,0.4565268645695059
2,710,Drug-stratum gate,0.4539340187194967,0.7471589728148225,,0.020833333333333332,0.4786052088148587
2,714,CAFNet,0.07830901225892808,0.0,0.0625,0.3791423001949318,0.08833744299919519
2,714,CAFNet-D,0.10647147253999974,0.12987501165334064,0.125,0.11753246753246753,0.11267216583058487
2,714,CAFNet-DG,0.09621173990799092,0.0,0.16666666666666666,0.36961451247165533,0.09753094776010149
2,714,Group-only,0.09527073029763128,0.0,0.043478260869565216,0.13280258451598015,0.10653542696748282
2,714,Global gate,0.12956255543258588,0.06362078819895167,1.0,0.3811965811965812,0.13038917089099197
2,714,Drug gate,0.10925642269805033,0.0,0.03571428571428571,0.18097643097643096,0.11264147518345023
2,714,Drug-stratum gate,0.10796941904897737,0.12987501165334064,0.125,0.06165689149560117,0.1185382780089666
2,744,CAFNet,0.3268869507321084,0.3024038304938509,,,0.3284626524843916
2,744,CAFNet-D,0.5432196840400687,0.6906478832608419,,,0.5451817484914075
2,744,CAFNet-DG,0.5042057902973397,0.6683063269107927,,,0.5057657035066674
2,744,Group-only,0.5610978140010328,0.7019727018777485,,,0.5623106989305467
2,744,Global gate,0.5154669902446264,0.6172839611614819,,,0.5171205812033492
2,744,Drug gate,0.5187105985293262,0.6578986223737447,,,0.5205345411780283
2,744,Drug-stratum gate,0.5486088743485533,0.6906478832608419,,,0.5525224552014931
2,746,CAFNet,0.20557372659266812,0.39895121972522835,0.0311631154780933,0.016113795986244746,0.28314145205246577
2,746,CAFNet-D,0.3078116514744833,0.715550648768261,0.04261848205410009,0.05474560989933581,0.3755022478840752
2,746,CAFNet-DG,0.3034857634618473,0.6936634693435662,0.05047744239354696,0.04021436990187828,0.3682377963572898
2,746,Group-only,0.33289909872299484,0.7859162856301584,0.023392228967076538,0.01797029458624231,0.4071988591552636
2,746,Global gate,0.3413226090654051,0.7967610662472993,0.05547302967472188,0.04291714444463414,0.41624769870294587
2,746,Drug gate,0.3063457331400217,0.6901935063354876,0.05885568307083015,0.0521469218738532,0.3696032515897588
2,746,Drug-stratum gate,0.32080528791549145,0.715550648768261,0.03973649473649474,0.044313535212754204,0.3929928307543786
3,1,CAFNet,0.03570172406032976,0.06943122193677731,0.005917159763313609,0.019398855152261564,0.045929070353507954
3,1,CAFNet-D,0.028938270301773022,0.0,0.0037593984962406013,0.012871735393559168,0.03697139489623324
3,1,CAFNet-DG,0.029826882804102315,0.0,0.0038910505836575876,0.013448326249438685,0.03785656542314134
3,1,Group-only,0.033390029739833946,0.0,0.005434782608695652,0.015464432468133026,0.04170757972032832
3,1,Global gate,0.029542196934552914,0.0,0.006060606060606061,0.013070813008782347,0.03944236776797277
3,1,Drug gate,0.026638837456524223,0.0,0.004807692307692308,0.0160372136163792,0.03208743611331315
3,1,Drug-stratum gate,0.04124131509350284,0.0,0.004310344827586207,0.014918117176723141,0.05319247268558269
3,12,CAFNet,0.4369555139193577,0.5868924718493931,,,0.4537233181980136
3,12,CAFNet-D,0.5195417600861367,0.6719377023185354,,,0.5203472489386827
3,12,CAFNet-DG,0.5032009768932054,0.6812060741152737,,,0.5045614843618204
3,12,Group-only,0.5194184087097214,0.7421246259355072,,,0.5209352240222341
3,12,Global gate,0.4365544718594974,0.544221363816962,,,0.44188371953940997
3,12,Drug gate,0.49491312147889704,0.7564477297898765,,,0.4974599919345008
3,12,Drug-stratum gate,0.5418923508020956,0.6083169141195838,,,0.5434080763638068
3,15,CAFNet,0.06659941271194468,0.0,,,0.067827788423079
3,15,CAFNet-D,0.4393873733068106,0.6404564565611456,,,0.4509098485445048
3,15,CAFNet-DG,0.1932913005384802,0.2381129204348816,,,0.19402731749976987
3,15,Group-only,0.49369519397669115,0.6800761159906734,,,0.49455924927623035
3,15,Global gate,0.15260175191325742,0.24738635904833414,,,0.17674913773037942
3,15,Drug gate,0.4465165970979924,0.4935232796777481,,,0.4466983051537162
3,15,Drug-stratum gate,0.4528910825520995,0.5809949937791562,,,0.4532657079267248
3,19,CAFNet,0.24768796524677555,0.3335840124774402,,,0.24788917249023631
3,19,CAFNet-D,0.29006771584276,0.39499692112648077,,,0.29487794203402595
3,19,CAFNet-DG,0.2926712335732482,0.38391202314388534,,,0.293824048109289
3,19,Group-only,0.2534272258240456,0.36637716437781265,,,0.25475356244950065
3,19,Global gate,0.14250019954521137,0.2663675653175515,,,0.14799619240408712
3,19,Drug gate,0.2869197973338182,0.39499692112648077,,,0.2897568833146961
3,19,Drug-stratum gate,0.2936440333488646,0.39499692112648077,,,0.2952594793948813
3,43,CAFNet,0.1631020546037333,0.2200917662980802,0.009356365500803474,0.0306315326776493,0.20203466405830847
3,43,CAFNet-D,0.1591845232474975,0.26144322424505007,0.03368825148486165,0.033463341827312414,0.19426916940491165
3,43,CAFNet-DG,0.16226822889779172,0.18844415212771548,0.03123678646934461,0.03473333907785906,0.19386189953226096
3,43,Group-only,0.20541332278006252,0.31833954895937194,0.01932842481035252,0.031758897330037755,0.24946929644147295
3,43,Global gate,0.24786566075890462,0.3811343541220199,0.052662907268170425,0.04037001564687299,0.2983141168228598
3,43,Drug gate,0.18888948685945295,0.1585070397409811,0.013692538692538694,0.026564181592105954,0.23005249125259264
3,43,Drug-stratum gate,0.18394068052142537,0.18844415212771548,0.015200319346980195,0.04623957376294793,0.22033986531180874
3,54,CAFNet,0.24867929579940232,0.5834330535576522,0.022222222222222223,0.039643165376064396,0.3101221992299342
3,54,CAFNet-D,0.2992301374495618,0.49545888247018083,0.3333333333333333,0.46346465946611454,0.34265926952554193
3,54,CAFNet-DG,0.29080866564102514,0.49545888247018083,0.5,0.28165114314295636,0.3394842791538508
3,54,Group-only,0.2395277042370462,0.4858136357422511,0.041666666666666664,0.0702861331342842,0.28854250085932304
3,54,Global gate,0.2992048006321142,0.5837154733670048,0.03125,0.13846006564958974,0.3614759977653309
3,54,Drug gate,0.28357783194578795,0.5670429581667767,0.3333333333333333,0.26452962328191687,0.33279334679515254
3,54,Drug-stratum gate,0.25634683848912126,0.6429424283490955,0.006134969325153374,0.024869681001756475,0.3205632782187515
3,59,CAFNet,0.2645124059277679,0.1610425878239397,0.05,0.028312788906009245,0.2936130262540553
3,59,CAFNet-D,0.4705675839498877,0.7975167679274938,0.013157894736842105,0.09074074074074073,0.5132067787489726
3,59,CAFNet-DG,0.39945446616241614,0.5964984284535196,0.01639344262295082,0.04050925925925926,0.4352584845072079
3,59,Group-only,0.446637323632721,0.7948833326720566,0.0136986301369863,0.04086892488954345,0.48753051204136155
3,59,Global gate,0.5081439418294239,0.7799082337019198,0.00980392156862745,0.016889957631970688,0.5549529126774116
3,59,Drug gate,0.467544854592671,0.718342412090308,0.017241379310344827,0.014407131011608624,0.5121988417073512
3,59,Drug-stratum gate,0.49398773500470894,0.7312625444731049,0.5,0.04612937433722163,0.5346642519793025
3,80,CAFNet,0.21780497221030526,0.24703059344735187,0.010805158519898866,0.030254770484453762,0.2980255276716458
3,80,CAFNet-D,0.24516290608741867,0.3476293915547283,0.01177970177970178,0.01588108531173003,0.304134016603112
3,80,CAFNet-DG,0.25391551573979954,0.3476293915547283,0.011557472612092091,0.016383824705044167,0.31683631109588883
3,80,Group-only,0.2998213577994067,0.3347092591719315,0.023441803674361814,0.050091174776061016,0.34365458794370235
3,80,Global gate,0.18374576902638234,0.16815228646891087,0.009551610469041662,0.015641196036809725,0.2501921689243395
3,80,Drug gate,0.2659148087234535,0.4080731812712916,0.008866925071676048,0.018682897400134707,0.32631948594657045
3,80,Drug-stratum gate,0.26300711363364365,0.30308203017988256,0.009983311956651945,0.020761804276193514,0.3198943676604125
3,82,CAFNet,0.034490997616818314,0.0,0.004694835680751174,0.011585282361066743,0.053307934239021644
3,82,CAFNet-D,0.05410522406566946,0.0,0.003194888178913738,0.010020882527580828,0.07245247690456398
3,82,CAFNet-DG,0.045179313110860465,0.0,0.0031847133757961785,0.00982639211039509,0.060194704937901265
3,82,Group-only,0.06276026705189174,0.1427951440361374,0.006493506493506494,0.012432204985898638,0.08640966849048826
3,82,Global gate,0.05075168990823662,0.12987501165334064,0.00398406374501992,0.016732903901861797,0.067758427065033
3,82,Drug gate,0.05638121096986931,0.13568544539116625,0.004545454545454545,0.012490187104913134,0.07823342332270679
3,82,Drug-stratum gate,0.07020758556322931,0.13961814555374907,0.005747126436781609,0.021080950969382006,0.09079477887567354
3,121,CAFNet,0.11504307738315754,0.09092803061897885,,,0.12154064407256064
3,121,CAFNet-D,0.20616960187206365,0.21624063148843978,,,0.20842009926678118
3,121,CAFNet-DG,0.2071658303239712,0.14829723057014907,,,0.2091417628412289
3,121,Group-only,0.21338750998834413,0.2869963922095203,,,0.21716446520368085
3,121,Global gate,0.21143757452012404,0.21624063148843978,,,0.21226593816864367
3,121,Drug gate,0.2568158362542312,0.3841498266070611,,,0.26072772273862527
3,121,Drug-stratum gate,0.15806709748231257,0.14829723057014907,,,0.15876026088621997
3,127,CAFNet,0.30401871460173313,0.412449713642891,0.008928571428571428,,0.3274558952397988
3,127,CAFNet-D,0.40343418363607675,0.642186726668901,0.003952569169960474,,0.43216965145170405
3,127,CAFNet-DG,0.45655861283292376,0.7222954974312067,0.004149377593360996,,0.48830417759351075
3,127,Group-only,0.40179718705568895,0.6489315753318465,0.01,,0.4301544384154478
3,127,Global gate,0.4214182724309948,0.7183627972686238,0.0030303030303030303,,0.4510687127269572
3,127,Drug gate,0.38663452962640055,0.6332196796270029,0.003048780487804878,,0.41578007174412024
3,127,Drug-stratum gate,0.4740356594838081,0.727329844310522,0.006993006993006993,,0.5057877488952516
3,128,CAFNet,0.061004029990864135,0.0,0.11678643558311023,0.009858857264053736,0.09313283010973608
3,128,CAFNet-D,0.11499978704597355,0.2200917662980802,0.010160530974599078,0.03634762140284574,0.18789478412071475
3,128,CAFNet-DG,0.11612770734027944,0.2200917662980802,0.011929440971872166,0.024778824200913242,0.19010470353114792
3,128,Group-only,0.12918634926334832,0.2200917662980802,0.02020106300557328,0.012427254243265197,0.21634459324517805
3,128,Global gate,0.13976578570598905,0.2200917662980802,0.01919473362624651,0.060171919563517584,0.22747086167975697
3,128,Drug gate,0.1310942441625284,0.2200917662980802,0.0068540946259500754,0.01023156593474507,0.22231942237625962
3,128,Drug-stratum gate,0.1172676441427483,0.2200917662980802,0.012868051117130462,0.010464546837497658,0.19632857827657485
3,143,CAFNet,0.36104186389579457,0.3979478965435962,0.006756756756756757,0.005434782608695652,0.39692766467692403
3,143,CAFNet-D,0.5319232150693807,0.7799082337019198,0.01020408163265306,0.00684931506849315,0.5550609529909575
3,143,CAFNet-DG,0.4989723837931491,0.7799082337019198,0.01,0.006711409395973154,0.519509758194616
3,143,Group-only,0.5671897033040841,0.8611375561264455,0.005747126436781609,0.005917159763313609,0.5922377784145156
3,143,Global gate,0.48923083696511943,0.8318477135310891,0.16666666666666666,0.00390625,0.5132028394344577
3,143,Drug gate,0.4199993184723902,0.5263304097820353,0.023255813953488372,0.027777777777777776,0.43876013055439533
3,143,Drug-stratum gate,0.5356864513994445,0.7799082337019198,0.2,0.00546448087431694,0.558405925564786
3,157,CAFNet,0.34620665753425583,0.3679212572135329,,,0.3462066575342557
3,157,CAFNet-D,0.7179274822983541,0.7909506325094736,,,0.719970785568293
3,157,CAFNet-DG,0.7340200203836568,0.7909506325094736,,,0.7340200203836569
3,157,Group-only,0.769989238106429,0.8006937664098821,,,0.7706262456995595
3,157,Global gate,0.7072581581767112,0.7967610662472993,,,0.7078707074469786
3,157,Drug gate,0.7243002460393765,0.793584067764911,,,0.7251880220466608
3,157,Drug-stratum gate,0.7403214459376973,0.8006937664098821,,,0.7410852366024779
3,171,CAFNet,0.5981886158394151,0.933745776545611,0.055786622295811925,0.2533628899085637,0.7501291712999185
3,171,CAFNet-D,0.6721445642823156,0.9363792118010483,0.07229723801755422,0.3996153494526395,0.7579020742036375
3,171,CAFNet-DG,0.6559994806881241,1.0,0.06545838851632274,0.32702310950986024,0.7552604521128012
3,171,Group-only,0.611736921002228,0.8701249883466594,0.09085364372329643,0.3185318280831539,0.7171215914934514
3,171,Global gate,0.7646672643207131,0.7510916729774054,0.1342431770155946,0.5442008944839861,0.8380409522092336
3,171,Drug gate,0.6947945477615709,1.0,0.09234280304395091,0.4135246025139802,0.7799311118385676
3,171,Drug-stratum gate,0.7023328013927332,1.0,0.0895390626928339,0.44202021635733346,0.7824814495131693
3,176,CAFNet,0.008773033856697726,0.0,0.005113968439509059,0.004310344827586207,0.01611404536937566
3,176,CAFNet-D,0.02061697677386441,0.0,0.12971698113207547,0.006756756756756757,0.025108459581418822
3,176,CAFNet-DG,0.0164628704838422,0.0,0.06675531914893618,0.006024096385542169,0.02060987324818473
3,176,Group-only,0.025120158324821007,0.0,0.011190297574393599,0.043478260869565216,0.03283800142148305
3,176,Global gate,0.01119984566899208,0.0,0.011819909717272512,0.006134969325153374,0.01649186579747615
3,176,Drug gate,0.010919573645874231,0.0,0.00582997311827957,0.005208333333333333,0.017028732248108063
3,176,Drug-stratum gate,0.021708861408962124,0.0,0.028849557522123894,0.047619047619047616,0.025536870390657433
3,183,CAFNet,0.31780728900983296,0.5519699720241614,0.031870014043927086,0.04974825575354733,0.43732399170543407
3,183,CAFNet-D,0.3480076934371763,0.6569815082938862,0.024945310930279286,0.12272150440940277,0.4456251082266406
3,183,CAFNet-DG,0.3731520908800857,0.6117952373568122,0.029909627997677494,0.10501633637216432,0.4681947180092215
3,183,Group-only,0.40184898817040193,0.6961622681399229,0.0333244834653638,0.07947902017102215,0.47006477240813344
3,183,Global gate,0.3456810429586994,0.6994739030813918,0.01219046198913733,0.07971422825572834,0.44774546237220325
3,183,Drug gate,0.44901047925838233,0.78180487222265,0.025202460689239533,0.18023934803505293,0.5233518194417538
3,183,Drug-stratum gate,0.35753928233479376,0.6961622681399229,0.008932183458631905,0.060393849634233915,0.4430016665247676
3,191,CAFNet,0.370184758346234,0.6378891765242928,,0.016080617495711835,0.39269377985976667
3,191,CAFNet-D,0.43470956301663216,0.7136540102475308,,0.04580520732883317,0.46102332082164293
3,191,CAFNet-DG,0.4236016418960778,0.7162874455029681,,0.034355179704016914,0.4452416741606264
3,191,Group-only,0.4803869892834242,0.7065443116025597,,0.012757104726016644,0.509743628200776
3,191,Global gate,0.5393585858947337,0.8553475075669357,,0.010781893004115226,0.5687603074663805
3,191,Drug gate,0.4698053098686016,0.7254521107352793,,0.09946236559139784,0.49102121508522645
3,191,Drug-stratum gate,0.47821131691764596,0.8236998933965709,,0.05384615384615385,0.5009879874170221
3,200,CAFNet,0.18609109279046698,0.3531437764338092,0.007000968992248062,0.09788709502595247,0.2658226018539752
3,200,CAFNet-D,0.24048891133960407,0.5884674004369674,0.010684716938912509,0.03941700817387772,0.3710652716908369
3,200,CAFNet-DG,0.2322387052951459,0.5834330535576522,0.009389878328337153,0.06493772427739303,0.3541460780707584
3,200,Group-only,0.23623512771524313,0.576323354912681,0.016729088639201,0.02989716387439663,0.3687987132346044
3,200,Global gate,0.2108098263055524,0.49246059723271807,0.0121716611172771,0.03955054884157352,0.32184098802090094
3,200,Drug gate,0.23501550016748776,0.5572998242663684,0.07924107142857142,0.03080170897656027,0.3632290007390593
3,200,Drug-stratum gate,0.21739231313986243,0.58874982024632,0.013241106719367589,0.02849514227166968,0.3395922947864201
3,213,CAFNet,0.5198536639249409,0.8521705090845473,0.02557477043584112,0.09101044808068476,0.6393447230044311
3,213,CAFNet-D,0.42677214921566864,0.8603818544462509,0.1912593984962406,0.10100089587725007,0.5095240584678384
3,213,CAFNet-DG,0.4994864191827292,0.7819835854675755,0.21473688289545065,0.11013645735569536,0.602076121872564
3,213,Group-only,0.4993090751764886,0.7631925784528222,0.09124579124579124,0.40333400000152936,0.5900575514845889
3,213,Global gate,0.48243021214651816,0.7909506325094736,0.12552213868003342,0.11945798628940771,0.5753588373920385
3,213,Drug gate,0.5000335998570795,0.7721596254947203,0.27525231286795626,0.23610297149202628,0.5773040725652637
3,213,Drug-stratum gate,0.492641092269687,0.7846170207230129,0.25296713329275716,0.10846254794890178,0.5886308097687113
3,222,CAFNet,0.24606758832565284,0.3463558743931254,,,0.24606758832565284
3,222,CAFNet-D,0.46944444444444444,0.529634717214042,,,0.46944444444444444
3,222,CAFNet-DG,0.5758467023172905,0.6548086577531306,,,0.5758467023172906
3,222,Group-only,0.5648749154834347,0.6548086577531306,,,0.5648749154834347
3,222,Global gate,0.5984876140808344,0.6843515475204854,,,0.5987798408488063
3,222,Drug gate,0.4737037037037037,0.529634717214042,,,0.4737037037037036
3,222,Drug-stratum gate,0.6279761904761905,0.69921481985085,,,0.628419452887538
3,234,CAFNet,0.2664006633009875,0.4035015715464804,0.03333333333333333,0.17057291666666666,0.3137097730584319
3,234,CAFNet-D,0.2762366625316956,0.3621108234757073,0.02631578947368421,0.2934782608695652,0.3175314529290853
3,234,CAFNet-DG,0.26870740737577986,0.436889741995806,0.03125,0.27040816326530615,0.3079595401684849
3,234,Group-only,0.2821815656965039,0.441285179312893,0.008130081300813009,0.18666666666666665,0.336968370311817
3,234,Global gate,0.3743844584267524,0.5957616317188126,0.045454545454545456,0.508,0.4505968286862742
3,234,Drug gate,0.349630601800329,0.6281649475693718,0.25,0.5061349693251533,0.41723501308630623
3,234,Drug-stratum gate,0.41240046060983654,0.6168295842361275,0.019230769230769232,0.5196078431372549,0.4923902844399365
3,245,CAFNet,0.14298294663164085,0.1388624438735545,,0.004784688995215311,0.15913106590472198
3,245,CAFNet-D,0.16576909137485635,0.2329726085570737,,0.02857142857142857,0.17592120193766853
3,245,CAFNet-DG,0.16644259095093653,0.17993148201117176,,0.017857142857142856,0.17818773981032549
3,245,Group-only,0.1686446733808908,0.2279382616777584,,0.019230769230769232,0.17868461769004676
3,245,Global gate,0.20075096341562898,0.31833954895937194,,0.16666666666666666,0.20942653830956104
3,245,Drug gate,0.16584300082427167,0.23690530871965648,,0.01818181818181818,0.17778742009140638
3,245,Drug-stratum gate,0.1638046152301627,0.27426546945536817,,0.015151515151515152,0.1742956779091278
3,249,CAFNet,0.20451165103515215,0.48882922182497535,0.006784757680707086,0.04042569267475339,0.2854030033126014
3,249,CAFNet-D,0.39337377328207523,0.9266360779006398,0.016082456953312965,0.037272299310586295,0.4985869620261325
3,249,CAFNet-DG,0.3770257818514912,1.0,0.012591618974597698,0.03743461487430337,0.48002824647742687
3,249,Group-only,0.4375526966155948,1.0,0.017609917609917612,0.14637332280453863,0.5253308385321328
3,249,Global gate,0.41103433041592197,1.0,0.016056040632311818,0.040406185166921155,0.5000141516219968
3,249,Drug gate,0.366368898233843,0.9363792118010483,0.019143411466118036,0.03372203055750049,0.45566845460680466
3,249,Drug-stratum gate,0.4999290413052366,1.0,0.18660329985652796,0.16074996747813822,0.5890004893765496
3,252,CAFNet,0.06894328853343362,0.06362078819895167,,0.013342025206431987,0.08340591302689074
3,252,CAFNet-D,0.1603195430832893,0.2200917662980802,,0.01815336463223787,0.19499117162383378
3,252,CAFNet-DG,0.15830220308840917,0.2200917662980802,,0.017191142191142192,0.19272822279767368
3,252,Group-only,0.16977418333461458,0.2200917662980802,,0.009091657067632056,0.2081614333365182
3,252,Global gate,0.10143519351405537,0.13305201013572898,,0.029012345679012345,0.11997636489655157
3,252,Drug gate,0.13101131789928677,0.20511666732794348,,0.025156412930135555,0.15776805015293738
3,252,Drug-stratum gate,0.08855918207938045,0.08514311764162101,,0.017461197339246122,0.1054508900334327
3,253,CAFNet,0.4635956565009842,0.7951657524814092,0.04375,0.025,0.5133702929792658
3,253,CAFNet-D,0.4024557076730794,0.6520881886359191,0.013193735103847463,0.012987012987012988,0.4467833206141741
3,253,CAFNet-DG,0.453055159546176,0.7624164915943118,0.01732117812061711,0.01818181818181818,0.5021812786068705
3,253,Group-only,0.47275841250049067,0.7471589728148225,0.04744701348747591,0.01,0.5241991986882178
3,253,Global gate,0.4326848822080118,0.6547216238913564,0.16666666666666666,0.058823529411764705,0.4740197562697207
3,253,Drug gate,0.4459663266594862,0.7663491917568948,0.12941176470588237,0.011363636363636364,0.5029120217515103
3,253,Drug-stratum gate,0.4777877270553656,0.6987957033953601,0.08862433862433862,0.01282051282051282,0.5288785155047393
3,258,CAFNet,0.27229930737624003,0.423676645087319,0.007331323367303114,0.0399606111660056,0.3568282742070156
3,258,CAFNet-D,0.3496518305081247,0.6987957033953601,0.010084082042919894,0.04660837233938093,0.42561048752882547
3,258,CAFNet-DG,0.3555992568541559,0.8236998933965709,0.009357009912132622,0.046273728854325735,0.43425959053423163
3,258,Group-only,0.34383983400093027,0.7917063341896682,0.0209701427195517,0.04689121952514128,0.4005226095720733
3,258,Global gate,0.3983272813603257,0.6578986223737447,0.007645620354185426,0.03896091817517155,0.46788229034852696
3,258,Drug gate,0.33756025695260206,0.5618918191694954,0.009498188634879282,0.041449600308141064,0.3936998788159811
3,258,Drug-stratum gate,0.4076766081137523,0.6172839611614819,0.017661743329023587,0.081070900944329,0.46693381222888813
3,264,CAFNet,0.23596678085149847,0.15139734109600997,0.014285714285714285,0.3666666666666667,0.4196219363652691
3,264,CAFNet-D,0.6146910517802335,0.9266360779006398,0.047619047619047616,0.22619047619047616,0.7006440773354815
3,264,CAFNet-DG,0.6107108306707263,0.8521705090845473,0.03571428571428571,0.325,0.7175687993298151
3,264,Group-only,0.5882757225700055,0.9305687780632227,0.014705882352941176,0.14583333333333331,0.6724241144947045
3,264,Global gate,0.4802320987689368,0.7183627972686238,0.05263157894736842,0.5833333333333333,0.5233878583905901
3,264,Drug gate,0.5639197035543789,0.8006937664098821,0.09090909090909091,0.325,0.6209705934998485
3,264,Drug-stratum gate,0.6277827160328903,0.8630152897016883,1.0,0.07393483709273183,0.7082761159176253
3,285,CAFNet,0.3184926751038559,0.456899187845258,0.09108527131782945,0.36732225913621264,0.3585615364748945
3,285,CAFNet-D,0.3766378282979008,0.7058075148678526,0.06439393939393939,0.24233065098343048,0.4490902061497488
3,285,CAFNet-DG,0.39552383206101427,0.6325414799409712,0.07500000000000001,0.15833763386517566,0.4663237829820174
3,285,Group-only,0.39809087416628086,0.8572048559638626,0.05235042735042735,0.10632429623856446,0.47917582770727896
3,285,Global gate,0.3910907889646544,0.791726719367984,0.07250470809792843,0.2538142620232173,0.4612131399863771
3,285,Drug gate,0.42555045224834115,0.9305687780632227,0.03257415254237288,0.2048248494800219,0.5086130253748009
3,285,Drug-stratum gate,0.43463681086777495,0.9305687780632227,0.11363636363636363,0.1440975690975691,0.517601593063598
3,300,CAFNet,0.4372236951113388,0.4319964223378389,,,0.4372236951113387
3,300,CAFNet-D,0.5741400606672163,0.7019727018777485,,,0.5746027558667536
3,300,CAFNet-DG,0.5784250738909124,0.6870165078530993,,,0.5786052540710925
3,300,Group-only,0.6476193981457138,0.7059054020403313,,,0.6484016667245925
3,300,Global gate,0.369208113627426,0.442219594238013,,,0.3734125827869592
3,300,Drug gate,0.5708308484838917,0.7059054020403313,,,0.5718716406950021
3,300,Drug-stratum gate,0.6175394278637698,0.715550648768261,,,0.6176700443736967
3,306,CAFNet,0.48648079528117005,0.9305687780632227,0.07870750543732262,0.1779193972841073,0.7302775091985682
3,306,CAFNet-D,0.6013316990239778,1.0,0.07909554579164554,0.20915177855070524,0.7399229708750203
3,306,CAFNet-DG,0.5935028902827169,0.9305687780632227,0.07842450523559641,0.2022254866078269,0.741253405888444
3,306,Group-only,0.596179855269242,0.9305687780632227,0.06473224165225061,0.2117084976541258,0.7505097306637505
3,306,Global gate,0.683463940729239,1.0,0.08675576985031622,0.25849508584099024,0.8209852446229237
3,306,Drug gate,0.5258414113777881,0.914856882358379,0.06214176416474912,0.1747550725995114,0.7269440603861941
3,306,Drug-stratum gate,0.6323400843523491,1.0,0.07782027978178757,0.2739030523628948,0.7796497854526333
3,315,CAFNet,0.47843075659931167,0.7264127302306636,0.00980207794649993,0.04592360869733132,0.5294952179083862
3,315,CAFNet-D,0.4615626602891064,0.7663491917568948,0.021703231894314695,0.03695004922719239,0.5149475235046557
3,315,CAFNet-DG,0.4916273560959069,0.7123736502858729,0.020530852994555353,0.04208647455318349,0.5428790038048091
3,315,Group-only,0.48765877034867133,0.7510916729774054,0.007411858974358974,0.02889507683172777,0.539152447471577
3,315,Global gate,0.4943600578448315,0.7759944384848245,0.01761642156862745,0.07962653288740246,0.5474847739280458
3,315,Drug gate,0.4769235012478762,0.7510916729774054,0.019627906976744186,0.03158738771326943,0.5312195959914646
3,315,Drug-stratum gate,0.4913298555425003,0.7510916729774054,0.012594367015098723,0.08008658008658008,0.5470405495845949
3,318,CAFNet,0.514844581813286,1.0,0.005263157894736842,0.028456713516461906,0.584113537792027
3,318,CAFNet-D,0.44219181815668557,0.78180487222265,0.0045871559633027525,0.058474126136597526,0.6382894170708788
3,318,CAFNet-DG,0.5621313747903415,1.0,0.004484304932735426,0.05232478992069785,0.6706668493981788
3,318,Group-only,0.6443890337271226,1.0,0.00411522633744856,0.06349477686913071,0.7045478904834132
3,318,Global gate,0.6261659854811104,0.9363792118010483,0.00425531914893617,0.04625016727820466,0.6963632653068395
3,318,Drug gate,0.6396403322834403,1.0,0.004366812227074236,0.2264605864485631,0.7064461315660583
3,318,Drug-stratum gate,0.6550617613567316,1.0,0.003663003663003663,0.0242311753708722,0.724736577011873
3,349,CAFNet,0.5347763872836631,0.8899541168509599,0.083435010327186,0.17119163274848512,0.6583995506352708
3,349,CAFNet-D,0.5924961354114409,0.9305687780632227,0.10117760664084416,0.18340347392476142,0.7045901975991676
3,349,CAFNet-DG,0.5928182102428899,0.8603818544462509,0.10173814146778967,0.1952510047113454,0.7082019897714698
3,349,Group-only,0.587239725682436,0.8701249883466594,0.09020047554687487,0.16200961795085178,0.7075030571901968
3,349,Global gate,0.5340602602125021,0.7975167679274938,0.0643318962107475,0.13770276608706083,0.6517864581815517
3,349,Drug gate,0.5904159933511576,0.8553475075669357,0.07440446362434575,0.17062864392118848,0.7156611104536299
3,349,Drug-stratum gate,0.5995353442570182,1.0,0.12329653142614415,0.15257741704749891,0.728793008119173
3,361,CAFNet,0.39527173665886645,0.7280855459907165,0.23802681992337163,0.1995584973038554,0.47577552321006356
3,361,CAFNet-D,0.22754203336310366,0.5328965452000554,0.05605297611938978,0.08114382704254428,0.28691794817095695
3,361,CAFNet-DG,0.29686004052400794,0.8115558478722845,0.08561876908361844,0.12447408037172542,0.36237878797821643
3,361,Group-only,0.335731686979365,0.7027284035579431,0.1219150641025641,0.11376064086081672,0.39515951004820565
3,361,Global gate,0.26801898869364565,0.6848374495230164,0.3151451809060505,0.13985679468974396,0.34303102910776373
3,361,Drug gate,0.2613836235369564,0.6429424283490955,0.02323957834572276,0.0957348939498416,0.32719413509202394
3,361,Drug-stratum gate,0.26867673474610193,0.7827392871477701,0.058249829858872414,0.0868453013606395,0.3462585445137311
3,383,CAFNet,0.11339337847634563,0.0,,,0.12955049662210785
3,383,CAFNet-D,0.5657645332155136,0.6625493460319366,,,0.5657645332155137
3,383,CAFNet-DG,0.5775199365704136,0.6701421017823512,,,0.5788234397423531
3,383,Group-only,0.5595551487870838,0.6659422005959306,,,0.5600708253547405
3,383,Global gate,0.42130149767778324,0.45749139526970906,,,0.4213014976777832
3,383,Drug gate,0.5608123517606276,0.6659422005959306,,,0.5612618432385874
3,383,Drug-stratum gate,0.6290828505777644,0.6701421017823512,,,0.6290828505777644
3,386,CAFNet,0.21064627119978263,0.33540029179213904,,,0.21900993095574375
3,386,CAFNet-D,0.28968949043828934,0.45224633769702616,,,0.29282990191381714
3,386,CAFNet-DG,0.30618075192459426,0.46441470256902245,,,0.3099016118075137
3,386,Group-only,0.2902121073865301,0.4595030867583786,,,0.2916313329743457
3,386,Global gate,0.1714671189494621,0.22415199495126523,,,0.17201315925453856
3,386,Drug gate,0.20383043510694504,0.3445101807257705,,,0.2050729043018894
3,386,Drug-stratum gate,0.11855920388442864,0.11838279295536289,,,0.12134371090090719
3,387,CAFNet,0.38984859441103237,0.5900490851534657,,0.05555555555555555,0.41143085137445984
3,387,CAFNet-D,0.4121932489454169,0.5861163849908828,,0.1,0.4315079535902628
3,387,CAFNet-DG,0.4314230673822471,0.5743371894486219,,0.1,0.4512025625333309
3,387,Group-only,0.4427721211108495,0.7100226348397881,,0.005154639175257732,0.4675050794056558
3,387,Global gate,0.27213032877315746,0.4265076985331693,,0.25,0.2908962677080635
3,387,Drug gate,0.4355659675800225,0.5009732673492617,,0.07692307692307693,0.45537781968956226
3,387,Drug-stratum gate,0.42986650853718683,0.5621931439243355,,0.006060606060606061,0.45485468427124437
3,407,CAFNet,0.11781093361975714,0.0,,0.045454545454545456,0.1343142968142968
3,407,CAFNet-D,0.1952402740765912,0.3465620753753259,,0.006024096385542169,0.23272727272727273
3,407,CAFNet-DG,0.21186717287699053,0.35583551398877844,,0.011363636363636364,0.2512629399585921
3,407,Group-only,0.3646901709401709,0.4103915680233245,,0.03125,0.4325
3,407,Global gate,0.23556438568693472,0.2820132694023926,,0.006944444444444444,0.2804713804713804
3,407,Drug gate,0.28098684611400543,0.359957832440189,,0.007142857142857143,0.3348809523809524
3,407,Drug-stratum gate,0.28852503052503053,0.2987100207034456,,0.5,0.33663003663003666
3,415,CAFNet,0.2435882545127498,0.36837563413888724,0.2,0.05333768802122637,0.28950100782114757
3,415,CAFNet-D,0.21431807739649408,0.38541299932114076,0.047619047619047616,0.034398899995533035,0.26918623988334084
3,415,CAFNet-DG,0.23228714023085256,0.36837563413888724,0.07692307692307693,0.0449256478031864,0.2830917846243336
3,415,Group-only,0.26338423161104463,0.42602766053340363,0.08333333333333333,0.04960882816016173,0.31030926103960527
3,415,Global gate,0.2514786756880616,0.4354747455750674,0.01098901098901099,0.02084214729876935,0.3119722028496413
3,415,Drug gate,0.24686202581885927,0.44173955623824734,0.005917159763313609,0.029306888007216543,0.2977239490240605
3,415,Drug-stratum gate,0.2681893155011307,0.39486008436280456,0.005050505050505051,0.06483246911818341,0.31575636975578436
3,430,CAFNet,0.4308367558367559,0.36284762021041433,,,0.43222275722275727
3,430,CAFNet-D,0.6958521053487677,0.7151857987862356,,,0.6963677819164243
3,430,CAFNet-DG,0.6788752202453185,0.6911279212606076,,,0.6798633625378088
3,430,Group-only,0.7269670510429662,0.7849818707050383,,,0.7273873368373063
3,430,Global gate,0.6677724846149162,0.6489315753318465,,,0.6678893616602646
3,430,Drug gate,0.7286532181269023,0.7846170207230129,,,0.7291267029753872
3,430,Drug-stratum gate,0.6973881850539675,0.7151857987862356,,,0.6986508113165937
3,436,CAFNet,0.11684758799618951,0.09478836436955075,0.007509627727856226,0.016783511028366276,0.14806151655204927
3,436,CAFNet-D,0.14624783486406542,0.2934556883974403,0.008222591362126245,0.019767046162353665,0.18676987782531923
3,436,CAFNet-DG,0.1546520666426736,0.2934556883974403,0.008222591362126245,0.01891297293596144,0.19133913281860876
3,436,Group-only,0.19545845347313945,0.3557772116892465,0.00576309067688378,0.11832963784183295,0.22326785175275435
3,436,Global gate,0.10824002282446779,0.1834098052484002,0.004928853541091814,0.021628836434419686,0.17941087911868736
3,436,Drug gate,0.14371147534007436,0.2934556883974403,0.0062024353120243535,0.017304063654447286,0.1767357689533965
3,436,Drug-stratum gate,0.161881315129843,0.2902597849695645,0.00512549847525217,0.04520892818765159,0.19261634746695885
3,437,CAFNet,0.25471600471600475,0.20865662569078222,,,0.25471600471600475
3,437,CAFNet-D,0.8708333333333333,0.958080399528401,,,0.8708333333333333
3,437,CAFNet-DG,0.8551587301587301,0.9489415452074045,,,0.85515873015873
3,437,Group-only,0.8037037037037037,0.9311777582765319,,,0.8037037037037037
3,437,Global gate,0.3909722222222223,0.4716133875013487,,,0.3909722222222223
3,437,Drug gate,0.7884920634920635,0.9199753853803091,,,0.7884920634920635
3,437,Drug-stratum gate,0.8257575757575757,0.7751482523375255,,,0.8257575757575757
3,464,CAFNet,0.5044558463062447,0.7510916729774054,,0.02564266577545264,0.5698917798303031
3,464,CAFNet-D,0.523788245376324,0.7967610662472993,,0.01952717277649399,0.5968563476469528
3,464,CAFNet-DG,0.542858933203252,0.8630152897016883,,0.020519505889087287,0.6164016347626414
3,464,Group-only,0.5313398389437332,0.9266360779006398,,0.02784798391861045,0.5951579947043367
3,464,Global gate,0.5182209918189644,0.84860265890399,,0.05470741976678013,0.5755939149219054
3,464,Drug gate,0.5468891788980096,0.8701249883466594,,0.02047235159701284,0.6301720058214725
3,464,Drug-stratum gate,0.6061694739198282,0.933745776545611,,0.04973172396510474,0.673728317691688
3,492,CAFNet,0.558027959836077,0.7411902110103872,0.008624708624708625,0.08559266130694701,0.6196005062917344
3,492,CAFNet-D,0.5869110846422447,1.0,0.023214832975789152,0.09879382259384492,0.6553023456221565
3,492,CAFNet-DG,0.6383706646304143,1.0,0.01960906374501992,0.13669898562951924,0.6993336803018932
3,492,Group-only,0.5624084762287764,0.9305687780632227,0.012806960481379085,0.03514386555659199,0.6436650813748355
3,492,Global gate,0.5441514853083861,0.9266360779006398,0.009139248919906945,0.04935380167701301,0.6181325659156067
3,492,Drug gate,0.5903173954822258,0.933745776545611,0.00943089430894309,0.03006897489951728,0.660382054167784
3,492,Drug-stratum gate,0.6166371760437739,0.9305687780632227,0.013939838591342627,0.0633696792326398,0.6835090128312293
3,504,CAFNet,0.28937928842407107,0.41153259956303256,,0.06084656084656084,0.34500927744244714
3,504,CAFNet-D,0.5422487258623305,0.6840182226156365,,0.026806526806526808,0.6129811356429498
3,504,CAFNet-DG,0.5246555714949301,0.7453016244178956,,0.057800224466891134,0.5909006131890471
3,504,Group-only,0.5803343689586942,0.6871952210980248,,0.5085470085470085,0.6438656784153678
3,504,Global gate,0.3895997922582518,0.5326208815196265,,0.020187793427230045,0.43986381308655764
3,504,Drug gate,0.5561387065732005,0.7453016244178956,,0.04327731092436975,0.6247981613032547
3,504,Drug-stratum gate,0.6019744337389523,0.7909506325094736,,0.04711751662971175,0.6774561964217136
3,518,CAFNet,0.1789157782196641,0.1100458831490401,,0.015151515151515152,0.1924785199396004
3,518,CAFNet-D,0.2768425991547624,0.3836331529183766,,0.027777777777777776,0.29212996782589673
3,518,CAFNet-DG,0.2529537486560867,0.35707647659639197,,0.03125,0.26626912666382013
3,518,Group-only,0.2594664178627004,0.3718539573761157,,0.06666666666666667,0.27122969205828035
3,518,Global gate,0.2722922915534892,0.46429130629958176,,0.06666666666666667,0.29287622724317397
3,518,Drug gate,0.28168215320155754,0.39327839964630634,,0.09090909090909091,0.2940102246136932
3,518,Drug-stratum gate,0.27071974796604975,0.3316936730892072,,0.3333333333333333,0.27803671074998304
3,520,CAFNet,0.13255004105739748,0.2601414854823592,,0.029411764705882353,0.1519414811596346
3,520,CAFNet-D,0.04726516796150769,0.0,,0.04,0.05171035705119914
3,520,CAFNet-DG,0.058242664578679534,0.0,,0.05263157894736842,0.06372587266005869
3,520,Group-only,0.041668709721246,0.0,,0.01639344262295082,0.046308073284834536
3,520,Global gate,0.04636113386907729,0.0,,0.01818181818181818,0.05151423308082063
3,520,Drug gate,0.049713267196107164,0.0,,0.1,0.052905833011959766
3,520,Drug-stratum gate,0.069660447485234,0.0,,1.0,0.0739106293482026
3,521,CAFNet,0.32363729222085175,0.8115558478722845,0.010377159713442899,0.05640488738314825,0.37448592654138996
3,521,CAFNet-D,0.48346691791414437,0.9363792118010483,0.006600361663652803,0.03697940959719397,0.5502179119483892
3,521,CAFNet-DG,0.4792093541115078,1.0,0.006793390214926018,0.03871585342756477,0.534115449792541
3,521,Group-only,0.540916805164095,1.0,0.026470588235294117,0.03428620511172985,0.606721315061974
3,521,Global gate,0.46436102408710567,1.0,0.026977821913273747,0.03121518315439253,0.5408313256091519
3,521,Drug gate,0.5480349030606555,0.9363792118010483,0.178030303030303,0.04857862823844397,0.6024463942725881
3,521,Drug-stratum gate,0.5832189807900765,1.0,0.046875,0.08588435374149658,0.6401414783214839
3,524,CAFNet,0.23902467419859655,0.4569970750177367,0.005459011272964762,,0.2705460093470599
3,524,CAFNet-D,0.40842778869486424,0.721801830382049,0.10520833333333333,,0.4420281998503329
3,524,CAFNet-DG,0.3872311784159728,0.7630946912803435,0.02286634460547504,,0.4237439258334231
3,524,Group-only,0.41501762003440396,0.7381919257729244,0.1702002355712603,,0.44820723282282876
3,524,Global gate,0.3583008724003494,0.5965377185773229,0.013276640055536273,,0.38871077400603493
3,524,Drug gate,0.41911849268785645,0.7381919257729244,0.016786093418259023,,0.45831988391403516
3,524,Drug-stratum gate,0.4200824977701607,0.7538142945344393,0.00632522964840038,,0.4590564833948069
3,526,CAFNet,0.47892283522030066,0.6352557412688554,,,0.5026023845321038
3,526,CAFNet-D,0.6786486799319337,1.0,,,0.6909909666648117
3,526,CAFNet-DG,0.6524384738830621,0.914856882358379,,,0.6657170425967431
3,526,Group-only,0.5594223119747458,0.8899541168509599,,,0.5650699797595486
3,526,Global gate,0.6308904802585192,1.0,,,0.6479306223687844
3,526,Drug gate,0.6449393723221059,0.933745776545611,,,0.65278095979773
3,526,Drug-stratum gate,0.6291403212800155,0.9305687780632227,,,0.6404730207092678
3,530,CAFNet,0.2181499667977323,0.34369669139214537,0.00867333558128208,0.019344141488577743,0.2582833620756365
3,530,CAFNet-D,0.24338386992840716,0.47842151728792737,0.005265261764081297,0.017440225035161745,0.27857007868814343
3,530,CAFNet-DG,0.249677611066542,0.4818998405251558,0.005573062558356675,0.01915173434160776,0.28549447712075504
3,530,Group-only,0.2339845373197344,0.3971921948634017,0.009213830403708712,0.017664092664092662,0.2616804271678089
3,530,Global gate,0.26710154729865343,0.5271064966405455,0.00802558883396336,0.018698641623343955,0.3051275888007887
3,530,Drug gate,0.23178345917331591,0.4936790360674167,0.005013310191971668,0.007816531584858694,0.2725747392172627
3,530,Drug-stratum gate,0.2782233769171511,0.4936790360674167,0.01701310737455316,0.05478468899521531,0.3083963637077904
3,534,CAFNet,0.3447822766697021,0.6569815082938862,0.05182286004203812,0.14833437081554268,0.39984319042056193
3,534,CAFNet-D,0.3801698476696795,0.6969383549984333,0.014676760048429053,0.2520634733308894,0.4370157010118288
3,534,CAFNet-DG,0.3771472472689759,0.6177639991612475,0.04492685963274198,0.24472297888570108,0.42893525463993964
3,534,Group-only,0.3829879634650472,0.6901935063354876,0.017451314854299932,0.26729026868696304,0.4384580641377543
3,534,Global gate,0.341730379629416,0.6530488081313034,0.015791547477672918,0.1359512884987393,0.3996789553948542
3,534,Drug gate,0.3213872895138599,0.6898286563534621,0.021141563586385317,0.06973720571672998,0.3784083952495849
3,534,Drug-stratum gate,0.30356493934839546,0.6620158551732015,0.00965419393092349,0.09726402228574954,0.3630885900088317
3,538,CAFNet,0.4750912295247328,1.0,0.038277207613844046,0.019063284838821092,0.6087389902929077
3,538,CAFNet-D,0.516731828903608,0.9305687780632227,0.06038669542272218,0.09201079053723553,0.6325817130168978
3,538,CAFNet-DG,0.515761583166271,1.0,0.053323412698412696,0.03920214035048311,0.6421409045923449
3,538,Group-only,0.5341206114761246,0.9363792118010483,0.17287546000734222,0.07453930457538177,0.659364161903785
3,538,Global gate,0.5383329125607093,0.9363792118010483,0.04393058116990589,0.06841914241052482,0.6627277852852075
3,538,Drug gate,0.5468493334070984,1.0,0.28540546841087033,0.1331654435534494,0.6696457449973667
3,538,Drug-stratum gate,0.47913631440214954,0.933745776545611,0.0772848195532904,0.06490098566278574,0.5902360110345444
3,569,CAFNet,0.49764620427331113,0.77523873680463,0.14285714285714285,,0.5159861681373923
3,569,CAFNet-D,0.5245623542980975,0.866947989864271,0.006711409395973154,,0.5441034101445026
3,569,CAFNet-DG,0.5423276022301871,0.8701249883466594,0.009615384615384616,,0.5616134374266213
3,569,Group-only,0.5052986962201043,0.8701249883466594,0.006134969325153374,,0.522718849835704
3,569,Global gate,0.4726407443151041,0.8205228949141826,0.0036231884057971015,,0.4891297534935111
3,569,Drug gate,0.5353840469676632,0.8643145546088338,0.005025125628140704,,0.5526911207946806
3,569,Drug-stratum gate,0.5073190731256813,0.8572048559638626,0.5,,0.5191285910884025
3,578,CAFNet,0.04113807072101188,0.0,0.03781906906906907,0.05046658380192614,0.05103795905038961
3,578,CAFNet-D,0.09332428791952262,0.06943122193677731,0.10750272331154684,0.1808788121990369,0.11301340589474079
3,578,CAFNet-DG,0.07654183977990484,0.0,0.15595238095238095,0.14043758043758042,0.08655074648291702
3,578,Group-only,0.05272773053985331,0.0,0.06578388931330108,0.04880222587119139,0.07281581703320834
3,578,Global gate,0.12161657793506274,0.06362078819895167,0.5317460317460317,0.14458874458874457,0.11298288891235647
3,578,Drug gate,0.12052802562225406,0.0733639220993601,1.0,0.13285024154589373,0.1151589499112719
3,578,Drug-stratum gate,0.0614334486521506,0.0733639220993601,0.0665891472868217,0.02494374971615754,0.0888089904840276
3,603,CAFNet,0.3245976120756928,0.727329844310522,0.025136299432308974,0.07061089370921082,0.40339619652216563
3,603,CAFNet-D,0.35411423849469936,0.727329844310522,0.017563860774620747,0.05471227903290727,0.4454497409930036
3,603,CAFNet-DG,0.3521071611260233,0.727329844310522,0.01837763883338172,0.059864245126040716,0.4386456844575732
3,603,Group-only,0.3274276828311992,0.791726719367984,0.021082257641331037,0.04618456603170347,0.4127969679766006
3,603,Global gate,0.3850889505093844,0.8006937664098821,0.03181774842243949,0.10239707306781745,0.4686968626966113
3,603,Drug gate,0.3328642700137348,0.727329844310522,0.023392388257127063,0.06038152626151193,0.4181916176385016
3,603,Drug-stratum gate,0.4050818558263871,0.7967610662472993,0.2866953097028285,0.2149252185513064,0.4711771483485531
3,607,CAFNet,0.6103079576087613,1.0,0.45,0.040044742729306484,0.6566598726230665
3,607,CAFNet-D,0.5007455481505736,0.9216017310213245,0.13225806451612904,0.05101246105919003,0.5413564802599649
3,607,CAFNet-DG,0.5913267683843781,1.0,0.5454545454545454,0.07184579439252337,0.6341953140391101
3,607,Group-only,0.4558721267564505,0.7909506325094736,0.0821078431372549,0.049796747967479675,0.4937035927142921
3,607,Global gate,0.4925096085688394,0.7788065869851872,0.6666666666666666,0.15476190476190477,0.5212230244329372
3,607,Drug gate,0.45208985452453454,0.7605591431973849,0.45,0.04426129426129426,0.4859337750856511
3,607,Drug-stratum gate,0.46930679010219056,0.77523873680463,0.09401709401709402,0.020833333333333332,0.5105269201311351
3,610,CAFNet,0.30436153670198957,0.5014839712467825,,,0.3048284091386288
3,610,CAFNet-D,0.480202958376333,0.6105858728157116,,,0.480202958376333
3,610,CAFNet-DG,0.47126982054518285,0.6105858728157116,,,0.47126982054518285
3,610,Group-only,0.45820203892493044,0.6013124342022591,,,0.45927419354838706
3,610,Global gate,0.3657845891233914,0.5493640533376876,,,0.36672145988183724
3,610,Drug gate,0.45310192568964497,0.5889837127672155,,,0.4534144745254005
3,610,Drug-stratum gate,0.4759937308256636,0.6105858728157116,,,0.4761337868480725
3,615,CAFNet,0.23078596162483103,0.29922683201146266,0.037541586019500896,0.18405597076822072,0.28161770955870336
3,615,CAFNet-D,0.24312774744216162,0.5766882048947065,0.028956550427222352,0.08666163539680227,0.32390739972647314
3,615,CAFNet-DG,0.23746791875096626,0.4451989745299883,0.031632997627098175,0.15756179015501948,0.29997829856741065
3,615,Group-only,0.2541469030977919,0.6274092458891772,0.024888394607407917,0.05198813072949687,0.34369214924397945
3,615,Global gate,0.272354215742783,0.6936634693435662,0.034111906792553576,0.09039405782203826,0.3672010668388226
3,615,Drug gate,0.1871946339671071,0.37466610587647853,0.033327875317958146,0.08329804855899015,0.24981712037774711
3,615,Drug-stratum gate,0.24640414950785156,0.5017493542077721,0.04889452482337467,0.28095084720284347,0.3043632773137101
3,618,CAFNet,0.22326412473290683,0.29062463495159,0.041050444312607376,0.08610124814862585,0.3259353696350628
3,618,CAFNet-D,0.3064062286617475,0.5384313152574521,0.1312193038165072,0.11206486665249406,0.4005143784719136
3,618,CAFNet-DG,0.2783353660726728,0.42696207545852366,0.0427385041779344,0.08993351843258744,0.3677396260811301
3,618,Group-only,0.29757015170813306,0.5326208815196265,0.12962114606246217,0.0901049698614262,0.39361224070355577
3,618,Global gate,0.23506842436548625,0.3476293915547283,0.057061278377113,0.15503988511841893,0.31205703326442263
3,618,Drug gate,0.28103949261591415,0.5423640154200349,0.13390967066769308,0.09577156601676051,0.378825245053047
3,618,Drug-stratum gate,0.2860041195080111,0.5352543167750637,0.12920755691099658,0.08466457321803345,0.3765739462329627
3,623,CAFNet,0.06892330252699884,0.107789154524511,,,0.07609470541743905
3,623,CAFNet-D,0.3696608946608947,0.4034698846650847,,,0.3696608946608947
3,623,CAFNet-DG,0.21247957023819095,0.1909208661789346,,,0.21296586555207245
3,623,Group-only,0.41489197530864197,0.5493640533376876,,,0.41534487385936664
3,623,Global gate,0.3324930579531806,0.45390362024822023,,,0.3351261232377564
3,623,Drug gate,0.3113753017198957,0.419665006636777,,,0.31137530171989575
3,623,Drug-stratum gate,0.3552626706391288,0.5413753343496284,,,0.3557628999108783
3,633,CAFNet,0.30804371727767677,0.3531437764338092,0.009900990099009901,,0.3328659467384026
3,633,CAFNet-D,0.33722650027401646,0.38824405276699103,0.014925373134328358,,0.366769110463096
3,633,CAFNet-DG,0.345619739415351,0.38824405276699103,0.015151515151515152,,0.37262165747205894
3,633,Group-only,0.2932525906983077,0.2972715964420569,0.010309278350515464,,0.31537179698325146
3,633,Global gate,0.30514563891756646,0.44202197604759996,0.012987012987012988,,0.3293229868010964
3,633,Drug gate,0.4092908818848032,0.4959389204699465,0.02,,0.4395675015553513
3,633,Drug-stratum gate,0.31337516873301363,0.38431135260440824,0.004672897196261682,,0.3374321407506795
3,634,CAFNet,0.3204434212709474,0.383435894248366,,,0.3210688121402407
3,634,CAFNet-D,0.42539682539682533,0.5591832250930099,,,0.42539682539682544
3,634,CAFNet-DG,0.40364183307731694,0.5597827526775919,,,0.40364183307731694
3,634,Group-only,0.48853238265002963,0.6690556566993234,,,0.4885323826500297
3,634,Global gate,0.4528544626105601,0.5790528863326511,,,0.4530050196716863
3,634,Drug gate,0.5719656283566057,0.6891341765546153,,,0.5719656283566058
3,634,Drug-stratum gate,0.3724941724941725,0.3981471309738322,,,0.3724941724941725
3,654,CAFNet,0.38790577390436687,0.6371523797895857,0.012147646168264725,0.009708737864077669,0.4429605877324245
3,654,CAFNet-D,0.3645126507699482,0.756902106715231,0.009468526529531208,0.3333333333333333,0.40147265708912505
3,654,CAFNet-DG,0.3936202274535523,0.7695261902392829,0.009654191891396074,0.14285714285714285,0.43550375065497937
3,654,Group-only,0.34899110867009075,0.7529694065526481,0.010914355718899656,0.05555555555555555,0.39318757579756525
3,654,Global gate,0.3686811976153889,0.7453016244178956,0.011958874458874459,0.007462686567164179,0.41203227652066843
3,654,Drug gate,0.37870567771827407,0.7631925784528222,0.006856861550002345,0.006993006993006993,0.4212713432322023
3,654,Drug-stratum gate,0.3687005689564646,0.718342412090308,0.013960604322050105,0.038461538461538464,0.4103807213927252
3,658,CAFNet,0.20209764411597894,0.3026024134988135,,,0.20521385809338868
3,658,CAFNet-D,0.2090316485954985,0.3026024134988135,,,0.2123505986224064
3,658,CAFNet-DG,0.20652294618274583,0.3026024134988135,,,0.20911940444428123
3,658,Group-only,0.19773294975000782,0.3026024134988135,,,0.19925908005636822
3,658,Global gate,0.21627703933352577,0.3026024134988135,,,0.2195753542359639
3,658,Drug gate,0.22712461688149135,0.3026024134988135,,,0.22938874355316333
3,658,Drug-stratum gate,0.20967235014572833,0.3026024134988135,,,0.21142262395881106
3,678,CAFNet,0.17651946010593733,0.3052348839397012,0.012528801843317972,0.012048192771084338,0.20375200766141138
3,678,CAFNet-D,0.26561214676617373,0.5469356251448461,0.011994949494949496,0.02857142857142857,0.30971461697463837
3,678,CAFNet-DG,0.2879977409509159,0.6339753813071974,0.0118939883645766,0.03225806451612903,0.33160596358051597
3,678,Group-only,0.2526848744392547,0.40731747959109704,0.00573293488518402,0.012345679012345678,0.2919455611593068
3,678,Global gate,0.23913689091737014,0.473571703045486,0.006029285099052541,0.01282051282051282,0.28031873902535925
3,678,Drug gate,0.29263207638525446,0.5231737964779628,0.008341759352881698,0.008130081300813009,0.33864389573454146
3,678,Drug-stratum gate,0.2626944344136295,0.4003056681186046,0.0073040996367410484,0.02040816326530612,0.30220647669524253
3,680,CAFNet,0.06283779178705258,0.0,0.06451033243486073,0.023404051526637923,0.07757679317194237
3,680,CAFNet-D,0.07485730679636575,0.1100458831490401,0.07493032836544287,0.024464022102732373,0.09308306553040949
3,680,CAFNet-DG,0.0723965273372091,0.1100458831490401,0.11916783543712013,0.02415136772854652,0.0882989756403281
3,680,Group-only,0.1456607851760238,0.3836331529183766,0.017563413282187832,0.10078133789686632,0.1744080667859239
3,680,Global gate,0.1282652284502587,0.2200917662980802,0.17843793035608893,0.06105973885139032,0.1547089230475751
3,680,Drug gate,0.11317996741333768,0.2578753740644928,0.03345997286295794,0.07625927444955972,0.13483158775486412
3,680,Drug-stratum gate,0.07909805089676869,0.22466337602289138,0.03189983032005149,0.033101871468013175,0.09595377175886607
3,687,CAFNet,0.4132170436665665,0.5193185983095429,,,0.41413108331557524
3,687,CAFNet-D,0.5618153255836185,0.642186726668901,,,0.5656807808221046
3,687,CAFNet-DG,0.5898376209555005,0.6489315753318465,,,0.591679019085105
3,687,Group-only,0.5684016759840262,0.6489315753318465,,,0.5703202632605376
3,687,Global gate,0.5830559904844955,0.6489315753318465,,,0.5841903704551927
3,687,Drug gate,0.516332268096467,0.6122496142821666,,,0.5227653028221355
3,687,Drug-stratum gate,0.5476491963657687,0.6332196796270029,,,0.5486662553090066
3,701,CAFNet,0.23550097704084355,0.3063365306564338,0.013333333333333334,0.011363636363636364,0.29111648611509877
3,701,CAFNet-D,0.5052182125740574,0.6332196796270029,0.05,0.038461538461538464,0.6213273276076674
3,701,CAFNet-DG,0.5117839966235984,0.6332196796270029,0.05,0.04,0.6294834493147763
3,701,Group-only,0.5388148336635233,0.6489315753318465,0.07142857142857142,0.07142857142857142,0.661723539545017
3,701,Global gate,0.5071200106092146,0.6371523797895857,0.02857142857142857,0.02857142857142857,0.6273457485910316
3,701,Drug gate,0.49047745761274986,0.5637884576902256,0.06666666666666667,0.012048192771084338,0.6049868295019157
3,701,Drug-stratum gate,0.5056830800441986,0.6371523797895857,0.01694915254237288,0.03333333333333333,0.624951316799143
3,704,CAFNet,0.3435995900616537,0.23680742154717782,,0.016666666666666666,0.38087259060528866
3,704,CAFNet-D,0.6069904579397077,0.8701249883466594,,0.013513513513513514,0.626967735428394
3,704,CAFNet-DG,0.5028922649564542,0.6020521034564038,,0.017241379310344827,0.5236494577009899
3,704,Group-only,0.6262071434729892,0.9363792118010483,,0.004608294930875576,0.6479495921936073
3,704,Global gate,0.6511588989504488,0.9363792118010483,,0.006666666666666667,0.6731788433632931
3,704,Drug gate,0.6026752308082938,0.9305687780632227,,0.006211180124223602,0.6313339547528256
3,704,Drug-stratum gate,0.6074711917268112,1.0,,0.010416666666666666,0.6293030521814643
3,708,CAFNet,0.28302435371450385,0.6051399156371955,0.05498533724340176,0.0669121938213019,0.3429610268964915
3,708,CAFNet-D,0.30456043576419795,0.5337225282363591,0.16233766233766234,0.06684913376673898,0.3485846822958403
3,708,CAFNet-DG,0.31891137660547925,0.5618918191694954,0.15555555555555556,0.14610710429822718,0.36043549524856433
3,708,Group-only,0.2895526882719864,0.5056427642465516,0.34090909090909094,0.200961914107454,0.3250283749694808
3,708,Global gate,0.2708160434712172,0.48068140169045714,0.19105691056910568,0.06767541013817638,0.3151787000879406
3,708,Drug gate,0.2869030251818794,0.5404673768993047,0.06340579710144928,0.06112287873793415,0.3333363870917383
3,708,Drug-stratum gate,0.27262619003116884,0.473571703045486,0.11309523809523808,0.0460270727662032,0.3196533687960977
3,722,CAFNet,0.32412304732445213,0.4440973278132557,,,0.3286171349586041
3,722,CAFNet-D,0.41690566378066374,0.5103515512676446,,,0.419317910420341
3,722,CAFNet-DG,0.37859115181654557,0.5224955967919311,,,0.3802818087307518
3,722,Group-only,0.5373571162676458,0.6274092458891772,,,0.5392510886138496
3,722,Global gate,0.42981361740043345,0.5321408435198609,,,0.4344536540998648
3,722,Drug gate,0.5862035142835373,0.7059054020403313,,,0.5872985973637814
3,722,Drug-stratum gate,0.48405510023687254,0.5734923014668307,,,0.4856249758061394
3,728,CAFNet,0.5493582098062717,0.6563033086078547,0.45016434183100845,0.38961930926216637,0.6091990305086084
3,728,CAFNet-D,0.6405989919743122,0.933745776545611,0.2561128122577702,0.4761414181057038,0.7248687612455931
3,728,CAFNet-DG,0.663512121509786,0.9266360779006398,0.5087862608627775,0.4259615384615384,0.7309924132290004
3,728,Group-only,0.6506003397412162,1.0,0.16665345236773807,0.6467787114845938,0.7268717339862036
3,728,Global gate,0.5217130643540632,1.0,0.021104047400515136,0.061873012526112284,0.6183767166637238
3,728,Drug gate,0.6257922501532099,1.0,0.23657165688548493,0.3214605407380343,0.7187519669993601
3,728,Drug-stratum gate,0.6442167603203414,1.0,0.12747310937865255,0.3298896186827221,0.7392302087024231
3,731,CAFNet,0.4601991263649613,0.513528549750033,0.0037735849056603774,,0.6073827382357595
3,731,CAFNet-D,0.7077388903821811,1.0,0.003424657534246575,,0.7433987184357581
3,731,CAFNet-DG,0.6168295923069054,0.8630152897016883,0.003355704697986577,,0.7161652259286457
3,731,Group-only,0.7091711304146594,1.0,0.004830917874396135,,0.74703170394605
3,731,Global gate,0.6693814910935684,1.0,0.008771929824561403,,0.7454975994827601
3,731,Drug gate,0.6747662168678247,1.0,0.007692307692307693,,0.7465826176689668
3,731,Drug-stratum gate,0.568287651207798,1.0,0.006097560975609756,,0.6532019463121713
4,11,CAFNet,0.4984422986214147,0.6090726157997783,0.026370251350844122,0.04079583273385661,0.5927143864420521
4,11,CAFNet-D,0.5839647430360726,0.8521705090845473,0.03809543534166564,0.03980351131929078,0.6634822525323828
4,11,CAFNet-DG,0.6020719903449495,0.933745776545611,0.030158032546842083,0.042095119366224155,0.6899730308321764
4,11,Group-only,0.6115421221120713,1.0,0.022470243092321558,0.07939899890344104,0.6921309601735531
4,11,Global gate,0.5773507546506005,1.0,0.057608760432942836,0.06534098877937182,0.6658884254821467
4,11,Drug gate,0.5150113527883535,0.6874708847784538,0.12564176118392986,0.03504658213828328,0.5916292669289485
4,11,Drug-stratum gate,0.6137131894728974,0.9363792118010483,0.03206948418812826,0.04072038455619691,0.6979403509893406
4,17,CAFNet,0.21949809449809451,0.09109240322345795,,,0.23556377832693626
4,17,CAFNet-D,0.5220238095238096,0.6324677375730863,,,0.5220238095238096
4,17,CAFNet-DG,0.6874999999999999,0.7316362001126298,,,0.6956349206349206
4,17,Group-only,0.43090681248575985,0.5449960234716782,,,0.4309068124857598
4,17,Global gate,0.07350337738268774,0.0,,,0.07933855257719805
4,17,Drug gate,0.5005411255411255,0.6415828050999663,,,0.5005411255411255
4,17,Drug-stratum gate,0.4061963516850735,0.45390362024822023,,,0.40721421971421967
4,20,CAFNet,0.687008276799201,1.0,,0.20833333333333331,0.7188029442283576
4,20,CAFNet-D,0.7038878457829555,1.0,,0.1388888888888889,0.7349444080554641
4,20,CAFNet-DG,0.780214893655234,1.0,,0.20666666666666667,0.8098839925847925
4,20,Group-only,0.7218485495562986,1.0,,0.15,0.75072299995281
4,20,Global gate,0.6611242556280745,0.8521705090845473,,0.04759358288770053,0.6914952823357244
4,20,Drug gate,0.615760265011097,0.8579809428223729,,0.08279220779220779,0.6564653615488031
4,20,Drug-stratum gate,0.6434446382833605,0.8603818544462509,,0.021198668146503882,0.6760587750230717
4,23,CAFNet,0.5649283814313317,0.933745776545611,0.027706662115264263,0.1835741352566605,0.6483873668958736
4,23,CAFNet-D,0.5457870134884012,0.9266360779006398,0.026650312221231043,0.052356282511029174,0.6851004311872246
4,23,CAFNet-DG,0.6393545792759417,0.9363792118010483,0.02832244008714597,0.08961088575058841,0.727485831606841
4,23,Group-only,0.6582597376228205,0.9305687780632227,0.016429308565531476,0.056034652828849736,0.7464642235161376
4,23,Global gate,0.638773063074245,0.9363792118010483,0.01884937046227369,0.052631804947391406,0.7309957249388364
4,23,Drug gate,0.6168440128712734,0.9216017310213245,0.028567651287115883,0.102762783796417,0.710330751002885
4,23,Drug-stratum gate,0.6653467868071419,1.0,0.010871484161099117,0.05275979275699829,0.75080858003902
4,37,CAFNet,0.317555682105796,0.38356636737133554,,,0.3197620827105132
4,37,CAFNet-D,0.5923809523809523,0.7607566881222602,,,0.5947967479674797
4,37,CAFNet-DG,0.5528822055137845,0.7426050123677905,,,0.5549719887955182
4,37,Group-only,0.5488888888888889,0.6608397947263838,,,0.5512073490813648
4,37,Global gate,0.4292844677137871,0.5832678409476795,,,0.43061923583662715
4,37,Drug gate,0.521641791044776,0.6504460199135362,,,0.5221311475409836
4,37,Drug-stratum gate,0.4052236925015753,0.4852285551163225,,,0.4070646766169154
4,55,CAFNet,0.26460105230523967,0.16354138662029638,,,0.28194506806811
4,55,CAFNet-D,0.25488071678228824,0.3819603371583236,,,0.2622224097033003
4,55,CAFNet-DG,0.3180432107756717,0.41388361500911724,,,0.32239935938157005
4,55,Group-only,0.29040966172729715,0.2211934130148128,,,0.2911542079263888
4,55,Global gate,0.31738736838736553,0.2984900352767556,,,0.3231849769630872
4,55,Drug gate,0.24135511721690742,0.26144322424505007,,,0.24247060636985487
4,55,Drug-stratum gate,0.2127433545074945,0.2211934130148128,,,0.2205862330384102
4,62,CAFNet,0.1858049565139117,0.08431423425588576,0.5,,0.18570796268935058
4,62,CAFNet-D,0.3876292864496714,0.4125317798925535,1.0,,0.4283225134809512
4,62,CAFNet-DG,0.41726234037280546,0.4637282884073715,1.0,,0.45200038057180913
4,62,Group-only,0.36809293733820386,0.4125317798925535,0.25,,0.410030595245406
4,62,Global gate,0.4132853594389246,0.474791459688929,0.3333333333333333,,0.4597090552468126
4,62,Drug gate,0.1363305066566742,0.08431423425588576,0.2,,0.3259874128778582
4,62,Drug-stratum gate,0.26445930829733644,0.3372569370235429,0.1111111111111111,,0.42032726695444805
4,68,CAFNet,0.4665810579534661,0.4458567890377042,,0.011205986230929794,0.49180372480976364
4,68,CAFNet-D,0.5716159512702291,1.0,,0.007023729827293856,0.64030303288681
4,68,CAFNet-DG,0.6260195849742196,1.0,,0.006907020526799552,0.6689617354504825
4,68,Group-only,0.6138790759156482,1.0,,0.008817660332218688,0.6522887059523916
4,68,Global gate,0.5594840623849823,0.9216017310213245,,0.026619678373232876,0.5895995347519475
4,68,Drug gate,0.5472153001799508,1.0,,0.02040868922392453,0.5971467809411269
4,68,Drug-stratum gate,0.5860413407685187,0.933745776545611,,0.06659425751060277,0.6206529694014522
4,91,CAFNet,0.42441570929531675,0.4883491838252097,0.0072992700729927005,1.0,0.4466322567102664
4,91,CAFNet-D,0.4882140648694283,0.6901935063354876,0.004672897196261682,0.07142857142857142,0.5606923406923408
4,91,CAFNet-DG,0.5819975411760842,0.7909506325094736,0.004761904761904762,0.25,0.654641560458367
4,91,Group-only,0.509584182619389,0.772837825180752,0.02040816326530612,0.16666666666666666,0.5793095710407082
4,91,Global gate,0.5025146409130559,0.7222954974312067,0.005319148936170213,0.1,0.579403247571721
4,91,Drug gate,0.6089043610075506,0.8006937664098821,0.004201680672268907,0.14285714285714285,0.699512042281031
4,91,Drug-stratum gate,0.5003987780105233,0.791726719367984,0.012658227848101266,0.021739130434782608,0.5772397096999878
4,95,CAFNet,0.29672588961718105,0.2279382616777584,0.005208333333333333,0.06335282651072124,0.31757335518024304
4,95,CAFNet-D,0.4331267777800335,0.5527460588826717,0.006289308176100629,0.023258904837852208,0.47171129505909976
4,95,CAFNet-DG,0.41839472307961223,0.5302442049991306,0.00625,0.030061892130857647,0.4518207548841569
4,95,Group-only,0.426113089173545,0.6331992944486871,0.005988023952095809,0.017664092664092662,0.47093853293205223
4,95,Global gate,0.4090667576662094,0.6523706084452717,0.008928571428571428,0.058849557522123896,0.43988857378889895
4,95,Drug gate,0.48719215510198505,0.6618313225363276,0.043478260869565216,0.024509803921568627,0.5284556439543412
4,95,Drug-stratum gate,0.29236987098453326,0.4288398090337664,0.045454545454545456,0.012297160243407709,0.31793100852626943
4,101,CAFNet,0.194232412816631,0.39449523438077905,0.014925373134328358,0.025358365331802316,0.25404494211821355
4,101,CAFNet-D,0.39288164859314706,0.8006937664098821,0.017857142857142856,0.29772378516624043,0.44828890473523336
4,101,CAFNet-DG,0.36439033287471473,0.8006937664098821,0.024390243902439025,0.13372449369611392,0.4242584009973608
4,101,Group-only,0.3547428733339718,0.8579809428223729,0.011494252873563218,0.09501774536604672,0.41614554343512206
4,101,Global gate,0.3227256710639195,0.558714820687107,1.0,0.3905697905697905,0.3575513731530564
4,101,Drug gate,0.30291067854732034,0.8364586133797036,0.01639344262295082,0.10498532633265259,0.364077053428749
4,101,Drug-stratum gate,0.39963212282758387,0.8006937664098821,0.011627906976744186,0.12985754555522,0.46514210168356984
4,118,CAFNet,0.28536237499068334,0.5063209639325833,0.01221978388154233,0.06265465806956727,0.37591596940941674
4,118,CAFNet-D,0.28949408839221497,0.7791714369672127,0.00888307224236252,0.027173585795929982,0.40075307570832297
4,118,CAFNet-DG,0.2916792606801895,0.750637296052051,0.008823327285722141,0.02854784724813368,0.3997955799418438
4,118,Group-only,0.31922596206466947,0.8414929602590189,0.01326625390391971,0.036067770111246844,0.43235791599388995
4,118,Global gate,0.3302054580547564,0.7471589728148225,0.0210991059162409,0.10812376473875643,0.42662326303133813
4,118,Drug gate,0.3046129050366055,0.8364586133797036,0.008828143846630764,0.043544788617582236,0.4069772810675245
4,118,Drug-stratum gate,0.32328299617831574,0.77523873680463,0.011161616093088834,0.03839533583056193,0.42962924676655273
4,126,CAFNet,0.08616549727931538,0.08514311764162101,,0.0033783783783783786,0.09600858326045147
4,126,CAFNet-D,0.12669213697848153,0.1100458831490401,,0.016666666666666666,0.13966990598910828
4,126,CAFNet-DG,0.13823171500075102,0.1388624438735545,,0.014705882352941176,0.15108178944278453
4,126,Group-only,0.175990082516387,0.2816575879096919,,0.03125,0.19135497363141238
4,126,Global gate,0.10720243196925425,0.09478836436955075,,0.1111111111111111,0.11354281277662655
4,126,Drug gate,0.17996673939878352,0.29062463495159,,0.06666666666666667,0.19679640810395702
4,126,Drug-stratum gate,0.2417726511564955,0.3628869103342176,,0.03125,0.2655016277943216
4,131,CAFNet,0.30965562215562215,0.3260595412115671,,,0.3127083113363601
4,131,CAFNet-D,0.43801021258163403,0.4850969297788485,,,0.43804023720182256
4,131,CAFNet-DG,0.4917802550014088,0.5726430543240895,,,0.49215240341419586
4,131,Group-only,0.4799225759144238,0.5689918564790246,,,0.48045150987224156
4,131,Global gate,0.5128776041666666,0.6582450939840576,,,0.5132771164021164
4,131,Drug gate,0.3588053125396222,0.44089430605518537,,,0.35923772379417546
4,131,Drug-stratum gate,0.42674888517279824,0.5395253285830217,,,0.42723322432170546
4,140,CAFNet,0.4122765189192716,0.6473362615659565,0.015390627729869997,0.04744418925705475,0.47433915791247666
4,140,CAFNet-D,0.4013872200197149,0.8611375561264455,0.0775297683795269,0.027549543553238832,0.4725715139539887
4,140,CAFNet-DG,0.45846038993307203,0.7877736340270853,0.05875037913254473,0.029363575386833665,0.5281283435928652
4,140,Group-only,0.44720458461545814,0.7312625444731049,0.056140350877192984,0.032576638433872554,0.5289320297441437
4,140,Global gate,0.5075830115197076,0.7065443116025597,0.09617419617419617,0.04289337701124871,0.5774739293601833
4,140,Drug gate,0.48501379892605956,0.6281460426238843,0.02630249819055642,0.03267594904157539,0.5512109233859592
4,140,Drug-stratum gate,0.5465136688913044,0.7917063341896682,0.014454916486092678,0.03914258000088215,0.6140655081949488
4,141,CAFNet,0.5296691996184786,0.8115558478722845,,0.07452674265553459,0.5735667310046608
4,141,CAFNet-D,0.21872361040410207,0.684383072597662,,0.025474780891257806,0.28995302979832105
4,141,CAFNet-DG,0.3984317522834094,0.7564477297898765,,0.03546364713760443,0.4463550145182065
4,141,Group-only,0.4734398040301752,0.8482378089219645,,0.0188704038746441,0.5233725225562151
4,141,Global gate,0.5253610965955593,0.9363792118010483,,0.11246665049721077,0.5773746910842209
4,141,Drug gate,0.5495553023666863,0.9216017310213245,,0.2292334194659776,0.5828080598092639
4,141,Drug-stratum gate,0.339226325705665,0.7967610662472993,,0.011725839150080438,0.4068317218500249
4,155,CAFNet,0.6307442048644601,0.8572048559638626,0.6428571428571428,0.14285714285714285,0.6603640934734843
4,155,CAFNet-D,0.5226866559795558,0.6366587127404281,0.8333333333333333,0.2,0.5322763047288491
4,155,CAFNet-DG,0.6011698401526405,0.6754160255557639,0.8333333333333333,0.16666666666666666,0.6202410472855687
4,155,Group-only,0.5397473879451025,0.6399441431116327,0.2934782608695652,0.5,0.5605106034078274
4,155,Global gate,0.6385585232690306,0.7183627972686238,0.3214285714285714,1.0,0.6734610321968061
4,155,Drug gate,0.42973928640418524,0.5551469705065497,0.2934782608695652,0.02857142857142857,0.45789275934876755
4,155,Drug-stratum gate,0.5119197563715134,0.6898286563534621,0.1125,0.06666666666666667,0.5541813758020288
4,160,CAFNet,0.5413420907008388,0.914856882358379,0.08333333333333333,0.05163878732763424,0.6433938410527835
4,160,CAFNet-D,0.6144179821892195,1.0,0.004807692307692308,0.030891378371647606,0.6860686180351887
4,160,CAFNet-DG,0.6428141336130534,1.0,0.006993006993006993,0.03704265900838563,0.7127643929315457
4,160,Group-only,0.6550016374269281,1.0,0.017241379310344827,0.05135307164379174,0.739617138429867
4,160,Global gate,0.6216494842610826,1.0,0.011235955056179775,0.033201199260983694,0.6934627161242926
4,160,Drug gate,0.41873490596411855,0.8200685179888283,0.03225806451612903,0.04006835387931601,0.6088308130791769
4,160,Drug-stratum gate,0.6516894263972608,1.0,0.019230769230769232,0.039090410290900615,0.7225511188299327
4,181,CAFNet,0.2698708906274696,0.26144322424505007,,,0.27098200173858067
4,181,CAFNet-D,0.5081370858510887,0.5861163849908828,,,0.5696120984278877
4,181,CAFNet-DG,0.5938204659325349,0.6936634693435662,,,0.6028110438752853
4,181,Group-only,0.6269431882419446,0.6994739030813918,,,0.6286065313887127
4,181,Global gate,0.23499984744940738,0.15176219107803549,,,0.24704425724127035
4,181,Drug gate,0.34772455784839706,0.40731747959109704,,,0.3483009012845078
4,181,Drug-stratum gate,0.50808230561159,0.5388856921828065,,,0.5087241541353383
4,212,CAFNet,0.38239306102345266,0.5645441593704201,,0.009433962264150943,0.4189421901074443
4,212,CAFNet-D,0.42263306727570615,0.5473983622993502,,0.024390243902439025,0.46243171721895115
4,212,CAFNet-DG,0.4487825906007724,0.5541432109622958,,0.02564102564102564,0.4898818290107748
4,212,Group-only,0.4494705770820342,0.5637884576902256,,0.005555555555555556,0.4981576112438077
4,212,Global gate,0.3946571831234299,0.5541432109622958,,0.004405286343612335,0.4400549430113827
4,212,Drug gate,0.3999665609654199,0.5326208815196265,,0.011111111111111112,0.4410365377624841
4,212,Drug-stratum gate,0.4395019323206534,0.5637884576902256,,0.01,0.4857413979981234
4,228,CAFNet,0.5014673704017195,0.6188656458779801,0.016892457033912463,0.031012687045693686,0.5650812662382514
4,228,CAFNet-D,0.4932806636459315,1.0,0.01653234298073366,0.024342712937607945,0.601223418430979
4,228,CAFNet-DG,0.5578183349029404,1.0,0.0165233077160085,0.024202133862263574,0.6372334209065448
4,228,Group-only,0.5411374676071058,1.0,0.012056835362831636,0.028961987674061974,0.6420760633263631
4,228,Global gate,0.6024962988861031,0.933745776545611,0.027343647587186624,0.04752843713625062,0.6885820859985075
4,228,Drug gate,0.5979442620424077,1.0,0.01865144623740969,0.056474202880940856,0.6830940070270937
4,228,Drug-stratum gate,0.5502898708220652,1.0,0.02606639151466738,0.0485135756369951,0.6517473125325919
4,271,CAFNet,0.6167201741118052,0.6911279212606076,,,0.6192376073626885
4,271,CAFNet-D,0.493363200717119,0.6203974344166848,,,0.49507213473795453
4,271,CAFNet-DG,0.5331308338423423,0.6203974344166848,,,0.5348800372943172
4,271,Group-only,0.5160233686516322,0.642186726668901,,,0.5179829455626206
4,271,Global gate,0.5157573284903739,0.715550648768261,,,0.5186930802578962
4,271,Drug gate,0.5736736203790467,0.7720617383222416,,,0.5754211443927755
4,271,Drug-stratum gate,0.6856283222900272,0.8006937664098821,,,0.6872709301280728
4,280,CAFNet,0.09868721582235568,0.1175227747072427,0.016129032258064516,,0.11258573856409228
4,280,CAFNet-D,0.34913433155763846,0.45128618090292516,0.005050505050505051,,0.3935004606879607
4,280,CAFNet-DG,0.3009125632886279,0.38334277998463445,0.005813953488372093,,0.337929079274016
4,280,Group-only,0.3686030132786453,0.45128618090292516,0.1111111111111111,,0.41199113984674324
4,280,Global gate,0.2789068585521373,0.39443021478860435,0.006024096385542169,,0.3132961218777783
4,280,Drug gate,0.30186162106987935,0.3525683241217281,0.004424778761061947,,0.3408494920285741
4,280,Drug-stratum gate,0.35518627196055147,0.49747270012788325,0.003484320557491289,,0.3991936943892085
4,289,CAFNet,0.443527169784999,1.0,0.003787878787878788,0.06125963891020335,0.6081955973288262
4,289,CAFNet-D,0.5582578610952208,1.0,0.004784688995215311,0.18908390706869618,0.646439740552043
4,289,CAFNet-DG,0.6112888376757474,1.0,0.0044444444444444444,0.20656545094780807,0.6810294376946382
4,289,Group-only,0.625962767102004,1.0,0.016129032258064516,0.18934656120930632,0.6853753924754777
4,289,Global gate,0.6304310896308488,0.9363792118010483,0.009708737864077669,0.09130698014460717,0.6879140772961999
4,289,Drug gate,0.5564134217262332,1.0,0.007042253521126761,0.0841429613632042,0.6222220552911044
4,289,Drug-stratum gate,0.6718207452095427,1.0,0.023809523809523808,0.1342749166501103,0.7275666802656205
4,297,CAFNet,0.3596759400165923,0.4042383682811875,0.02795427447593956,0.042449394184479336,0.47192531751474254
4,297,CAFNet-D,0.5756087344968721,1.0,0.027951412755433225,0.05332427208464265,0.679120762021493
4,297,CAFNet-DG,0.5468037411154858,1.0,0.029422248569843885,0.04400850338539012,0.6435635299651487
4,297,Group-only,0.6330242234931905,1.0,0.02858943738203973,0.07744694179782055,0.7256579169006685
4,297,Global gate,0.5906682784966606,1.0,0.021845798039299313,0.036216303659574525,0.684546403079223
4,297,Drug gate,0.5446304572215098,1.0,0.0197862087798691,0.03356322908582775,0.6332371279131125
4,297,Drug-stratum gate,0.6170026344707424,1.0,0.0635298700905789,0.12176882224170509,0.7281786615623167
4,314,CAFNet,0.6464670530939199,0.9363792118010483,0.008624486200822078,0.031097070398042933,0.6988079727396748
4,314,CAFNet-D,0.7119687856896326,0.7909506325094736,0.02693089430894309,0.17481463639616548,0.7489643288764326
4,314,CAFNet-DG,0.6905366094495734,0.791726719367984,0.015970668655232414,0.07795680809460089,0.7300825036852036
4,314,Group-only,0.6726114886846276,0.8643145546088338,0.06859756097560976,0.06048428910918517,0.7129753708947547
4,314,Global gate,0.6338656946156107,0.7909506325094736,0.009054403644928375,0.03784470275721583,0.6844729464567719
4,314,Drug gate,0.6075950808003348,0.9216017310213245,0.008017676767676767,0.09276473842263315,0.6466219039143662
4,314,Drug-stratum gate,0.6398086553007267,0.9052116356304493,0.019595959595959597,0.1610031261325624,0.6805639839092333
4,339,CAFNet,0.27111884702038824,0.5806020001118019,0.1918280132565847,0.01675491496908361,0.33314945801509177
4,339,CAFNet-D,0.4466646226198991,0.9305687780632227,0.025552503590104858,0.01919006919006919,0.5557279868130728
4,339,CAFNet-DG,0.41952760175909143,0.933745776545611,0.05784950748747336,0.01854025164302182,0.5188217608839966
4,339,Group-only,0.4160457625921048,0.914856882358379,0.03407239690134427,0.016445697421464234,0.5168945896656626
4,339,Global gate,0.4209807794414456,0.7702043899253147,0.1319034216847596,0.03716318485582984,0.5136859779240062
4,339,Drug gate,0.35729692653790185,0.866947989864271,0.02900336095500731,0.017940285997468573,0.46064838901046173
4,339,Drug-stratum gate,0.37997091376336944,0.8414929602590189,0.07985816542948038,0.012350524808057154,0.47307957743729084
4,343,CAFNet,0.3305131823811275,0.45718160765461063,0.018553441982615455,0.15412698412698414,0.4227492432586843
4,343,CAFNet-D,0.5611922554248979,0.8115558478722845,0.014623829329711683,0.3664392670422821,0.6126550140133094
4,343,CAFNet-DG,0.5020901472999697,0.8454256604216017,0.015190710305754553,0.1653096415439512,0.5599054494113058
4,343,Group-only,0.5584228593322812,0.8268133666517739,0.022096188544590847,0.2418948224451071,0.6125526518583856
4,343,Global gate,0.4932294590517466,0.6947651160602988,0.02662472827201509,0.01754276786534851,0.5648053215857235
4,343,Drug gate,0.5598160014984467,0.7827392871477701,0.18394538606403013,0.16287449392712552,0.6071039728399698
4,343,Drug-stratum gate,0.4619210330401121,0.7065632165480472,0.03525411430333294,0.028969497980341,0.5121621692126078
4,352,CAFNet,0.09603571275982375,0.1794771050858174,0.06787330316742082,0.39220377146073737,0.10654963197908951
4,352,CAFNet-D,0.09963355253426998,0.1100458831490401,0.18253968253968253,0.09603176870553952,0.11541098785599849
4,352,CAFNet-DG,0.0960595447703118,0.14876390584057267,0.19444444444444442,0.15454861111111112,0.09773828268371601
4,352,Group-only,0.0649656624732774,0.07839826897867538,0.04194078947368421,0.042188033523078455,0.08681271363771231
4,352,Global gate,0.0712947641693996,0.07839826897867538,0.07919254658385093,0.08423948537095088,0.0831681908104595
4,352,Drug gate,0.09083116851055018,0.20829366581033182,0.07045454545454546,0.07368197278911565,0.12013409004345603
4,352,Drug-stratum gate,0.06489227162264558,0.14201905717762706,0.04857142857142857,0.045620748299319724,0.08618048992631172
4,362,CAFNet,0.43403066034599264,0.4697368900553819,1.0,0.10351318468415777,0.4764853028004374
4,362,CAFNet-D,0.4735969332146071,0.6531466953037821,0.05263157894736842,0.1647014659939696,0.523537637458047
4,362,CAFNet-DG,0.4919171206823486,0.6083169141195838,0.3333333333333333,0.17084511505165653,0.5301689055305934
4,362,Group-only,0.5099518445530976,0.7183627972686238,1.0,0.08461150295048284,0.5522308502222716
4,362,Global gate,0.494611045462815,0.8236998933965709,0.02,0.04245418124543486,0.5617237404429366
4,362,Drug gate,0.47883010045834257,0.6719377023185354,0.006802721088435374,0.03376130422585671,0.5336162779207353
4,362,Drug-stratum gate,0.5033830093320382,0.7125523635307982,0.16666666666666666,0.08307008334839394,0.5453046510196498
4,367,CAFNet,0.4408222786316253,0.6722390270733756,0.0030303030303030303,,0.47507746831049225
4,367,CAFNet-D,0.14788776741365287,0.1545743395783983,0.005,,0.22669793213837977
4,367,CAFNet-DG,0.30509810131398785,0.2719144540092835,0.0038022813688212928,,0.340811111895491
4,367,Group-only,0.406814326396283,0.5473983622993502,0.008849557522123894,,0.46039110390378685
4,367,Global gate,0.3737988251182179,0.6059848036189865,0.006172839506172839,,0.42309049009228017
4,367,Drug gate,0.38345534542651166,0.58874982024632,0.024390243902439025,,0.42745689461648717
4,367,Drug-stratum gate,0.331028059442765,0.5199967979955744,0.0045871559633027525,,0.45211875263424156
4,370,CAFNet,0.31215434325681046,0.7877736340270853,0.12452619291637619,0.05962158695013604,0.43780532355232826
4,370,CAFNet-D,0.2865347104957348,0.8701249883466594,0.029239640247428998,0.029917723256582478,0.4037688168663578
4,370,CAFNet-DG,0.32485888503650007,0.9305687780632227,0.05757116320099207,0.03642712374101838,0.4602177046887441
4,370,Group-only,0.3219323803248053,0.6489315753318465,0.056806930371631634,0.14823825158265672,0.4249269274566246
4,370,Global gate,0.33987515396594103,0.6785038377365555,0.24441509545738943,0.04635998605535309,0.4624434563884045
4,370,Drug gate,0.4078364396479171,0.7573821447149965,0.2832678415630093,0.17417665998601317,0.5046585363068135
4,370,Drug-stratum gate,0.3292034520509444,0.7859162856301584,0.0976295682962929,0.15719012197504229,0.4306621015826063
4,394,CAFNet,0.4384528975883151,0.7065632165480472,0.027575351985225323,0.05354754497673128,0.5393442270858279
4,394,CAFNet-D,0.4479864947522957,0.933745776545611,0.031043043219220075,0.03801545533565876,0.54210871745723
4,394,CAFNet-DG,0.4795804325853195,0.9305687780632227,0.030043502876604393,0.041592230142367424,0.577625203185227
4,394,Group-only,0.5496431889162182,1.0,0.05007169521130042,0.1830603707353079,0.6426692586659033
4,394,Global gate,0.5216169313453294,0.933745776545611,0.06028382778792877,0.08632785928737284,0.6346422200057171
4,394,Drug gate,0.5425345337247431,0.9363792118010483,0.1021426529322672,0.07159301854664908,0.6427144290006226
4,394,Drug-stratum gate,0.5746534130339144,0.9363792118010483,0.037719624654085834,0.1438032419295365,0.6688263193341878
4,406,CAFNet,0.19439995278341465,0.1834098052484002,0.07676767676767676,0.2230289398710451,0.2315040440846081
4,406,CAFNet-D,0.3285754298461798,0.523153411299647,0.030687830687830688,0.2079104718810601,0.3995667859795334
4,406,CAFNet-DG,0.32156315367331884,0.6659485553357843,0.05981186353929511,0.2533909006232055,0.3899524885575051
4,406,Group-only,0.3279810665023484,0.5263304097820353,0.07289475361764518,0.20083941655941337,0.40210607465049425
4,406,Global gate,0.34037229498159866,0.6473362615659565,0.020773499175209143,0.2143476620528672,0.41795414755378063
4,406,Drug gate,0.24013758928787982,0.4163824138054739,0.015519781144781144,0.0666322858528513,0.2953814977847663
4,406,Drug-stratum gate,0.28602686845988523,0.45767527470376834,0.08496863349184024,0.10715086041172998,0.35040369260250376
4,408,CAFNet,0.3156411989427174,0.43621154230977444,0.008659899750941977,0.00980655979084767,0.4190807957054526
4,408,CAFNet-D,0.3236258522540799,0.7116179486056783,0.07353479853479854,0.016971229873490513,0.41282464906306005
4,408,CAFNet-DG,0.3848053245941576,0.7254521107352793,0.026467277497744558,0.014180911814702171,0.4904016871211158
4,408,Group-only,0.48341025941858473,0.9305687780632227,0.01619165867148259,0.014116152803183466,0.6140315251756544
4,408,Global gate,0.15053742468326334,0.2895229882348575,0.01418956123572712,0.02042254547321152,0.18457911918914777
4,408,Drug gate,0.45197662123008714,0.9305687780632227,0.020077927062091216,0.014299210073474738,0.572273782464712
4,408,Drug-stratum gate,0.48142413476353885,0.9266360779006398,0.026064213564213564,0.025832227772241756,0.6092784153626426
4,410,CAFNet,0.4186161752967159,0.4760705018418427,,0.039620002525373184,0.4886464143324529
4,410,CAFNet-D,0.41043754952448297,1.0,,0.018197941932966002,0.5078201129279583
4,410,CAFNet-DG,0.5112591848492766,0.9363792118010483,,0.022228785967327688,0.6068567844617605
4,410,Group-only,0.5706126684975203,1.0,,0.02385346530256013,0.6671531029530003
4,410,Global gate,0.20120146158866298,0.3531437764338092,,0.02523606634649507,0.2755126617332697
4,410,Drug gate,0.25435751123129346,0.2984900352767556,,0.03179368701388648,0.3033551183475599
4,410,Drug-stratum gate,0.21710846090000904,0.3557772116892465,,0.027567296282431698,0.264948044773814
4,411,CAFNet,0.04537559379030441,0.07075576072108053,,0.11039660350005177,0.058390340695189426
4,411,CAFNet-D,0.04224547653522569,0.07414861528507459,,0.027882464687318077,0.06124878800616505
4,411,CAFNet-DG,0.04291717767274583,0.06794340091829071,,0.0712092785263517,0.05759995588811315
4,411,Group-only,0.034011111071380586,0.0,,0.062057801156638365,0.043976657525361375
4,411,Global gate,0.018638827426465502,0.0,,0.00875569477060579,0.028020775509142004
4,411,Drug gate,0.03259002696476027,0.0,,0.0739076330426126,0.03575116599050752
4,411,Drug-stratum gate,0.03511832170657885,0.0,,0.055171882033242754,0.044222709231056
4,418,CAFNet,0.1942816188486717,0.31561692740233804,0.01958836458632863,0.06837750132511788,0.24385443175917604
4,418,CAFNet-D,0.2678296671289551,0.5900490851534657,0.04564492545646113,0.05785198740311927,0.3486112859683113
4,418,CAFNet-DG,0.2866260985691835,0.5795003533950693,0.04393177442286609,0.06938312225818855,0.3649358170862223
4,418,Group-only,0.23812221864598587,0.6274092458891772,0.01586887679854902,0.025211549777422737,0.3213681055646854
4,418,Global gate,0.28513441034872383,0.6531466953037821,0.11456108313743521,0.03715284240143357,0.36933004347931064
4,418,Drug gate,0.2109477989508365,0.5517854393872874,0.026471925149779876,0.025951965796897125,0.3028292667000433
4,418,Drug-stratum gate,0.25219839161287677,0.6025064803817581,0.013572056363252065,0.0435558608644714,0.32537927072397055
4,433,CAFNet,0.16540111792360881,0.375767752593211,,0.004672897196261682,0.18258302662190035
4,433,CAFNet-D,0.20695374184746496,0.4225749983705864,,0.003125,0.226445415501656
4,433,CAFNet-DG,0.2070900370503157,0.4252084336260237,,0.003205128205128205,0.22635224316649893
4,433,Group-only,0.22273380724433642,0.428385432108412,,0.00392156862745098,0.24359989455203107
4,433,Global gate,0.23134516608110986,0.4690000933206748,,0.0031746031746031746,0.2570265795358428
4,433,Drug gate,0.26755163976445945,0.4152807670887413,,0.004694835680751174,0.28719054109376013
4,433,Drug-stratum gate,0.21983222884295103,0.34369669139214537,,0.005649717514124294,0.23457181449721265
4,441,CAFNet,0.5079144964072609,0.8611375561264455,0.2869520897043833,0.11733077220882099,0.5591159073734554
4,441,CAFNet-D,0.39187552354790495,0.5388856921828065,0.09511784511784512,0.04581733910092119,0.43475174199779165
4,441,CAFNet-DG,0.4646262007708814,0.642186726668901,0.2963875205254516,0.12224207845907618,0.5078375864791681
4,441,Group-only,0.41572357718441566,0.684383072597662,0.07552521008403361,0.10584818636647905,0.4602920728123538
4,441,Global gate,0.33135073387119357,0.48647145024996696,0.08393458393458393,0.05893956780009787,0.38355448978244217
4,441,Drug gate,0.45749561752436596,0.866947989864271,0.36548737792518887,0.1140596589512998,0.5229839860833347
4,441,Drug-stratum gate,0.4370249209242976,0.7630946912803435,0.11050642479213907,0.0680583349046961,0.487385451446527
4,448,CAFNet,0.29978485697757923,0.3340514446642156,0.08333333333333333,0.41470588235294115,0.3435160519244457
4,448,CAFNet-D,0.2580048059719948,0.412449713642891,0.07142857142857142,0.14915824915824916,0.3142343698505778
4,448,CAFNet-DG,0.32967855063241547,0.5579780239524,0.09090909090909091,0.455026455026455,0.39560593283862355
4,448,Group-only,0.3150711176733212,0.4950940324881553,0.3333333333333333,0.1567251461988304,0.37745251698783466
4,448,Global gate,0.33541116612897753,0.5834330535576522,0.012658227848101266,0.10518834399431413,0.42167469609012315
4,448,Drug gate,0.29871781242755097,0.3785988060390613,0.25,0.18617724867724866,0.34577605740407613
4,448,Drug-stratum gate,0.39267130970893066,0.6578986223737447,0.016666666666666666,0.061269841269841266,0.49582487596842
4,457,CAFNet,0.2615101516901325,0.3718350524306282,0.05,,0.2922987244204276
4,457,CAFNet-D,0.4200993502612215,0.7827392871477701,0.003484320557491289,,0.46740168033998264
4,457,CAFNet-DG,0.4535458365956849,0.7479350596733328,0.003787878787878788,,0.4784931223475787
4,457,Group-only,0.4971173206389403,0.835780413693672,0.006369426751592357,,0.517206408987115
4,457,Global gate,0.5333483650937515,0.6871952210980248,0.00425531914893617,,0.5522392648857904
4,457,Drug gate,0.474747869782048,0.7222954974312067,0.0037593984962406013,,0.495402300493193
4,457,Drug-stratum gate,0.438593911872291,0.6274092458891772,0.003472222222222222,,0.4582417032195556
4,460,CAFNet,0.40774323583725786,0.8048109992093389,0.022151154895113948,0.0728911387287632,0.5632822656475759
4,460,CAFNet-D,0.44958412258018304,1.0,0.04017905051401052,0.09875447819846178,0.5988171555177726
4,460,CAFNet-DG,0.4844321404120214,1.0,0.03390942933534444,0.09123267589869048,0.6378496752534216
4,460,Group-only,0.49479189366717025,0.9305687780632227,0.024761148756149418,0.056400214095751536,0.6682372295196373
4,460,Global gate,0.4920078324481767,0.8643145546088338,0.021475047080174826,0.04482010921564401,0.6679937560977356
4,460,Drug gate,0.49181533138172207,0.9305687780632227,0.02365176774434571,0.08564734058735551,0.6655192923904325
4,460,Drug-stratum gate,0.48752740199892963,0.9305687780632227,0.022795527382523134,0.04720520638692781,0.6651394025753857
4,466,CAFNet,0.20318064789161888,0.24936270394794907,,0.010803118681631523,0.22449647271423892
4,466,CAFNet-D,0.24712764626002126,0.3693362536342715,,0.023093608900060514,0.2807770931002454
4,466,CAFNet-DG,0.2562526710369817,0.31516255047698355,,0.01999871473555684,0.2835752267084243
4,466,Group-only,0.2867231316789767,0.3693362536342715,,0.022637583686505744,0.319778741525192
4,466,Global gate,0.23649248522090316,0.4035015715464804,,0.02897621036718781,0.2778231018258468
4,466,Drug gate,0.2542223056451356,0.35687885840597894,,0.018113682884585106,0.2791117176840539
4,466,Drug-stratum gate,0.2504622838786343,0.3024038304938509,,0.030760756567208176,0.2722548305790391
4,468,CAFNet,0.09152537697686561,0.06362078819895167,0.02671425481289206,0.07326436592842993,0.11451624481634118
4,468,CAFNet-D,0.10838748676038062,0.2489083270225946,0.007466996699669967,0.031744567309296826,0.1541839045164135
4,468,CAFNet-DG,0.10482918495489792,0.28351493630661884,0.008907451212300414,0.033893837827268083,0.14472517086473696
4,468,Group-only,0.11806784170232652,0.3125291152215463,0.006083991385498923,0.03409427469009405,0.16452086601724147
4,468,Global gate,0.11354274988688555,0.29343678345195284,0.023033050599590526,0.0398142588141814,0.14947827671191335
4,468,Drug gate,0.12816138255357068,0.39956887138389763,0.009474021551896809,0.03115100314331907,0.18235054790375638
4,468,Drug-stratum gate,0.1507216089516379,0.3301376494471203,0.020303030303030302,0.0583354017874482,0.20143630939163398
4,485,CAFNet,0.26373488922323685,0.2646202227274384,0.011764705882352941,0.02762291908633372,0.3262204409132971
4,485,CAFNet-D,0.5361604887849902,1.0,0.005319148936170213,0.051883001588636575,0.6045917340658667
4,485,CAFNet-DG,0.5232451116874522,0.9305687780632227,0.005813953488372093,0.03730717974346161,0.5927980931533559
4,485,Group-only,0.5299534713343937,1.0,0.008928571428571428,0.017900024382222525,0.5994926387796926
4,485,Global gate,0.5066212740012,0.8701249883466594,0.007407407407407408,0.01341264848351732,0.5810109464538916
4,485,Drug gate,0.530495316117385,0.9363792118010483,0.009174311926605505,0.02278045158684256,0.6086370284759437
4,485,Drug-stratum gate,0.5148012585116882,0.9363792118010483,0.0033444816053511705,0.02926244348196694,0.5747741898663205
4,490,CAFNet,0.2796475209147087,0.5957616317188126,0.1798325131658465,0.05850357051864915,0.39913933402283064
4,490,CAFNet-D,0.334667647582546,0.7600791051976192,0.020788593688898595,0.08945614286328556,0.4846884601875837
4,490,CAFNet-DG,0.3214857194879793,0.7538142945344393,0.026166406319078073,0.08128837130602751,0.45707156826224304
4,490,Group-only,0.3876403181478549,0.6816808362189439,0.11974511751075803,0.22920822006701963,0.497938314394646
4,490,Global gate,0.3160449554700331,0.58874982024632,0.3456043956043956,0.1395281942262891,0.4153593920938521
4,490,Drug gate,0.2630508962295643,0.2200917662980802,0.08575963718820862,0.18872577251690378,0.4151224901450367
4,490,Drug-stratum gate,0.3084222274259944,0.5326208815196265,0.06935817805383022,0.23915199104995308,0.4018097724238032
4,494,CAFNet,0.20958628905872945,0.13698471029831177,0.009697799043330197,0.03874120920870808,0.27703083060252975
4,494,CAFNet-D,0.4737743247993588,1.0,0.009737568621084281,0.0472245879789839,0.5809790902015546
4,494,CAFNet-DG,0.413912073178464,0.866947989864271,0.009734761614460862,0.04376703594205575,0.5047723175895809
4,494,Group-only,0.512848148525144,0.8572048559638626,0.029446164430684554,0.04827708255224967,0.6144548782242525
4,494,Global gate,0.4197252411355332,0.835780413693672,0.019496938091144243,0.06506754068461235,0.5328737552263707
4,494,Drug gate,0.3216617753846771,0.9216017310213245,0.021154330678140203,0.021406750840271285,0.418690252094316
4,494,Drug-stratum gate,0.36791640896259686,0.866947989864271,0.015212701385637236,0.08605028576596577,0.5035526778652009
4,509,CAFNet,0.4469997769558054,0.4034826666009929,,0.021739130434782608,0.4634168115411345
4,509,CAFNet-D,0.3471288459955488,0.4256628105513781,,0.011494252873563218,0.3692887547699177
4,509,CAFNet-DG,0.4399966041755046,0.3827160388385181,,0.014285714285714285,0.4563765509887124
4,509,Group-only,0.5438331073273724,0.5552448576790284,,0.008130081300813009,0.5674197756561379
4,509,Global gate,0.5773126510774501,0.6947651160602988,,0.01,0.6042391246889574
4,509,Drug gate,0.523127679006103,0.642923523403608,,0.024390243902439025,0.5468883041262189
4,509,Drug-stratum gate,0.48274007520685475,0.5774250016294136,,0.03571428571428571,0.49938820023993646
4,537,CAFNet,0.28514375547196896,0.12987501165334064,,,0.286532190285499
4,537,CAFNet-D,0.5323413046378848,0.7315449642824575,,,0.5330044131612554
4,537,CAFNet-DG,0.4515260163800825,0.599976751690748,,,0.451790391793169
4,537,Group-only,0.49332531047792405,0.6212166613240647,,,0.4983993420017369
4,537,Global gate,0.2880128312835646,0.4631896595828493,,,0.28878302197192274
4,537,Drug gate,0.5035308483884393,0.6114735274236563,,,0.5102500471342383
4,537,Drug-stratum gate,0.4033214577032302,0.4818809355796683,,,0.4036715201297888
4,544,CAFNet,0.23047885770872192,0.35359815335916356,0.41778564773633625,0.21393200591995193,0.28204127985461813
4,544,CAFNet-D,0.309178947572972,0.5541432109622958,0.324763939582488,0.16256876287317656,0.38349573304254453
4,544,CAFNet-DG,0.3194484929865887,0.6399441431116327,0.349857820709817,0.19768123618350636,0.3697766621896387
4,544,Group-only,0.3488336699447861,0.6929852696575346,0.5862080890816421,0.3062181886023065,0.38625589670809357
4,544,Global gate,0.37568315034819694,0.596517333399007,0.5597925404558227,0.3023189645892146,0.3729596030530614
4,544,Drug gate,0.4471381051467161,0.7967610662472993,0.5467315651376612,0.45502159492393385,0.4446198319775725
4,544,Drug-stratum gate,0.296661075580985,0.7534494445524138,0.1811361232227212,0.2405847235646128,0.37236925032828605
4,555,CAFNet,0.2494515802944776,0.24936270394794907,,0.1,0.2623632934386041
4,555,CAFNet-D,0.4007026110343204,0.7663491917568948,,0.022833419823559936,0.4362745352882133
4,555,CAFNet-DG,0.3953299539627193,0.6652907408280685,,0.044117647058823525,0.4268401468483808
4,555,Group-only,0.4349552533613996,0.7314470771099788,,0.027634130575307045,0.4751426933542502
4,555,Global gate,0.4740339223793522,0.7630946912803435,,0.022296132052229613,0.5152174820183056
4,555,Drug gate,0.43544616005614295,0.7877736340270853,,0.009242808798646363,0.47412377089679275
4,555,Drug-stratum gate,0.39261987190065284,0.6168295842361275,,0.019373377827215425,0.4219702706421176
4,562,CAFNet,0.45670620091104686,0.5857421563596759,,0.0045045045045045045,0.5343450951734697
4,562,CAFNet-D,0.049364573605138434,0.0,,0.027777777777777776,0.05502357225231784
4,562,CAFNet-DG,0.2879862803493866,0.4123144993714364,,0.017857142857142856,0.33378947901494316
4,562,Group-only,0.05038574084976421,0.0,,0.1111111111111111,0.05220385267823598
4,562,Global gate,0.057734274603055344,0.0,,0.041666666666666664,0.06258167752635456
4,562,Drug gate,0.06554123941591009,0.08274602130531994,,0.005434782608695652,0.09882874118286235
4,562,Drug-stratum gate,0.02114958313396629,0.0,,0.0030959752321981426,0.025655415652585514
4,571,CAFNet,0.2762049750229108,0.26845503571754253,0.008130081300813009,0.16771506700456895,0.3290146377150175
4,571,CAFNet-D,0.4886572897933953,0.9363792118010483,0.009433962264150943,0.050542372042372045,0.6042698106450812
4,571,CAFNet-DG,0.4923631124953728,0.933745776545611,0.009345794392523364,0.14754716981132077,0.602820240766
4,571,Group-only,0.46947871827377735,0.8643145546088338,0.007575757575757576,0.023936418642300998,0.5863369503009295
4,571,Global gate,0.35857629609095737,0.6758704024811183,0.038461538461538464,0.03269104431593106,0.44245856334191225
4,571,Drug gate,0.45136250322565574,0.9305687780632227,0.013333333333333334,0.021608912637308852,0.567743435188438
4,571,Drug-stratum gate,0.46655688892305314,0.8603818544462509,0.013513513513513514,0.020989300360765937,0.5808662548302416
4,575,CAFNet,0.33446775759759706,0.441285179312893,0.003663003663003663,0.5714285714285714,0.3686799995458091
4,575,CAFNet-D,0.22201907624398606,0.31909525063956645,0.003115264797507788,0.03125,0.2870084931937934
4,575,CAFNet-DG,0.289735390439779,0.38148029915855797,0.0030959752321981426,0.16203703703703703,0.36752704848417705
4,575,Group-only,0.23484747063159297,0.39449523438077905,0.017543859649122806,0.25757575757575757,0.2870592154208512
4,575,Global gate,0.4036766043303182,0.5834330535576522,0.004739336492890996,0.20833333333333331,0.5170537260399253
4,575,Drug gate,0.441377224535558,0.5884674004369674,0.007518796992481203,0.3269230769230769,0.546038535932153
4,575,Drug-stratum gate,0.27507722736891727,0.3636237070689246,0.006993006993006993,0.19999999999999998,0.3526361421761688
4,587,CAFNet,0.44343864405395994,0.5546406709327603,,0.16233766233766234,0.6011463046757164
4,587,CAFNet-D,0.46062834571820044,0.5857421563596759,,0.026841171251109137,0.6359056377449019
4,587,CAFNet-DG,0.44404115447348524,0.5666867828578932,,0.08982683982683982,0.6089285714285715
4,587,Group-only,0.4475964793500338,0.5666867828578932,,0.04857142857142857,0.6138888888888889
4,587,Global gate,0.2834691452338511,0.40877874879535275,,0.16025641025641024,0.3797979797979798
4,587,Drug gate,0.3279090068153314,0.4292486164007478,,0.0804093567251462,0.445221027479092
4,587,Drug-stratum gate,0.3763114259777599,0.5306972923267993,,0.012729285262492094,0.5212488769092543
4,596,CAFNet,0.36552819691723853,0.579782773204422,0.10096153846153846,0.018867924528301886,0.398474357603166
4,596,CAFNet-D,0.4461251677237889,0.7909506325094736,0.008143626794556382,0.011363636363636364,0.49781430660130266
4,596,CAFNet-DG,0.45487181772401303,0.8364586133797036,0.010264227642276424,0.014492753623188406,0.5037173032828816
4,596,Group-only,0.3817481369498494,0.7909506325094736,0.016925064599483203,0.013888888888888888,0.4327462663583485
4,596,Global gate,0.4359853783658478,0.7967610662472993,0.005378259951430683,0.012048192771084338,0.48391342297081064
4,596,Drug gate,0.2878045618135744,0.7125523635307982,0.0073167469234884965,0.006024096385542169,0.35999616700238185
4,596,Drug-stratum gate,0.5073383772714891,1.0,0.040584415584415584,0.011627906976744186,0.5578975371183786
4,606,CAFNet,0.43880314376204205,0.47842151728792737,,,0.43941588886008126
4,606,CAFNet-D,0.5688766771485244,0.6274092458891772,,,0.5701695206138132
4,606,CAFNet-DG,0.5642453961808801,0.5637884576902256,,,0.5644821386051225
4,606,Group-only,0.5478160156314347,0.6177639991612475,,,0.5487622594124142
4,606,Global gate,0.38826212026618,0.47479014188018465,,,0.390723076989598
4,606,Drug gate,0.20148136615567622,0.26144322424505007,,,0.22703196929313824
4,606,Drug-stratum gate,0.5289807384676476,0.6177639991612475,,,0.5299676725506193
4,622,CAFNet,0.13925430664749608,0.14465249243306436,0.011503553176143957,0.02749829548811824,0.17716640669909878
4,622,CAFNet-D,0.2862217791143448,0.7065443116025597,0.01051348760581458,0.04967376906248092,0.3747957998556565
4,622,CAFNet-DG,0.2548177571594623,0.5716349530699038,0.010627232849455073,0.03794249407489856,0.3322123201048877
4,622,Group-only,0.37509614994507956,0.7799082337019198,0.4108885464817668,0.31889394950285016,0.45638800035966304
4,622,Global gate,0.33223414056502437,0.7065443116025597,0.07830306267806267,0.2053271805593787,0.40485129912085305
4,622,Drug gate,0.22928846466711178,0.6461194268314838,0.009505079335126041,0.015665167328122107,0.31127663933990923
4,622,Drug-stratum gate,0.3187302579145441,0.7162874455029681,0.016339875774203556,0.05784810427667571,0.4043080674091832
4,624,CAFNet,0.22853754547955324,0.2489083270225946,,0.007510964912280702,0.2578523105446967
4,624,CAFNet-D,0.27003816709418194,0.5926825204089029,,0.013549239920687376,0.2932060032635187
4,624,CAFNet-DG,0.3024609626913913,0.5107164012496702,,0.009697882438846294,0.32839278306440967
4,624,Group-only,0.34010230004309777,0.6203974344166848,,0.009325276062951048,0.36770600151654903
4,624,Global gate,0.31015163460507683,0.5645441593704201,,0.008524808524808525,0.3382481561311345
4,624,Drug gate,0.31089676079605916,0.5637884576902256,,0.007410919929548842,0.33966547027196275
4,624,Drug-stratum gate,0.1725505868137474,0.28634598975246917,,0.008089668615984405,0.34951145681128104
4,629,CAFNet,0.7387888950574948,0.914856882358379,,0.005235602094240838,0.7819019671405476
4,629,CAFNet-D,0.6356425904931845,0.9266360779006398,,0.003355704697986577,0.6734468696306112
4,629,CAFNet-DG,0.7106588425034686,0.9216017310213245,,0.003389830508474576,0.749046423511303
4,629,Group-only,0.6571582420743645,0.9305687780632227,,0.0035971223021582736,0.6973424823918011
4,629,Global gate,0.6481146958984165,0.933745776545611,,0.003289473684210526,0.6897632270863584
4,629,Drug gate,0.6044740790229791,0.8572048559638626,,0.0037313432835820895,0.637156169242552
4,629,Drug-stratum gate,0.5893538472531231,0.866947989864271,,0.0037735849056603774,0.6213772224694172
4,646,CAFNet,0.14421403284219403,0.1388624438735545,0.14285714285714285,,0.1553765321243391
4,646,CAFNet-D,0.1784538068060402,0.2200917662980802,0.0625,,0.21224429036044282
4,646,CAFNet-DG,0.20227955514716825,0.2200917662980802,0.0625,,0.22282523032523033
4,646,Group-only,0.23094776110255988,0.2200917662980802,0.07692307692307693,,0.260250122923123
4,646,Global gate,0.09747953135474088,0.06362078819895167,0.08333333333333333,,0.2688375569931641
4,646,Drug gate,0.09292178648713048,0.1100458831490401,0.14285714285714285,,0.11732120633485846
4,646,Drug-stratum gate,0.12548380807904616,0.1388624438735545,0.058823529411764705,,0.13690134016653813
4,652,CAFNet,0.3255419581773894,0.4233117951052935,0.062037037037037036,0.1065056972460059,0.3675543709059891
4,652,CAFNet-D,0.407925797590794,0.6500332220485792,0.04825581395348837,0.07528279749072338,0.45777594092714624
4,652,CAFNet-DG,0.4101340669955539,0.6442227883107535,0.08888888888888888,0.3331444498897329,0.4572193178887358
4,652,Group-only,0.3397329458521052,0.5766692999492191,0.04288240495137047,0.2874578804347826,0.3867597066541479
4,652,Global gate,0.292572668282981,0.6442227883107535,0.033893557422969185,0.18680201911909228,0.33143531120955366
4,652,Drug gate,0.37454469294933607,0.5806020001118019,0.28703703703703703,0.11615737203972497,0.4186519947020438
4,652,Drug-stratum gate,0.39583802359669645,0.5806020001118019,0.18253968253968253,0.06629464285714284,0.44391511876208795
4,653,CAFNet,0.716005480882161,0.7767471075223498,,,0.718554829339143
4,653,CAFNet-D,0.6567516223462264,0.7545912946607471,,,0.6575732587721079
4,653,CAFNet-DG,0.6886037045558481,0.7671708088082307,,,0.6886037045558482
4,653,Group-only,0.7135912698412699,0.7767471075223498,,,0.7148333616688047
4,653,Global gate,0.6990616519512289,0.7671708088082307,,,0.6993749351592489
4,653,Drug gate,0.6846681096681098,0.7545912946607471,,,0.6846681096681098
4,653,Drug-stratum gate,0.7386698526483473,0.7767471075223498,,,0.7386698526483473
4,655,CAFNet,0.12068121473688312,0.0,,0.02127659574468085,0.13183639946675496
4,655,CAFNet-D,0.232949465108788,0.1478294909154527,,0.03571428571428571,0.2470461066969976
4,655,CAFNet-DG,0.19178267358942516,0.14201905717762706,,0.04,0.20221674037869605
4,655,Group-only,0.2401835820701143,0.13698471029831177,,0.05555555555555555,0.2528241275877542
4,655,Global gate,0.12921930385436758,0.0,,0.16666666666666666,0.15062182721613862
4,655,Drug gate,0.22217325890180797,0.293416398273637,,0.041666666666666664,0.24315589158032522
4,655,Drug-stratum gate,0.14622553384321152,0.12987501165334064,,0.14285714285714285,0.1507661448303707
4,656,CAFNet,0.4673058499512012,0.6987957033953601,0.013172541743970315,0.009174311926605505,0.5245387219751207
4,656,CAFNet-D,0.750906672773995,1.0,0.06704980842911877,0.007575757575757576,0.8373032167437189
4,656,CAFNet-DG,0.6876329942166386,1.0,0.03897401732178547,0.007874015748031496,0.7689612607593201
4,656,Group-only,0.724137047243367,1.0,0.018438490348602708,0.007352941176470588,0.8094381936499345
4,656,Global gate,0.6584338737094796,0.9266360779006398,0.17261904761904762,0.005681818181818182,0.7325955599517155
4,656,Drug gate,0.4708713265233621,0.7791714369672127,0.01948051948051948,0.0056179775280898875,0.5311642128668039
4,656,Drug-stratum gate,0.6789569639126242,1.0,0.5068493150684932,0.00819672131147541,0.7563748187779195
4,663,CAFNet,0.2577160292034434,0.36005461457723387,,,0.2577936569010059
4,663,CAFNet-D,0.370809488352303,0.4852285551163225,,,0.37113827349121464
4,663,CAFNet-DG,0.3487675070028012,0.4703652827859579,,,0.3487675070028011
4,663,Group-only,0.32972373862696447,0.4703652827859579,,,0.32989023879346463
4,663,Global gate,0.22430555555555556,0.3347975674340217,,,0.22430555555555556
4,663,Drug gate,0.3494848694848695,0.4703652827859579,,,0.3494848694848695
4,663,Drug-stratum gate,0.26027744431105776,0.36005461457723387,,,0.26027744431105776
4,665,CAFNet,0.29398528379437766,0.41310752815060686,1.0,0.009980334316617503,0.3475240680728485
4,665,CAFNet-D,0.3306783134286191,0.4537425745411855,0.009900990099009901,0.07703081232492998,0.39353179264817506
4,665,CAFNet-DG,0.3597338854704324,0.5036067026046991,0.022727272727272728,0.06847826086956521,0.4282702184008121
4,665,Group-only,0.3376757533574398,0.4440973278132557,1.0,0.145,0.3867457743098237
4,665,Global gate,0.4165660102451229,0.5271064966405455,1.0,0.140625,0.4775707776103279
4,665,Drug gate,0.31256959658760314,0.42333070005078094,0.3333333333333333,0.19999999999999998,0.35390318981989755
4,665,Drug-stratum gate,0.3213959928965076,0.42492601381667106,1.0,0.18421052631578946,0.3705476477196163
4,697,CAFNet,0.15997557746040525,0.09478836436955075,,,0.15997557746040525
4,697,CAFNet-D,0.14036857930549412,0.1100458831490401,,,0.14143622341748585
4,697,CAFNet-DG,0.15323855967930355,0.1100458831490401,,,0.15323855967930353
4,697,Group-only,0.12309979911889744,0.1100458831490401,,,0.1272269982789443
4,697,Global gate,0.10453214311675102,0.09478836436955075,,,0.11207795742288461
4,697,Drug gate,0.13471848045113735,0.2200917662980802,,,0.13962149822512088
4,697,Drug-stratum gate,0.18395869572865928,0.2200917662980802,,,0.18467805572669824
4,706,CAFNet,0.23705010826385695,0.32263239933556065,0.125,0.047619047619047616,0.3179432624113475
4,706,CAFNet-D,0.16696372080711988,0.2748763329142909,0.011627906976744186,0.006097560975609756,0.23179358221617977
4,706,CAFNet-DG,0.20286991354738645,0.2748763329142909,0.02,0.008333333333333333,0.2784917362530751
4,706,Group-only,0.1766731019712387,0.2748763329142909,0.014492753623188406,0.006711409395973154,0.24319924423368644
4,706,Global gate,0.0982203998376505,0.17342765698823942,0.03333333333333333,0.0045045045045045045,0.13313716588186603
4,706,Drug gate,0.10043856275383369,0.17342765698823942,0.02127659574468085,0.0125,0.13565046065046066
4,706,Drug-stratum gate,0.10585742005271953,0.17342765698823942,0.006993006993006993,0.006711409395973154,0.1443245719797444
4,712,CAFNet,0.30397567545063453,0.2934556883974403,0.08717948717948718,0.010483870967741934,0.34201763241457445
4,712,CAFNet-D,0.4061974222612881,0.7416702490101529,0.010409906986805105,0.005396198328180465,0.45968419394631793
4,712,CAFNet-DG,0.38530330178807787,0.5836175861945261,0.012365204888569375,0.005485288441554586,0.43349563836102584
4,712,Group-only,0.4038439340275041,0.7264127302306636,0.05644355644355645,0.009554910498306726,0.4512695079697258
4,712,Global gate,0.3465234448459659,0.5173633627401372,0.08679354094579007,0.0054626826378833745,0.3920854191286012
4,712,Drug gate,0.3183514419255254,0.4701017400374074,0.013926568999819134,0.006156610554189521,0.37144180224333245
4,712,Drug-stratum gate,0.40895722879200486,0.6754160255557639,0.008713471133285817,0.005864432597105864,0.45868357650358677
4,720,CAFNet,0.20572023768309972,0.06625422345438896,,,0.20724263091392975
4,720,CAFNet-D,0.5961686053620268,0.8414929602590189,,,0.5990341800755016
4,720,CAFNet-DG,0.6067091716257912,0.791726719367984,,,0.6077313022695296
4,720,Group-only,0.5754088542176776,0.6906478832608419,,,0.5774549470137705
4,720,Global gate,0.5200784807795278,0.6293644814585829,,,0.5200784807795277
4,720,Drug gate,0.5822070908216437,0.7788065869851872,,,0.582507295335969
4,720,Drug-stratum gate,0.5705268747993206,0.7059054020403313,,,0.5709683460797181
4,721,CAFNet,0.09492883786114316,0.1100458831490401,0.0036496350364963502,0.007142857142857143,0.10553935199243987
4,721,CAFNet-D,0.12760964665559899,0.31488013066763093,0.007194244604316547,0.007142857142857143,0.14800972961327885
4,721,CAFNet-DG,0.14286991748278466,0.3301376494471203,0.006369426751592357,0.0078125,0.16086690452840452
4,721,Group-only,0.15714516741949425,0.3301376494471203,0.005235602094240838,0.00625,0.17848190881143866
4,721,Global gate,0.14213455966063587,0.31488013066763093,0.0049261083743842365,0.03571428571428571,0.15509779279055824
4,721,Drug gate,0.12563484947143586,0.3052348839397012,0.006211180124223602,0.0056179775280898875,0.1389477652486102
4,721,Drug-stratum gate,0.16109572361725505,0.3301376494471203,0.008,0.0625,0.1766022751045846
4,740,CAFNet,0.3269116056945005,0.31516255047698355,,,0.3280983649862826
4,740,CAFNet-D,0.6196263227513228,0.7058075148678526,,,0.6196263227513229
4,740,CAFNet-DG,0.5670558968121777,0.6371523797895857,,,0.5670558968121777
4,740,Group-only,0.6234819923776639,0.642186726668901,,,0.6234819923776639
4,740,Global gate,0.6280952753492799,0.7125523635307982,,,0.62809527534928
4,740,Drug gate,0.39931626842322515,0.4486689375380669,,,0.40150036810056755
4,740,Drug-stratum gate,0.5455287267694526,0.6618313225363276,,,0.5460035605776198
4,749,CAFNet,0.5425852787689172,0.9305687780632227,0.12925531914893618,0.05389105058365759,0.5988977341836594
4,749,CAFNet-D,0.5266028031985671,1.0,0.009683794466403162,0.010727190605239386,0.5824972033945703
4,749,CAFNet-DG,0.5664564220910137,1.0,0.011813450212299684,0.013064516129032259,0.6148447842969479
4,749,Group-only,0.6160103074127122,1.0,0.02098669766240475,0.017730496453900707,0.6695792316472494
4,749,Global gate,0.5952165426885254,1.0,0.012175324675324676,0.022476981404585664,0.6435843255327894
4,749,Drug gate,0.5555164403176216,1.0,0.0070465686274509805,0.03406292749658003,0.619896065772715
4,749,Drug-stratum gate,0.5657028504503269,1.0,0.005641265388810971,0.007959022852639875,0.6290244892657705
5,3,CAFNet,0.5000684321019425,0.715550648768261,,1.0,0.5202801695191085
5,3,CAFNet-D,0.5768019882939049,0.7778721720600672,,0.03225806451612903,0.5905419729055205
5,3,CAFNet-DG,0.5967210608766619,0.791726719367984,,1.0,0.6019697580195079
5,3,Group-only,0.5542743138409375,0.791726719367984,,0.016129032258064516,0.5689305584241825
5,3,Global gate,0.5157552339469155,0.835780413693672,,0.008064516129032258,0.5313369906598726
5,3,Drug gate,0.5328405642085109,0.8630152897016883,,0.010101010101010102,0.5586674931790029
5,3,Drug-stratum gate,0.60875158457699,0.8268133666517739,,0.011363636363636364,0.6255081462939049
5,14,CAFNet,0.42117142305078736,0.7967610662472993,0.004651162790697674,0.04543537766739386,0.5084611242110747
5,14,CAFNet-D,0.4798659449309031,0.9052116356304493,0.0044444444444444444,0.03666244759832346,0.5572386828325865
5,14,CAFNet-DG,0.46693097979807496,0.8899541168509599,0.004405286343612335,0.050792730308691275,0.5403788567239206
5,14,Group-only,0.4820378032907547,0.9216017310213245,0.0038022813688212928,0.02163120903937731,0.5640087683852054
5,14,Global gate,0.49180838801110704,0.9266360779006398,0.0034482758620689655,0.05316655792078076,0.5611793830678992
5,14,Drug gate,0.5382477713326516,0.9216017310213245,0.004032258064516129,0.026868173482509288,0.6204514738849433
5,14,Drug-stratum gate,0.48541556155185134,0.9266360779006398,0.0033112582781456954,0.02647492026810909,0.5736797535157826
5,24,CAFNet,0.48528180205660565,0.6867151830982592,,0.5,0.5003343030916054
5,24,CAFNet-D,0.36716531671395386,0.6601585067762745,,1.0,0.38164958157882656
5,24,CAFNet-DG,0.4043344743109754,0.5517854393872874,,1.0,0.4165832568455847
5,24,Group-only,0.38066947989100725,0.5072380780124418,,0.3333333333333333,0.39240398476193367
5,24,Global gate,0.4825082079803557,0.793584067764911,,1.0,0.5003115098966431
5,24,Drug gate,0.3974161114777255,0.6754160255557639,,0.03225806451612903,0.41549795355643904
5,24,Drug-stratum gate,0.3946834849812653,0.5716349530699038,,0.09090909090909091,0.41189707590724084
5,34,CAFNet,0.5356081396232857,0.9266360779006398,0.08206962327134001,0.07845644843163455,0.6123906164364427
5,34,CAFNet-D,0.6034407794063895,0.9266360779006398,0.03176150623431422,0.44200870646766166,0.6403951814012857
5,34,CAFNet-DG,0.6273906497001664,0.9266360779006398,0.04879947966764687,0.33086080586080585,0.6640174468278661
5,34,Group-only,0.5779575056639537,0.8701249883466594,0.011791041534309654,0.10811051693404636,0.6254374338868189
5,34,Global gate,0.606943628209544,0.933745776545611,0.028688985634414407,0.1513503341411471,0.6541748075621874
5,34,Drug gate,0.6245521228842472,1.0,0.045483641536273114,0.4086438923395445,0.6625786535098914
5,34,Drug-stratum gate,0.590276815179968,0.8701249883466594,0.02727272727272727,0.19968671679197994,0.6416158284733319
5,35,CAFNet,0.1485744761485923,0.09478836436955075,0.007834757834757834,0.0035211267605633804,0.17537343157328966
5,35,CAFNet-D,0.3640001956789796,0.5617131059245698,0.020956769804696074,0.006060606060606061,0.42758341121303484
5,35,CAFNet-DG,0.2975864461072465,0.3600558568883673,0.019230769230769232,0.005263157894736842,0.3489183776147239
5,35,Group-only,0.3987000215160929,0.4288398090337664,0.028314028314028312,0.00819672131147541,0.4687073092685425
5,35,Global gate,0.29660255400294383,0.4189179618884325,0.16666666666666666,0.005681818181818182,0.3453523954436456
5,35,Drug gate,0.3968375234649405,0.5541432109622958,0.016478696741854634,0.00510204081632653,0.46628565081348455
5,35,Drug-stratum gate,0.4085455891029298,0.5072380780124418,0.01777100787001777,0.0047169811320754715,0.48273337075637834
5,72,CAFNet,0.3238677635346597,0.7007731679885374,0.009970303714975393,0.019877638986805817,0.39625919911864815
5,72,CAFNet-D,0.39047377817794304,0.7702043899253147,0.02028038760912946,0.022547501385377998,0.46160479857661346
5,72,CAFNet-DG,0.3920810736837057,0.772837825180752,0.014104621201252027,0.03477104861333049,0.4622233535974079
5,72,Group-only,0.414404268705669,0.7819835854675755,0.03729410743525168,0.009015273508027132,0.4888043469069562
5,72,Global gate,0.37296816091508356,0.7151857987862356,0.011979803205926226,0.011076088746864495,0.44543131224030197
5,72,Drug gate,0.3539734895249619,0.7846170207230129,0.013065178077474218,0.017795320848629344,0.4220124922093494
5,72,Drug-stratum gate,0.4167607927259215,0.9363792118010483,0.009297343995930133,0.013240276295072217,0.5046180097526082
5,76,CAFNet,0.4512811989366919,0.7058075148678526,0.006369426751592357,0.02719641275581997,0.537904776078019
5,76,CAFNet-D,0.47103237840129325,0.7084409501232899,0.25,0.20341103723565718,0.5443577069514854
5,76,CAFNet-DG,0.4840944955723008,0.6961622681399229,0.2,0.044544129449789825,0.5646390222889637
5,76,Group-only,0.4809345629772649,0.7788065869851872,0.010869565217391304,0.04101180664547044,0.563709515137552
5,76,Global gate,0.38969191335927933,0.6461194268314838,0.1,0.029658410721923083,0.45583187482034865
5,76,Drug gate,0.45106062152611714,0.7222954974312067,0.029411764705882353,0.025343587080052448,0.5327077632380257
5,76,Drug-stratum gate,0.46208591847745534,0.8521705090845473,0.013888888888888888,0.04314466272363135,0.5435362750423322
5,102,CAFNet,0.021647111473800003,0.0,0.003194888178913738,0.03159449858004033,0.03258120425673617
5,102,CAFNet-D,0.02542000444175217,0.0,0.007518796992481203,0.032618899423469995,0.0352708281709087
5,102,CAFNet-DG,0.025303932563688444,0.0,0.00546448087431694,0.047774106984633295,0.03544673627597667
5,102,Group-only,0.02730445074470427,0.0,0.007692307692307693,0.028096780092826155,0.042542568571156555
5,102,Global gate,0.01538791504213016,0.0,0.012987012987012988,0.021172691412044517,0.017390681162773775
5,102,Drug gate,0.03075413511730125,0.0,0.03125,0.048756749076442174,0.04253385942190496
5,102,Drug-stratum gate,0.025387815612259706,0.0,0.006802721088435374,0.043788662689353795,0.03332558467173852
5,110,CAFNet,0.2560810022490605,0.58874982024632,0.016010223622902123,0.1624601065954696,0.3496857222820827
5,110,CAFNet-D,0.30561088180483664,0.7655934900767002,0.014743168601114437,0.07513282628328888,0.43274552543389555
5,110,CAFNet-DG,0.30585654978742605,0.7503359712972109,0.01492286887876174,0.14414546254988841,0.4255696945939471
5,110,Group-only,0.30389174792025175,0.7059054020403313,0.011490423231387086,0.09232810247504714,0.43162520292208467
5,110,Global gate,0.3839333045558444,0.84860265890399,0.07477037887485649,0.21673332906709603,0.5145887619548821
5,110,Drug gate,0.28432790861771673,0.7254521107352793,0.04996714735276826,0.11115681802302291,0.3975209164264653
5,110,Drug-stratum gate,0.24403566984278285,0.5352543167750637,0.01178908958219303,0.05340594917944931,0.35269000357692465
5,117,CAFNet,0.31911964097233964,0.6429424283490955,0.013814759287023156,0.012550548764376702,0.37169390536767616
5,117,CAFNet-D,0.43592207110815034,0.5626475208496899,0.015154998235349161,0.03178418803418803,0.4871779223304705
5,117,CAFNet-DG,0.40719398246521876,0.5774250016294136,0.01572436423297785,0.030694444444444444,0.4566636553335128
5,117,Group-only,0.3554335579547114,0.5774250016294136,0.010362125209322465,0.019751540140898874,0.4228556776555667
5,117,Global gate,0.2160722985090548,0.1834098052484002,0.017195410489185634,0.022948554421768706,0.35518672578182403
5,117,Drug gate,0.35670003936998224,0.5774250016294136,0.009906326480358212,0.01159492444271495,0.4067979466562677
5,117,Drug-stratum gate,0.3324582871784465,0.6936634693435662,0.015155332711834514,0.018579375955156293,0.41229434443068674
5,125,CAFNet,0.011924343694554158,0.0,0.003257328990228013,0.019574119574119576,0.017244885034853687
5,125,CAFNet-D,0.016239046653573203,0.0,0.0035460992907801418,0.034019439679817035,0.01807335291361022
5,125,CAFNet-DG,0.016717663935741683,0.0,0.003367003367003367,0.039968652037617555,0.019037290024464526
5,125,Group-only,0.020795052695106852,0.0,0.009345794392523364,0.035151515151515156,0.024011393175156243
5,125,Global gate,0.014662288791876936,0.0,0.0038910505836575876,0.0225,0.018609496724555048
5,125,Drug gate,0.014777776301317862,0.0,0.003367003367003367,0.022417153996101363,0.017480340630591177
5,125,Drug-stratum gate,0.009824741688633905,0.0,0.0030303030303030303,0.013904871499808208,0.013114508393285373
5,129,CAFNet,0.543300693275791,0.914856882358379,0.015873015873015872,0.006232105209503489,0.6014172297247125
5,129,CAFNet-D,0.6622670880941428,0.8572048559638626,0.016129032258064516,0.02177826981570943,0.7224581380906231
5,129,CAFNet-DG,0.6199392806457464,0.8572048559638626,0.017241379310344827,0.01762837905738117,0.67691172807197
5,129,Group-only,0.614317022970352,0.8364586133797036,0.012345679012345678,0.0071939223450574255,0.672717597300615
5,129,Global gate,0.5177409575959654,0.7058075148678526,0.05,0.007317902753849099,0.5828727643329232
5,129,Drug gate,0.5036436076020959,0.8364586133797036,0.09090909090909091,0.006762294035184508,0.5558842982138633
5,129,Drug-stratum gate,0.550962800537897,0.78180487222265,0.013513513513513514,0.007761119761356612,0.614813891301118
5,137,CAFNet,0.36950993344995164,0.4125317798925535,,,0.3724026127145822
5,137,CAFNet-D,0.29370811806742775,0.34616210387999974,,,0.29449914202712707
5,137,CAFNet-DG,0.30483594795035474,0.2793827283901867,,,0.3059429871929872
5,137,Group-only,0.3689803799243633,0.394217493233805,,,0.3705128205128205
5,137,Global gate,0.2785331226507697,0.3200466520981655,,,0.2788892480068951
5,137,Drug gate,0.49442568161056843,0.6781199173174293,,,0.4947886250821228
5,137,Drug-stratum gate,0.34916958041958046,0.4528259751851157,,,0.3502604663320362
5,146,CAFNet,0.6217352956105504,0.9363792118010483,0.07796769971561107,0.20851967055032597,0.7923156763398699
5,146,CAFNet-D,0.6008892905966984,1.0,0.07581713295401346,0.15923234439244333,0.7675577498032429
5,146,CAFNet-DG,0.6195280866655596,1.0,0.07719403089673535,0.17288628093108574,0.7809445703446187
5,146,Group-only,0.5720047446698526,1.0,0.06098044897184862,0.14632278335196364,0.7492220309776658
5,146,Global gate,0.6302201738960471,1.0,0.08499780978155215,0.15814586245328743,0.7984840400465606
5,146,Drug gate,0.5951801339014025,1.0,0.05600175796708123,0.15131849760868454,0.7595383705751642
5,146,Drug-stratum gate,0.5729475439026381,1.0,0.0858837688731624,0.1378892954297726,0.7640976139203925
5,159,CAFNet,0.40646114285879464,0.914856882358379,0.004672897196261682,0.019821918980186072,0.509986319010508
5,159,CAFNet-D,0.5905063776832573,1.0,0.00510204081632653,0.03683467627956899,0.6634919083020081
5,159,CAFNet-DG,0.5563264792198517,1.0,0.005,0.03417947362909743,0.6274322751858016
5,159,Group-only,0.5909638610213743,1.0,0.010101010101010102,0.04805161841823357,0.659349111680483
5,159,Global gate,0.589343415631047,1.0,0.003278688524590164,0.05954448913741386,0.6722723177008099
5,159,Drug gate,0.5874259261874352,1.0,0.009708737864077669,0.08580583655852472,0.6585149619882106
5,159,Drug-stratum gate,0.5605127860695802,1.0,0.006097560975609756,0.023629213054729717,0.648082235409556
5,170,CAFNet,0.2059593998486047,0.4373524791503101,,0.01957551352517935,0.3018738393203538
5,170,CAFNet-D,0.28605983327074097,0.4690000933206748,,0.05018353915691132,0.3954604983265635
5,170,CAFNet-DG,0.2769823396595396,0.4690000933206748,,0.04422746621912903,0.3827200652026081
5,170,Group-only,0.26142561682398086,0.4690000933206748,,0.07713059938578842,0.3563312520472863
5,170,Global gate,0.2357438580344052,0.4085359184257957,,0.11717226170056359,0.3086343740153986
5,170,Drug gate,0.23149129214593941,0.42492601381667106,,0.04754734194095896,0.31637718863957126
5,170,Drug-stratum gate,0.2289225427698141,0.3589542101716347,,0.05141157552865684,0.31559978165932634
5,186,CAFNet,0.30201062830069764,0.3858930373209064,0.0031446540880503146,,0.31931351747974684
5,186,CAFNet-D,0.4037954824358192,0.5914640815742043,0.0035842293906810036,,0.42336878911780335
5,186,CAFNet-DG,0.4166325354149941,0.67269340399873,0.0033112582781456954,,0.43692041434405654
5,186,Group-only,0.3780911847390654,0.4990267326507382,0.0049504950495049506,,0.3959247615514451
5,186,Global gate,0.332722724127253,0.4736695902179647,0.00980392156862745,,0.3501782668479307
5,186,Drug gate,0.3372955709188622,0.6316243658611127,0.022727272727272728,,0.3534497687782767
5,186,Drug-stratum gate,0.4439956569532214,0.7353797772725615,0.006024096385542169,,0.4681759386737897
5,193,CAFNet,0.17723141152408686,0.2876263497141272,0.015574207293109725,0.037360521378377455,0.22490132397413165
5,193,CAFNet-D,0.18013767704154465,0.4847119890255186,0.017996989809131905,0.02380961785867119,0.23705469304105312
5,193,CAFNet-DG,0.1992144633895269,0.5107164012496702,0.017564223877972743,0.025537074089727323,0.2594010192544649
5,193,Group-only,0.20436804233871675,0.473571703045486,0.027182105043550828,0.029895761495687904,0.26217431058542867
5,193,Global gate,0.27011310424096385,0.5483327772244703,0.029319774824769274,0.03712053119547565,0.3390692452905043
5,193,Drug gate,0.24787920204004693,0.5806020001118019,0.026571487987979318,0.03753339733832426,0.3119900637872466
5,193,Drug-stratum gate,0.2041929732524981,0.48882922182497535,0.028566295535207453,0.030783778299157537,0.2564142393841471
5,204,CAFNet,0.28539273128458403,0.7951657524814092,0.15611661489466136,0.059470752147842594,0.3815870819785023
5,204,CAFNet-D,0.3847723399519637,0.9305687780632227,0.0686274347410653,0.06715191889672588,0.49411781528448934
5,204,CAFNet-DG,0.3658520948290443,0.933745776545611,0.06969345941576023,0.0654039727185195,0.46957340421054405
5,204,Group-only,0.36744719859579456,0.866947989864271,0.06286574800525221,0.06175527685815686,0.4794401575120548
5,204,Global gate,0.39612177954703554,0.933745776545611,0.0700385071097124,0.10727447690570958,0.5045094022263993
5,204,Drug gate,0.3849122688571357,0.866947989864271,0.03778098496556801,0.09159210425409044,0.49724015111143643
5,204,Drug-stratum gate,0.38183589146320845,0.7788065869851872,0.07360756557977888,0.07802434041403436,0.4854321521875829
5,225,CAFNet,0.41996741545254407,0.7791714369672127,0.012480620155038761,0.0907662115037856,0.5052900258019112
5,225,CAFNet-D,0.44403993172312684,0.933745776545611,0.008470679776473086,0.049570532413416885,0.5275938664306983
5,225,CAFNet-DG,0.4565828137127409,0.9363792118010483,0.008775946275946276,0.07759608694057565,0.5280923798899424
5,225,Group-only,0.39548316041135023,0.933745776545611,0.017862838915470493,0.04789260183043503,0.46433216925722665
5,225,Global gate,0.3838417423786376,0.7015099647232445,0.011063218390804597,0.06419842837218068,0.44118224220185537
5,225,Drug gate,0.4370258818785046,0.933745776545611,0.010442752679555243,0.04185243080007169,0.5175813195984078
5,225,Drug-stratum gate,0.4078537858298086,0.7778721720600672,0.010625278148642635,0.04950082442401383,0.46962745246807003
5,242,CAFNet,0.47475024472631894,1.0,0.036171944168048684,0.0841771369801551,0.6093683697299004
5,242,CAFNet-D,0.4875718299760175,1.0,0.028850270998184914,0.056254848511719094,0.6128320913495688
5,242,CAFNet-DG,0.5050266594401723,1.0,0.029584491198556277,0.05801164904470563,0.6274459131076263
5,242,Group-only,0.5272012936218498,1.0,0.0291284523196663,0.04625257269298315,0.6532669406006171
5,242,Global gate,0.5137939494396199,1.0,0.02853877444764407,0.10494690287198725,0.659504897018811
5,242,Drug gate,0.4095499168267507,0.9305687780632227,0.022487664167093968,0.04451270811862787,0.5312579513162587
5,242,Drug-stratum gate,0.5120019816717276,1.0,0.027153539605976326,0.0679966780308372,0.6495384100858274
5,261,CAFNet,0.13520952400097516,0.06362078819895167,0.022222222222222223,,0.30866126802268223
5,261,CAFNet-D,0.32065333616896674,0.24573132854020638,0.010416666666666666,,0.3360389166195143
5,261,CAFNet-DG,0.2892814292457191,0.23047380976071702,0.01282051282051282,,0.30881081082852085
5,261,Group-only,0.31137738920739877,0.14465249243306436,0.03333333333333333,,0.3286738936964006
5,261,Global gate,0.3161470902922946,0.3538805731685162,0.25,,0.4309587823313775
5,261,Drug gate,0.3942731525693525,0.2883820513943217,0.02857142857142857,,0.4429102206684149
5,261,Drug-stratum gate,0.360771825725739,0.3132848169017408,0.014084507042253521,,0.382113836399403
5,262,CAFNet,0.23837240601774337,0.14201905717762706,0.07692307692307693,,0.2531277862037398
5,262,CAFNet-D,0.36942326161049527,0.5114531979843773,0.0031746031746031746,,0.39479207003061506
5,262,CAFNet-DG,0.39477647865598414,0.5363559634917964,0.003389830508474576,,0.4218337670675138
5,262,Group-only,0.38193747087926977,0.5056427642465516,0.004761904761904762,,0.4103842326625344
5,262,Global gate,0.3625144542452172,0.4225749983705864,0.012658227848101266,,0.3872485992512398
5,262,Drug gate,0.37891402201528085,0.4760705018418427,0.005847953216374269,,0.40467813241127976
5,262,Drug-stratum gate,0.3473799990730504,0.36284762021041433,0.004032258064516129,,0.3719630724817982
5,284,CAFNet,0.17511856477981433,0.17366667134799177,,0.06481481481481481,0.20956160533937548
5,284,CAFNet-D,0.3942389934658531,0.545155778742082,,0.055714285714285716,0.48019778809179475
5,284,CAFNet-DG,0.3606505130510756,0.46582309483828654,,0.07125603864734299,0.4348020996348461
5,284,Group-only,0.34895064115200125,0.4977962688668735,,0.18253968253968253,0.4107638888888889
5,284,Global gate,0.18482284562625745,0.22212782793993277,,0.060833333333333336,0.22551195248563669
5,284,Drug gate,0.22929233312865027,0.1100458831490401,,0.5833333333333333,0.2299540737040737
5,284,Drug-stratum gate,0.30173735981058747,0.2984900352767556,,0.04949944382647386,0.36418866590257587
5,290,CAFNet,0.22535094346119394,0.6149518506608848,0.015827600077676366,0.01952583874797441,0.28506832488187
5,290,CAFNet-D,0.28476140181388354,0.636474180103554,0.02164577939127213,0.030643478514450817,0.3490695512078791
5,290,CAFNet-DG,0.27591632954656387,0.6528642754944295,0.0203397144245301,0.030211969027410593,0.336302781168801
5,290,Group-only,0.25632883487932107,0.6235540477207573,0.016867738871068502,0.01764072275769013,0.3154083042282878
5,290,Global gate,0.307525964419659,0.5330752584449809,0.04167337433057514,0.07853900839615126,0.36651860110230644
5,290,Drug gate,0.25215822823202616,0.545155778742082,0.01417476770795121,0.018893537375898224,0.3068019518446169
5,290,Drug-stratum gate,0.2833763834257299,0.5766882048947065,0.05551554461438182,0.03493862546454126,0.34145673759583045
5,293,CAFNet,0.47821175548724876,0.9305687780632227,0.05801118409820396,0.07081040054899476,0.619731733930744
5,293,CAFNet-D,0.5787178194854844,1.0,0.05636069230808349,0.08059310042307088,0.7119471618932737
5,293,CAFNet-DG,0.5752312206742337,1.0,0.057776547022060226,0.07809425402050765,0.7069667870397081
5,293,Group-only,0.5597928306400446,1.0,0.02083255048855142,0.05748906261004441,0.7072453852460292
5,293,Global gate,0.5691447917692103,1.0,0.04435987730208281,0.07940310013576293,0.71836400523032
5,293,Drug gate,0.5457464666968912,0.933745776545611,0.09313221361414134,0.15753976733197392,0.6571660809916121
5,293,Drug-stratum gate,0.5682334049218886,1.0,0.03713891728298922,0.06993069242562024,0.7168376511252527
5,298,CAFNet,0.4244640697259166,0.7909506325094736,,0.062292608925071616,0.4987041775920436
5,298,CAFNet-D,0.4655462922669803,0.933745776545611,,0.04554660220252485,0.5147432915690794
5,298,CAFNet-DG,0.47679651982116894,0.9305687780632227,,0.045052544283711096,0.5281223258839316
5,298,Group-only,0.509115921693989,1.0,,0.06538681226181225,0.5553559440753298
5,298,Global gate,0.4827527883814041,0.933745776545611,,0.019678424817522754,0.5393021689031153
5,298,Drug gate,0.47153251073979374,1.0,,0.18518363155409462,0.5568335983202936
5,298,Drug-stratum gate,0.49651035625865786,0.8318477135310891,,0.07080960946131341,0.5509519398001729
5,317,CAFNet,0.41198689545371997,0.4526016377006498,0.006211180124223602,0.5,0.4397586773468541
5,317,CAFNet-D,0.6136906724896253,0.84860265890399,0.02,0.5,0.6457642471755018
5,317,CAFNet-DG,0.6119114607350422,0.8701249883466594,0.017857142857142856,1.0,0.6397074895851573
5,317,Group-only,0.5464338585497831,0.7791714369672127,0.007874015748031496,0.3333333333333333,0.5783598766260166
5,317,Global gate,0.3781648020762542,0.27426546945536817,0.0070921985815602835,0.5,0.40907838385533585
5,317,Drug gate,0.5519410137179536,0.7720617383222416,0.006578947368421052,0.5,0.582764925835654
5,317,Drug-stratum gate,0.622749864521254,0.9216017310213245,0.014705882352941176,0.3333333333333333,0.6560270803179439
5,321,CAFNet,0.17012679055361984,0.1008674711662712,,,0.17012679055361982
5,321,CAFNet-D,0.6555555555555556,0.7742158010001622,,,0.6555555555555556
5,321,CAFNet-DG,0.5277777777777778,0.6554779860295875,,,0.5277777777777778
5,321,Group-only,0.6785714285714286,0.7976403384579976,,,0.6785714285714285
5,321,Global gate,0.5814270152505446,0.6753197893820487,,,0.5814270152505446
5,321,Drug gate,0.7926587301587301,0.8534811121179371,,,0.7926587301587301
5,321,Drug-stratum gate,0.7329365079365079,0.8750832721664333,,,0.7329365079365079
5,326,CAFNet,0.5631043946316213,0.7799082337019198,0.022727272727272728,,0.5922570121916451
5,326,CAFNet-D,0.5314839731817451,0.793584067764911,0.005291005291005291,,0.5623285978466793
5,326,CAFNet-DG,0.6035726746636539,0.914856882358379,0.005952380952380952,,0.6314716036689749
5,326,Group-only,0.5908583939238488,0.866947989864271,0.0037174721189591076,,0.614769603568344
5,326,Global gate,0.6019319394682476,0.8579809428223729,0.013888888888888888,,0.6285999137550864
5,326,Drug gate,0.5738109209458395,0.8701249883466594,0.003745318352059925,,0.5996156387925939
5,326,Drug-stratum gate,0.534465243325031,0.727329844310522,0.00625,,0.5594224493808514
5,327,CAFNet,0.4592643104050775,0.7819835854675755,0.0960430099990655,0.06739224242374274,0.5804635131462297
5,327,CAFNet-D,0.4935236118443729,0.8263333286520083,0.02074503796726019,0.0697692002795182,0.5838715475719817
5,327,CAFNet-DG,0.5039923771282352,0.8415908474314976,0.04660472183263206,0.07223723159337939,0.6002825704864805
5,327,Group-only,0.41855853969244516,0.7191184989488184,0.016144478715715217,0.029653400128848317,0.5090814108881679
5,327,Global gate,0.5098201382530325,0.9052116356304493,0.01314921471920787,0.13190998245446162,0.6031149992285826
5,327,Drug gate,0.4779089858981644,0.7948833326720566,0.014340103166403346,0.03368778459304875,0.5766102113624483
5,327,Drug-stratum gate,0.41539313956153523,0.8899541168509599,0.034780090482780614,0.08521325866635471,0.5010654829246556
5,337,CAFNet,0.7017675563390111,0.9305687780632227,0.2394258104159928,0.40348905927138695,0.8241832505916151
5,337,CAFNet-D,0.6264201129014455,0.8899541168509599,0.16704537035567169,0.26948261023722697,0.780541894513521
5,337,CAFNet-DG,0.6572426728208007,0.8899541168509599,0.17228030667884428,0.2819501072925469,0.7994030260160558
5,337,Group-only,0.6614833987370544,0.8611375561264455,0.14193892382355952,0.24994701133063563,0.8298535124199987
5,337,Global gate,0.6607073443026175,0.7799082337019198,0.14336121497397297,0.30403409292492867,0.8091120028157979
5,337,Drug gate,0.5822224804626679,1.0,0.15881039931299418,0.2719857063799356,0.7720628299396594
5,337,Drug-stratum gate,0.6277841436502867,0.7948833326720566,0.16375030342655678,0.2733692708911837,0.7845611977308548
5,341,CAFNet,0.6236649229747447,1.0,0.04300225396485788,0.2694503862456903,0.775652511981872
5,341,CAFNet-D,0.6558000590478422,1.0,0.14426111651345722,0.22813710885646868,0.8162124215867994
5,341,CAFNet-DG,0.6821856231303755,1.0,0.09603633943399974,0.24926746678157724,0.8186430459479771
5,341,Group-only,0.6878242417743675,1.0,0.09538252767309621,0.25696335423486255,0.8345972716507897
5,341,Global gate,0.7312999739643992,1.0,0.11609220935593045,0.2982631540007646,0.8597969289604004
5,341,Drug gate,0.7236632603979545,1.0,0.10922141108157157,0.37065215886428965,0.8496361883011327
5,341,Drug-stratum gate,0.6911323260571652,1.0,0.08694609252738067,0.26194551136048644,0.8282278449993787
5,344,CAFNet,0.48634006946284425,0.7314470771099788,0.21014492753623187,0.10279546206046074,0.5680615932417556
5,344,CAFNet-D,0.5604937587907952,0.7104770117651424,0.03376580172987358,0.2437650239240742,0.6314108332204957
5,344,CAFNet-DG,0.5655916738990151,0.7065443116025597,0.05244755244755245,0.19022303314698213,0.6397429747441151
5,344,Group-only,0.557168137139956,0.7065443116025597,0.04114583333333333,0.06670864379543402,0.6396894126193012
5,344,Global gate,0.49396931323006954,0.6500332220485792,0.06363636363636363,0.037677310818168,0.5719167973847329
5,344,Drug gate,0.5368987009569179,0.7799082337019198,0.04695024077046549,0.033582223952073956,0.6243883902378748
5,344,Drug-stratum gate,0.524370833698858,0.7799082337019198,0.06944444444444445,0.053732811586172574,0.6142271507169539
5,348,CAFNet,0.1651074588946204,0.2489083270225946,0.0196078431372549,0.030303030303030304,0.19720864406079308
5,348,CAFNet-D,0.10926472835148515,0.09478836436955075,0.2,0.014084507042253521,0.12316790114103704
5,348,CAFNet-DG,0.10948909823783755,0.1100458831490401,0.1111111111111111,0.020833333333333332,0.1256632448519348
5,348,Group-only,0.09968327117172004,0.09478836436955075,0.07692307692307693,0.125,0.11234883451140537
5,348,Global gate,0.21124741781713566,0.2200917662980802,0.2,0.5,0.23644550552790256
5,348,Drug gate,0.10258452082401917,0.18844415212771548,0.04,0.008771929824561403,0.12125447821449628
5,348,Drug-stratum gate,0.08638762474740594,0.08514311764162101,0.02040816326530612,0.006493506493506494,0.10262830661332752
5,354,CAFNet,0.3323241224303049,0.5455206287241074,,0.006329113924050633,0.39865496584630866
5,354,CAFNet-D,0.27858289302589073,0.3469511918686966,,0.01694915254237288,0.30021557958645967
5,354,CAFNet-DG,0.3566428222508553,0.5428183923453894,,0.01639344262295082,0.38727527527999617
5,354,Group-only,0.3047569734967001,0.38541299932114076,,0.023255813953488372,0.3286647484501107
5,354,Global gate,0.39632490832181233,0.5580759111248788,,0.03333333333333333,0.4350335119015383
5,354,Drug gate,0.20940865625345811,0.31598177738436356,,0.02564102564102564,0.2264866475896615
5,354,Drug-stratum gate,0.20975708969074033,0.31561692740233804,,0.00684931506849315,0.22828136907600016
5,355,CAFNet,0.3594121683240343,0.6285108926059099,0.049118142447761505,0.09650429484398233,0.5216516875186628
5,355,CAFNet-D,0.6665817565498773,1.0,0.024256374786008908,0.19594035178208447,0.7406096206270996
5,355,CAFNet-DG,0.5901018378676346,1.0,0.03225411064282054,0.16088405958016105,0.6559630007535884
5,355,Group-only,0.6482540359294167,1.0,0.12589805094141154,0.1057082654749146,0.7476257750189413
5,355,Global gate,0.7243465170226648,1.0,0.11879704043883149,0.1875641784765659,0.7896396764588841
5,355,Drug gate,0.5814296342699381,1.0,0.028032794604588848,0.12367585187448134,0.6959020578364539
5,355,Drug-stratum gate,0.678766916425859,1.0,0.02272449739735504,0.2203666328569091,0.7552928280880961
5,356,CAFNet,0.5133046055675937,0.7624164915943118,0.5833333333333334,0.005291005291005291,0.5719437813095543
5,356,CAFNet-D,0.31823312408953197,0.5677211578528084,0.020007884880741178,0.1111111111111111,0.3568915480101229
5,356,CAFNet-DG,0.43772685727404076,0.6812060741152737,0.04664570230607966,0.0625,0.4933418963118891
5,356,Group-only,0.3778859795759405,0.49545888247018083,0.028525641025641025,0.030303030303030304,0.4278760774998169
5,356,Global gate,0.4739071056727203,0.7019727018777485,0.6111111111111112,0.008547008547008548,0.5245837779414179
5,356,Drug gate,0.3794885304837872,0.5965377185773229,0.14215686274509803,0.03333333333333333,0.4240403838254831
5,356,Drug-stratum gate,0.35628280289371017,0.46945447024602927,0.019803921568627453,0.04,0.4018572776857685
5,360,CAFNet,0.2604470780941369,0.39806284658828084,0.010638297872340425,,0.31037433155080213
5,360,CAFNet-D,0.26877525252525253,0.3026024134988135,0.012195121951219513,,0.32053030303030305
5,360,CAFNet-DG,0.19975173981535024,0.286381299268402,0.016129032258064516,,0.23764023210831722
5,360,Group-only,0.2738203475760037,0.3026024134988135,0.008695652173913044,,0.3268092691622103
5,360,Global gate,0.29246642246642246,0.3026024134988135,0.14285714285714285,,0.34695970695970696
5,360,Drug gate,0.1784620507460185,0.1909208661789346,0.012658227848101266,,0.2121872477804681
5,360,Drug-stratum gate,0.1716029012297465,0.1909208661789346,0.011627906976744186,,0.2036635944700461
5,366,CAFNet,0.26313388870499743,0.5368103404171507,,0.022060129982507184,0.3080265744796686
5,366,CAFNet-D,0.22072048527746857,0.29062463495159,,0.013471989263173842,0.25870854173427427
5,366,CAFNet-DG,0.2469948962789909,0.4419240888751213,,0.014464067241232437,0.2890740372164618
5,366,Group-only,0.17834954791719942,0.25469837558210445,,0.021405555298125434,0.20574916629761564
5,366,Global gate,0.21938604564709302,0.32806229768146455,,0.04851270353279349,0.2526619925229068
5,366,Drug gate,0.16216786955620413,0.21145027911440437,,0.04234224043095836,0.18334172694226297
5,366,Drug-stratum gate,0.22384100527746909,0.3718539573761157,,0.0320318540075799,0.25694050468103297
5,391,CAFNet,0.3790805161868021,0.4710361549625274,0.005279566248729245,,0.410548266134205
5,391,CAFNet-D,0.49134810824057934,0.6874708847784538,0.014787581699346405,,0.5257193023363282
5,391,CAFNet-DG,0.5250271281637624,0.7663491917568948,0.00996547756041427,,0.5608197997380747
5,391,Group-only,0.46623745559849744,0.6004311286161024,0.010942760942760943,,0.5005158548488958
5,391,Global gate,0.5007294095883926,0.6156886473955917,0.011568627450980393,,0.5328154800083192
5,391,Drug gate,0.4972930763298904,0.6947651160602988,0.006666666666666666,,0.5323002088248698
5,391,Drug-stratum gate,0.4899838739274988,0.6214990811334173,0.010483184333759046,,0.5248466140849848
5,409,CAFNet,0.37049203236581246,0.5310500112078503,0.003472222222222222,0.05,0.5087774294670847
5,409,CAFNet-D,0.12433011953975659,0.23535109180711333,0.07142857142857142,0.004524886877828055,0.16925644432633535
5,409,CAFNet-DG,0.16685498637833612,0.2713405823382073,0.05263157894736842,0.007042253521126761,0.2282757005241121
5,409,Group-only,0.1398557393586805,0.23535109180711333,0.011235955056179775,0.0049504950495049506,0.19349773033983558
5,409,Global gate,0.047404143464034904,0.0,0.0136986301369863,0.007142857142857143,0.0660141107777147
5,409,Drug gate,0.12342976688892097,0.23535109180711333,0.011494252873563218,0.0058823529411764705,0.17049329010926081
5,409,Drug-stratum gate,0.2192890489189497,0.3812130139445208,0.009708737864077669,0.004524886877828055,0.3053767562909948
5,423,CAFNet,0.1692587527027755,0.2917883373452058,,,0.17497951868919612
5,423,CAFNet-D,0.3306165018971602,0.45390362024822023,,,0.3328743800429343
5,423,CAFNet-DG,0.38033895546228913,0.4935232796777481,,,0.38266253869969036
5,423,Group-only,0.297147704767946,0.45390362024822023,,,0.30312549778551406
5,423,Global gate,0.2186089537015629,0.3954551734183063,,,0.2244209092035179
5,423,Drug gate,0.18766790382681728,0.3079834593168982,,,0.19658481936302125
5,423,Drug-stratum gate,0.2306316647225738,0.3936948167222714,,,0.23523346721410532
5,439,CAFNet,0.19812599505254375,0.29343678345195284,,0.004878048780487805,0.22047515703024334
5,439,CAFNet-D,0.35999488304918553,0.48153499054313026,,0.011904761904761904,0.3852716091805425
5,439,CAFNet-DG,0.3503158068281597,0.5224955967919311,,0.011363636363636364,0.3750127023772329
5,439,Group-only,0.32273023674079837,0.3469511918686966,,0.01,0.3436042048278512
5,439,Global gate,0.3975388089031201,0.5045411175298191,,0.023809523809523808,0.4225561826596286
5,439,Drug gate,0.35496157205967227,0.4323181322709948,,0.022222222222222223,0.37854749531378884
5,439,Drug-stratum gate,0.35029069419470865,0.370635518541417,,0.08333333333333333,0.36982626894272685
5,440,CAFNet,0.271183342210933,0.4537425745411855,0.007042253521126761,0.026978003518510242,0.34357129214152626
5,440,CAFNet-D,0.3294455515038636,0.5541432109622958,0.004166666666666667,0.0330074341067808,0.4202334669928022
5,440,CAFNet-DG,0.3338315651357551,0.5541432109622958,0.00425531914893617,0.040333740333740334,0.4242647297614862
5,440,Group-only,0.3019273548885844,0.5541432109622958,0.009009009009009009,0.02361643891893002,0.38894842150376624
5,440,Global gate,0.3187922869705203,0.6207622843987103,0.004405286343612335,0.03107359026619727,0.4108520837411714
5,440,Drug gate,0.19741442084665473,0.3277609729266244,0.009433962264150943,0.023853145575065415,0.2575803968801048
5,440,Drug-stratum gate,0.2614399738512403,0.4690000933206748,0.003861003861003861,0.03258839331472805,0.34076015784355046
5,453,CAFNet,0.34376489160128326,0.7948833326720566,0.1111111111111111,0.016018535275319108,0.4327554437413876
5,453,CAFNet-D,0.5170854123965709,1.0,0.0033222591362126247,0.023582971384271074,0.5871382242966211
5,453,CAFNet-DG,0.47602385832123395,1.0,0.004545454545454545,0.0208372258211418,0.5489728105705126
5,453,Group-only,0.5113442656221601,1.0,0.003968253968253968,0.02461113930790967,0.5857700604330698
5,453,Global gate,0.5080550542154306,1.0,0.004016064257028112,0.024829919283745252,0.59261093664477
5,453,Drug gate,0.5130072312690558,0.933745776545611,0.02,0.03764686016250472,0.587714430592158
5,453,Drug-stratum gate,0.45678801977819417,1.0,0.015625,0.023309653481302595,0.6208888646362744
5,462,CAFNet,0.47638798539845156,0.835780413693672,0.11490683229813664,0.22965235687449415,0.5238815203521943
5,462,CAFNet-D,0.45831017302691734,0.7471589728148225,0.17142857142857143,0.10840856437214799,0.49742513990051096
5,462,CAFNet-DG,0.49033078910180855,0.84860265890399,0.26785714285714285,0.3537724660397074,0.5272070915517346
5,462,Group-only,0.42756686951594597,0.6906478832608419,0.034523809523809526,0.13370105529970655,0.4719556402454628
5,462,Global gate,0.4911981350682635,0.7695261902392829,0.19642857142857142,0.14991306131913293,0.5373669665785353
5,462,Drug gate,0.3964105338425446,0.7909506325094736,0.010253260253260253,0.04560066149477625,0.4514656710405044
5,462,Drug-stratum gate,0.385110619135312,0.715550648768261,0.01574761399787911,0.056380696560603204,0.4367535994959194
5,465,CAFNet,0.02554881787078352,0.06625422345438896,0.009468360385791578,0.010007901200250646,0.0384385059770073
5,465,CAFNet-D,0.0346032717765262,0.0,0.010024096385542169,0.022136197136197137,0.04814614322722819
5,465,CAFNet-DG,0.03490196858508259,0.0,0.009965728715728716,0.018337829906990954,0.049031462043798615
5,465,Group-only,0.04269190386503212,0.0,0.0076700852231691465,0.02628128013276962,0.059962501736824034
5,465,Global gate,0.03757823159331363,0.0,0.0050303786356180845,0.017839001278846064,0.055510053212765496
5,465,Drug gate,0.04909755203387233,0.06362078819895167,0.01113095238095238,0.08940637065637065,0.06092068877023149
5,465,Drug-stratum gate,0.03767488870236457,0.0,0.007501466767244992,0.01382039419647384,0.05679361720954658
5,471,CAFNet,0.4311429456376438,0.6371523797895857,,0.5,0.44935712867181393
5,471,CAFNet-D,0.5763140187132454,0.7967610662472993,,0.015625,0.619107377181577
5,471,CAFNet-DG,0.5696311459704316,0.727329844310522,,0.030303030303030304,0.6076100722770246
5,471,Group-only,0.5722128115560415,0.8006937664098821,,0.008928571428571428,0.6151006196171661
5,471,Global gate,0.5862694824226566,0.866947989864271,,0.008771929824561403,0.6403297300186359
5,471,Drug gate,0.5046249110156574,0.7967610662472993,,0.008333333333333333,0.5450772386725528
5,471,Drug-stratum gate,0.5496113079685445,0.7967610662472993,,0.010101010101010102,0.5906063796337652
5,487,CAFNet,0.5570384846061187,1.0,0.06261634164675267,0.17809089427039587,0.6792380022445051
5,487,CAFNet-D,0.5680378472227212,1.0,0.04380603413311185,0.0843784465818782,0.6989711947606077
5,487,CAFNet-DG,0.5885105943800819,1.0,0.056670097737630695,0.09775133206523548,0.7155209048255646
5,487,Group-only,0.6381628043583679,1.0,0.12442560678843684,0.22612497358323055,0.7544344650594758
5,487,Global gate,0.5690524297311891,1.0,0.04410902644228583,0.11359515458358063,0.6835902998568066
5,487,Drug gate,0.6037159103805178,1.0,0.04534291996352504,0.2164692088237515,0.7282671134009574
5,487,Drug-stratum gate,0.6086504349904919,1.0,0.07046143217388445,0.14448351968410605,0.726539811426317
5,502,CAFNet,0.5376913581909409,0.84860265890399,0.038280074467773303,0.1988997150815632,0.649530686436769
5,502,CAFNet-D,0.5602948274594193,0.8454256604216017,0.013273394282244368,0.301519799025942,0.6748173880224186
5,502,CAFNet-DG,0.5753734580669945,0.8521705090845473,0.013805124693914733,0.3907368361116284,0.6914631364843962
5,502,Group-only,0.5354975070096362,0.866947989864271,0.013041682182582417,0.11046293110275873,0.6733871324996878
5,502,Global gate,0.4238974376261244,0.8701249883466594,0.011790791307197812,0.0633757134069654,0.5603597097948035
5,502,Drug gate,0.48336935763184397,0.933745776545611,0.024803675930881813,0.10636151859526251,0.5918353748886396
5,502,Drug-stratum gate,0.5035625001738434,0.8572048559638626,0.017204940578424678,0.14557360870522074,0.6179762376838659
5,508,CAFNet,0.20224640764755042,0.14465249243306436,,,0.2075290028287527
5,508,CAFNet-D,0.3338931265893829,0.5372903784169164,,,0.3415379911238561
5,508,CAFNet-DG,0.33524841176688225,0.55206785919664,,,0.3400464900764178
5,508,Group-only,0.3664193109907308,0.49545888247018083,,,0.3774948130949845
5,508,Global gate,0.32435236928853917,0.5404673768993047,,,0.32771684551236213
5,508,Drug gate,0.35120940572274434,0.5618918191694954,,,0.3538844948416637
5,508,Drug-stratum gate,0.35385755318040674,0.7164850636933812,,,0.3570172492246598
5,525,CAFNet,0.7064255911594155,0.9363792118010483,,0.16666666666666666,0.7227165561366274
5,525,CAFNet-D,0.7318939416193536,1.0,,0.3333333333333333,0.7435369686675803
5,525,CAFNet-DG,0.7537477053051576,1.0,,1.0,0.7639060276636404
5,525,Group-only,0.7038963387169389,0.9363792118010483,,0.01818181818181818,0.7191940892500559
5,525,Global gate,0.7572632455166631,1.0,,0.02,0.7748151358751143
5,525,Drug gate,0.649228170271619,0.9305687780632227,,0.045454545454545456,0.6686021421041106
5,525,Drug-stratum gate,0.7140546581279542,1.0,,0.00980392156862745,0.7338297742733038
5,528,CAFNet,0.0689465540915777,0.16617090792688716,0.022685185185185183,,0.09259802491174468
5,528,CAFNet-D,0.04556368420360613,0.0,0.07291666666666667,,0.057491265610077495
5,528,CAFNet-DG,0.054833795760432215,0.0,0.07193396226415094,,0.07063212977498692
5,528,Group-only,0.058794385439122285,0.0,0.14825581395348836,,0.071446423273131
5,528,Global gate,0.25874591557561244,0.4123144993714364,0.2603092783505155,,0.3538153783728952
5,528,Drug gate,0.08004126588282201,0.09791292534996787,0.025151515151515154,,0.10628865911889496
5,528,Drug-stratum gate,0.04474011101569227,0.0,0.5043103448275862,,0.05632927434233456
5,542,CAFNet,0.44184708144922225,0.7162874455029681,0.06616143696086166,0.1833614749535165,0.5325852579242001
5,542,CAFNet-D,0.4335326103845049,0.7065443116025597,0.05536186646915736,0.1305720130607299,0.5502124924549765
5,542,CAFNet-DG,0.4439191614832459,0.7136540102475308,0.056982305044821054,0.15793151151591034,0.5510178796361873
5,542,Group-only,0.40910278871347494,0.7065443116025597,0.052653429943543134,0.12914562012855257,0.5212030989739743
5,542,Global gate,0.3986510696312728,0.685119869332369,0.05959011474770459,0.1151378471893949,0.5282953003991288
5,542,Drug gate,0.38830115352477407,0.7136540102475308,0.0934769143622188,0.10078769698452317,0.497231866831519
5,542,Drug-stratum gate,0.4546951748582636,0.7948833326720566,0.07701668217682187,0.1706466899856116,0.5624385082228638
5,550,CAFNet,0.26134596815835864,0.3785009188665826,,0.020900465271074725,0.3149589500747511
5,550,CAFNet-D,0.2168847026472356,0.44803002797583863,,0.010940940155741196,0.26024177736142184
5,550,CAFNet-DG,0.23365993894982778,0.45449827622138,,0.011318044984758607,0.27948950171360626
5,550,Group-only,0.19529127422919532,0.44988737637276555,,0.009883547850450924,0.23645434995318548
5,550,Global gate,0.19373649768997725,0.46582309483828654,,0.012108648317267039,0.2329350094332963
5,550,Drug gate,0.19899023566925372,0.4131279133289227,,0.012390627116348368,0.23870415782762935
5,550,Drug-stratum gate,0.1021458751062342,0.06625422345438896,,0.008195697027483321,0.12438384353715959
5,552,CAFNet,0.6147682621054911,0.5215784827120726,0.26295827985276715,0.45582292341925035,0.8027702448712941
5,552,CAFNet-D,0.5912966282462433,0.8200685179888283,0.20918643942074563,0.37379564284334166,0.8005837235658626
5,552,CAFNet-DG,0.6035689576172247,1.0,0.20999023247651638,0.3800262604540894,0.8056937577219636
5,552,Group-only,0.6031058725794203,0.8200685179888283,0.2150175882930454,0.3824666550088453,0.8156608360815205
5,552,Global gate,0.6435676868145408,0.8414929602590189,0.21381290726182378,0.38998656731960324,0.809950693240838
5,552,Drug gate,0.6859129642635553,0.8572048559638626,0.25386734316389625,0.45843983174423586,0.8393345951452498
5,552,Drug-stratum gate,0.5853413981674531,0.8643145546088338,0.21172496127482515,0.3655215313923309,0.7951901632139575
5,561,CAFNet,0.4442511587441402,0.7538142945344393,,,0.44987320895432137
5,561,CAFNet-D,0.5467474032843378,0.914856882358379,,,0.5513245810194844
5,561,CAFNet-DG,0.5796812759321261,0.8579809428223729,,,0.5830239847141296
5,561,Group-only,0.5340439571885447,0.8415908474314976,,,0.5382557367595909
5,561,Global gate,0.6113735742817519,0.9305687780632227,,,0.6129025592251237
5,561,Drug gate,0.5580391075462231,0.8553475075669357,,,0.5629533976033118
5,561,Drug-stratum gate,0.561083660909492,0.933745776545611,,,0.5643145833840774
5,570,CAFNet,0.11639679314136449,0.20248323207250618,0.004550059869208805,,0.13593597160354523
5,570,CAFNet-D,0.1348159145176505,0.28634598975246917,0.02765804597701149,,0.15423715977921754
5,570,CAFNet-DG,0.14286060206376716,0.28371255449703187,0.019237375472346274,,0.16046461930115383
5,570,Group-only,0.14742472190313854,0.28371255449703187,0.12037037037037036,,0.16387810688386822
5,570,Global gate,0.15279198150098935,0.2200917662980802,0.06941176470588235,,0.17837293637505386
5,570,Drug gate,0.1400507480684296,0.2200917662980802,0.03372352285395764,,0.15576199279406688
5,570,Drug-stratum gate,0.10367641916990421,0.15139734109600997,0.020011169024571854,,0.11714994390891087
5,580,CAFNet,0.42411606418263736,0.6994739030813918,,,0.43403748178642254
5,580,CAFNet-D,0.44512262124744506,0.6749359875559983,,,0.44731851571160985
5,580,CAFNet-DG,0.43737736251536175,0.6749359875559983,,,0.4404536852602298
5,580,Group-only,0.41459292213681354,0.5473983622993502,,,0.4175950681119251
5,580,Global gate,0.4527045010716887,0.5907272848394972,,,0.4573810151466417
5,580,Drug gate,0.30929364267081655,0.3340514446642156,,,0.3127590667013553
5,580,Drug-stratum gate,0.48147414200063604,0.627507133061656,,,0.4849531873876623
5,589,CAFNet,0.509831299328095,0.5676818677290052,,0.0036496350364963502,0.5624188012723924
5,589,CAFNet-D,0.3719100054734937,0.4198523768135525,,0.011904761904761904,0.4071237438321837
5,589,CAFNet-DG,0.441824636234059,0.4963932973953009,,0.009433962264150943,0.48442019201920195
5,589,Group-only,0.38965888220141415,0.4256628105513781,,0.01020408163265306,0.42678593968956924
5,589,Global gate,0.19450185635788086,0.3024038304938509,,0.006666666666666667,0.21789777058930515
5,589,Drug gate,0.5063813065476037,0.5321408435198609,,0.025,0.5540265290265289
5,589,Drug-stratum gate,0.3502400844409927,0.43780685607566455,,0.007936507936507936,0.3861432249401035
5,590,CAFNet,0.27413393915624523,0.21819512777734998,,,0.28483585252008076
5,590,CAFNet-D,0.25284914632252986,0.2685529228900212,,,0.25284914632252986
5,590,CAFNet-DG,0.30278387242672955,0.27819816961795096,,,0.30278387242672955
5,590,Group-only,0.2610450680003365,0.29062463495159,,,0.26124114643170904
5,590,Global gate,0.39440403147929476,0.3971921948634017,,,0.39509134448972577
5,590,Drug gate,0.2888973945792128,0.32227224912195473,,,0.2892869785755207
5,590,Drug-stratum gate,0.3527478508471301,0.3836331529183766,,,0.3527478508471301
5,592,CAFNet,0.06197962764245386,0.06625422345438896,0.015082558685289361,0.034884487886956195,0.0831683534657367
5,592,CAFNet-D,0.07273286510550403,0.13961814555374907,0.02657203659476018,0.3291925465838509,0.08213775968787676
5,592,CAFNet-DG,0.08114161723807331,0.13568544539116625,0.02554348606980186,0.3366600790513834,0.09155840189798192
5,592,Group-only,0.07467737425628752,0.12987501165334064,0.0200693881229161,0.226453081232493,0.08657264360512529
5,592,Global gate,0.052153706591841764,0.0,0.014904767722249855,0.09533738191632929,0.05758517296348815
5,592,Drug gate,0.09209687630195117,0.13961814555374907,0.012269180963967573,0.1702020202020202,0.1138155526034653
5,592,Drug-stratum gate,0.06627655079361426,0.0,0.011908670033670033,0.30257936507936506,0.07712964382169106
5,599,CAFNet,0.6641625514745138,1.0,0.1574644471220778,0.2151435690528053,0.7925923016793701
5,599,CAFNet-D,0.674875028590897,1.0,0.16195880485919395,0.15195862821304776,0.8102509032475866
5,599,CAFNet-DG,0.6879344618406413,1.0,0.18960730690488292,0.19627228904034483,0.817406604492382
5,599,Group-only,0.6520907249241997,1.0,0.13024255826042583,0.14072396555286637,0.7792636155543525
5,599,Global gate,0.6653389875042541,1.0,0.16260725264856196,0.1698596135846886,0.7952448762506878
5,599,Drug gate,0.6600779841705906,1.0,0.11092384159984894,0.14059241149810908,0.7885611594651185
5,599,Drug-stratum gate,0.6831550781277981,1.0,0.16426939486881373,0.18947699995461864,0.80848378479142
5,611,CAFNet,0.14506574488093027,0.1834098052484002,,0.009326739545375672,0.17389645731318995
5,611,CAFNet-D,0.3086148151836225,0.3301376494471203,,0.007828538162208536,0.3738896905563572
5,611,CAFNet-DG,0.3196923001916945,0.3589542101716347,,0.0076847000962258095,0.3875552628563565
5,611,Group-only,0.31485878423575564,0.3301376494471203,,0.013080664095254067,0.3802583412304822
5,611,Global gate,0.20732177009011812,0.18844415212771548,,0.006816566518059055,0.25035939957095166
5,611,Drug gate,0.34533336443976775,0.4818998405251558,,0.01141552511415525,0.41868421358109814
5,611,Drug-stratum gate,0.29764119952648227,0.3714891073940902,,0.007178375621573377,0.3602766177122629
5,616,CAFNet,0.545738137530081,0.9363792118010483,0.024380942890123488,0.0734673306951865,0.6406580593264334
5,616,CAFNet-D,0.5992405197001186,1.0,0.01816424281226932,0.1361897277137378,0.6988579171930963
5,616,CAFNet-DG,0.5910494756126081,1.0,0.018469684653139744,0.14295684218189542,0.6863812635215902
5,616,Group-only,0.5661953334072728,1.0,0.01656514732006161,0.06092391967902193,0.6612762237431311
5,616,Global gate,0.5279382421185744,1.0,0.01541939357497953,0.07682341605679813,0.6174326144581157
5,616,Drug gate,0.5476473174271542,1.0,0.014344248296886004,0.046516192699237076,0.6355019255831438
5,616,Drug-stratum gate,0.5206636260658025,1.0,0.030371672759322656,0.12022589542899513,0.5929001100619342
5,619,CAFNet,0.01362115651602457,0.0,0.013883977683482634,0.02621543280412576,0.013998035583123906
5,619,CAFNet-D,0.014150013486171373,0.0,0.008442311533971208,0.020401073696695873,0.01670912521476118
5,619,CAFNet-DG,0.01402174007482955,0.0,0.00849735496459269,0.02978576801866704,0.016261724771261088
5,619,Group-only,0.012145299523259618,0.0,0.00862193490293153,0.01606967109695146,0.01245219916070794
5,619,Global gate,0.011898444337750506,0.0,0.008335084769511,0.02178528357179272,0.012362827649249028
5,619,Drug gate,0.014288447300518696,0.0,0.010067344447758605,0.017999535648980446,0.016295677845542048
5,619,Drug-stratum gate,0.012073935672815752,0.0,0.008054145560693214,0.021088638418103312,0.01366948705923004
5,631,CAFNet,0.530027773161746,0.7280855459907165,,0.010382101558572148,0.5758789994993082
5,631,CAFNet-D,0.6599644465749154,0.8263333286520083,,0.04288240495137047,0.7118132256012087
5,631,CAFNet-DG,0.6258676433809504,0.8611375561264455,,0.032467532467532464,0.6753103801515122
5,631,Group-only,0.6232987942024678,0.7136540102475308,,0.11666666666666667,0.6704081006076114
5,631,Global gate,0.44840016891965434,0.7162874455029681,,0.024291845493562232,0.4935503181699214
5,631,Drug gate,0.4424315902860516,0.6117748521784964,,0.039311408016443984,0.4790270858980954
5,631,Drug-stratum gate,0.5656347106620773,0.7975167679274938,,0.059314954051796154,0.6122325505891743
5,644,CAFNet,0.16380722991771726,0.09478836436955075,0.00423728813559322,0.009335791590429745,0.20138063080968327
5,644,CAFNet-D,0.2840093084385873,0.5063209639325833,0.004830917874396135,0.011976123878586459,0.341968310368361
5,644,CAFNet-DG,0.2400752172879073,0.3471357245055705,0.004651162790697674,0.011196666521588836,0.2880543948530834
5,644,Group-only,0.2518087329513348,0.4775044032080689,0.005988023952095809,0.007394130460626462,0.30500945835382165
5,644,Global gate,0.3146029091192103,0.5599332595218056,0.006289308176100629,0.00883134485752377,0.38380522679543805
5,644,Drug gate,0.30424304655417,0.5993294818993699,0.0035087719298245615,0.012366180048661801,0.3709170633182602
5,644,Drug-stratum gate,0.3232198076143727,0.543100812154742,0.0033003300330033004,0.01104608510070695,0.3940104837054565
5,684,CAFNet,0.19825662755390075,0.17993148201117176,0.003246753246753247,0.3952583156404812,0.20219019392796414
5,684,CAFNet-D,0.16317349280336568,0.14876390584057267,0.016666666666666666,0.3972222222222222,0.17307040408191388
5,684,CAFNet-DG,0.1753622178366789,0.06943122193677731,0.010526315789473684,0.5638200183654729,0.17915161455108114
5,684,Group-only,0.13537004957896487,0.14876390584057267,0.013157894736842105,0.5606837606837607,0.14590013895730725
5,684,Global gate,0.1520678043582084,0.13305201013572898,0.003436426116838488,0.20883190883190883,0.16865496775211064
5,684,Drug gate,0.18179654661473985,0.16421958630632805,0.012987012987012988,0.20329400196656833,0.19819497386372875
5,684,Drug-stratum gate,0.17693119224427795,0.06362078819895167,0.0045045045045045045,0.4135472370766488,0.1852236144713554
5,705,CAFNet,0.19764226458793668,0.3128047789019752,0.0034482758620689655,0.018664837380808343,0.2473431720601761
5,705,CAFNet-D,0.2547886476979938,0.6172839611614819,0.005780346820809248,0.016140357718301836,0.30522037607841407
5,705,CAFNet-DG,0.2584774708249775,0.6652907408280685,0.005291005291005291,0.015796321420446627,0.3051850136590677
5,705,Group-only,0.27973793230195626,0.6489315753318465,0.004405286343612335,0.015919613650839215,0.3295450782653394
5,705,Global gate,0.2870281931346966,0.6325414799409712,0.0030864197530864196,0.024500623142733352,0.3307276418055627
5,705,Drug gate,0.261403986466504,0.6489315753318465,0.0037174721189591076,0.01581894331340008,0.3095240081848326
5,705,Drug-stratum gate,0.2849649987079896,0.6325414799409712,0.004291845493562232,0.02161217359497189,0.3319673211005581
5,715,CAFNet,0.22679197994987468,0.28263350439468016,,,0.22842275773310255
5,715,CAFNet-D,0.8909090909090909,0.8687949224876581,,,0.8909090909090909
5,715,CAFNet-DG,0.7833333333333332,0.8435378753444459,,,0.7833333333333332
5,715,Group-only,0.8509090909090908,0.8539316501572934,,,0.8509090909090908
5,715,Global gate,0.6064425770308124,0.7426050123677905,,,0.6064425770308124
5,715,Drug gate,0.6777639751552795,0.7974049492783575,,,0.6777639751552795
5,715,Drug-stratum gate,0.5869172932330826,0.7294870343865364,,,0.5869172932330827
5,717,CAFNet,0.7037609181636124,0.685119869332369,,0.011363636363636364,0.7381039227073145
5,717,CAFNet-D,0.6366841334506153,0.8572048559638626,,0.009259259259259259,0.6543821256187458
5,717,CAFNet-DG,0.7992847680503404,1.0,,0.009345794392523364,0.8237045203106659
5,717,Group-only,0.649922131450827,0.793584067764911,,0.058823529411764705,0.6714621326470178
5,717,Global gate,0.6952618555055066,1.0,,0.01020408163265306,0.717578095068601
5,717,Drug gate,0.6376761476094306,0.7353797772725615,,0.0196078431372549,0.6564542700976479
5,717,Drug-stratum gate,0.7567464797665493,1.0,,0.007142857142857143,0.7817887041151903
5,719,CAFNet,0.48456910011671483,0.7479350596733328,0.26257423776475664,0.08742688397380868,0.5733722453450663
5,719,CAFNet-D,0.503997085950977,0.7624164915943118,0.09339478293391061,0.14910731920353992,0.5852101287293969
5,719,CAFNet-DG,0.5180064023912315,0.8263333286520083,0.14677965313932137,0.14132247641530496,0.6027463507931369
5,719,Group-only,0.46517742131881823,0.7720617383222416,0.06186774166247811,0.0675799702815628,0.5509732953320662
5,719,Global gate,0.4978528646149885,0.8603818544462509,0.08888298539499175,0.12436524552415684,0.5800858033437651
5,719,Drug gate,0.4300951141343865,0.7421246259355072,0.07730445035959631,0.046528832298690745,0.516438173530264
5,719,Drug-stratum gate,0.5286664851908016,0.84860265890399,0.21048690232208525,0.06219962274080836,0.6207730356043546
5,723,CAFNet,0.05323456105543837,0.1427951440361374,0.00664612676056338,0.036288834521733544,0.06786366693775292
5,723,CAFNet-D,0.09437145610877781,0.2172607128522299,0.007877468323807795,0.1833032940321285,0.11771522800070157
5,723,CAFNet-DG,0.09387577126708692,0.23365080824310527,0.0074520742746191915,0.11852401619221191,0.11729747265775599
5,723,Group-only,0.09015956776214101,0.2984900352767556,0.007081097197376267,0.029383163229024813,0.12376820097541763
5,723,Global gate,0.050514050055713064,0.16354138662029638,0.012308741099833358,0.021840983528946943,0.0702007651031363
5,723,Drug gate,0.13867117975557772,0.3589542101716347,0.031544957774465976,0.0665301002576346,0.18692126206973292
5,723,Drug-stratum gate,0.14600081665538744,0.3301376494471203,0.019327467001885607,0.408780597116041,0.1844915118437776
6,0,CAFNet,0.14309030615166055,0.13698471029831177,,0.0081261678558396,0.17588877162359945
6,0,CAFNet-D,0.1821405829939438,0.39215784798408637,,0.015011110297169925,0.23018058202461716
6,0,CAFNet-DG,0.21572106168726976,0.45166722277552973,,0.013074016108714738,0.24897006730478208
6,0,Group-only,0.241689161692308,0.31204907722178066,,0.040497987866408916,0.26666072608212
6,0,Global gate,0.2474440784270493,0.4042383682811875,,0.018194905869324474,0.28019376873038815
6,0,Drug gate,0.2394792229308437,0.5224955967919311,,0.040386473429951684,0.2602125164756136
6,0,Drug-stratum gate,0.277349350391493,0.46270962158308365,,0.03716306576718476,0.3024891665711696
6,7,CAFNet,0.563921338756367,0.8389574121760602,0.04827251014196693,0.13087672146330134,0.6951543789660539
6,7,CAFNet-D,0.7090127212945446,0.914856882358379,0.03559743282327958,0.17274242932799033,0.8038322614455646
6,7,CAFNet-DG,0.6862723920323944,0.84860265890399,0.03690196642300532,0.16956394411347392,0.7789105924489309
6,7,Group-only,0.5979151732333875,0.914856882358379,0.03899507325159694,0.12636517032289707,0.7293270214722247
6,7,Global gate,0.730300132449873,0.914856882358379,0.039490329808113435,0.25475061670914134,0.8132605365762366
6,7,Drug gate,0.6434821273965367,0.9216017310213245,0.05209852692466028,0.14846787491741242,0.7630026388097686
6,7,Drug-stratum gate,0.6236989316454036,0.914856882358379,0.0298374517588345,0.1043381240902892,0.7631774441795339
6,21,CAFNet,0.2541787120831238,0.3026024134988135,,,0.2541787120831238
6,21,CAFNet-D,0.22267670601003936,0.286381299268402,,,0.22267670601003936
6,21,CAFNet-DG,0.29599493694943196,0.3936948167222714,,,0.2959949369494319
6,21,Group-only,0.24891157660036378,0.286381299268402,,,0.2495617188189741
6,21,Global gate,0.32733696658854816,0.4103915680233245,,,0.3273369665885483
6,21,Drug gate,0.1538289436942003,0.22578419899983798,,,0.15414011225181437
6,21,Drug-stratum gate,0.31637974313708545,0.3026024134988135,,,0.31637974313708545
6,25,CAFNet,0.2004427012712618,0.24655055544758622,,0.3333333333333333,0.2023967834560646
6,25,CAFNet-D,0.3920979390406635,0.47293279348325773,,0.2,0.4147301889419565
6,25,CAFNet-DG,0.41695818140724245,0.5231737964779628,,0.5,0.4383263048853534
6,25,Group-only,0.4029479124697458,0.5036067026046991,,0.038461538461538464,0.43126800549918254
6,25,Global gate,0.3309997419282552,0.3621108234757073,,0.09090909090909091,0.3529663937832797
6,25,Drug gate,0.42848857838146737,0.5606114592078373,,0.02040816326530612,0.461263895514764
6,25,Drug-stratum gate,0.4413215493141522,0.5321408435198609,,0.014925373134328358,0.47499551956387637
6,27,CAFNet,0.5776020238363639,0.6092353957288894,0.1878230499630273,0.19528911727010792,0.6901580173329228
6,27,CAFNet-D,0.7223975022927103,1.0,0.21663009412495324,0.37528999718783446,0.8451247146411228
6,27,CAFNet-DG,0.7109910585054031,1.0,0.27118980101106005,0.26059910143408754,0.8338048358912259
6,27,Group-only,0.7176175918325601,1.0,0.24893393197572763,0.32116190439342873,0.8409644934079953
6,27,Global gate,0.715084706034142,1.0,0.24010751753220758,0.28366404452541444,0.8465746068178611
6,27,Drug gate,0.6877943570512202,1.0,0.19308192832387372,0.21936122426136934,0.8239417268540292
6,27,Drug-stratum gate,0.6889914468035722,1.0,0.10014627042694806,0.10253118248991959,0.8394982782497938
6,36,CAFNet,0.5444098810566244,0.9363792118010483,,0.007518796992481203,0.5656877521573205
6,36,CAFNet-D,0.6185785756737081,1.0,,0.005376344086021506,0.638863779458614
6,36,CAFNet-DG,0.6282978680388447,1.0,,0.005434782608695652,0.646439872359084
6,36,Group-only,0.6286378452261874,1.0,,0.0041841004184100415,0.6453497098535884
6,36,Global gate,0.6446444832801154,0.9363792118010483,,0.0036363636363636364,0.6597172379556604
6,36,Drug gate,0.6338358565539814,1.0,,0.007692307692307693,0.6533377150872036
6,36,Drug-stratum gate,0.669086889063491,1.0,,0.025,0.6836461813696856
6,40,CAFNet,0.228161719871338,0.17630010660342907,,0.025883838383838384,0.25316445714836316
6,40,CAFNet-D,0.5250502817898232,0.9216017310213245,,0.10840336134453782,0.5428704134774774
6,40,CAFNet-DG,0.47513882471685015,0.9305687780632227,,0.10740740740740741,0.4904093660116331
6,40,Group-only,0.4940754512553845,0.8701249883466594,,0.016626794258373205,0.5215462035852789
6,40,Global gate,0.4501429252779279,0.6698623505528797,,0.5049261083743842,0.46583873670398324
6,40,Drug gate,0.5446849360883127,0.8899541168509599,,0.06597222222222222,0.5712176600000591
6,40,Drug-stratum gate,0.47082042276834796,0.8572048559638626,,0.016344888108819657,0.4934842604374561
6,47,CAFNet,0.39363452856984216,0.7015099647232445,0.04285714285714286,0.3212443310657596,0.44112463544855174
6,47,CAFNet-D,0.3793975286844406,0.7849818707050383,0.011742808798646361,0.19616452991452993,0.4641201875452545
6,47,CAFNet-DG,0.44308167496921996,0.9305687780632227,0.014572137246796197,0.39576634173235586,0.5333872524251704
6,47,Group-only,0.3766357450032081,0.7600791051976192,0.012671019900497512,0.3210284958347887,0.45456214883659535
6,47,Global gate,0.3362403999949112,0.6500332220485792,0.012307459981878587,0.17382397816243392,0.4058833021859889
6,47,Drug gate,0.33169118728322455,0.6500332220485792,0.006530247596358376,0.2476357292296571,0.40483856597956736
6,47,Drug-stratum gate,0.3570254761705897,0.7753366239771086,0.005997474747474748,0.08328394785849012,0.4491937879279169
6,50,CAFNet,0.4897499083386477,0.6749359875559983,0.020138596717011632,0.053998875600387686,0.588488154044645
6,50,CAFNet-D,0.5052946301038153,0.9216017310213245,0.010680287612875853,0.02700182980067167,0.6235822560199624
6,50,CAFNet-DG,0.5440820054266139,1.0,0.010862357692571994,0.027303963334338356,0.6650856918769563
6,50,Group-only,0.5018859450044251,1.0,0.048586591004623786,0.05413503517790438,0.6143868649878871
6,50,Global gate,0.5706148906402326,1.0,0.017561415746073172,0.026125974172510596,0.6896505230113744
6,50,Drug gate,0.5119376985912116,0.9305687780632227,0.012078356678868304,0.03059161198308662,0.6200743813428762
6,50,Drug-stratum gate,0.5337375285438583,1.0,0.014406684037177713,0.044304345887525985,0.6463380235574796
6,60,CAFNet,0.30409467635710297,0.49545888247018083,,0.025,0.3234240137408836
6,60,CAFNet-D,0.3373972554415318,0.5645252544249326,,0.007246376811594203,0.3622441503427073
6,60,CAFNet-DG,0.3407200339760733,0.558714820687107,,0.008,0.36050264945611527
6,60,Group-only,0.3428613931283302,0.5716349530699038,,0.010869565217391304,0.3694829944371608
6,60,Global gate,0.30350464569967905,0.44903378752009243,,0.006802721088435374,0.32557193576801785
6,60,Drug gate,0.3317905198175835,0.4857157485697724,,0.008849557522123894,0.3490216366167891
6,60,Drug-stratum gate,0.29400033618754906,0.5577804057619871,,0.004273504273504274,0.315080049711499
6,73,CAFNet,0.39486584561227484,0.5142842514302276,0.03608848015746356,0.07508799425860549,0.4745867305269356
6,73,CAFNet-D,0.44012676204797047,0.605504765619221,0.2729574763597634,0.12194711467795513,0.5018278124279941
6,73,CAFNet-DG,0.4752183602830255,0.6325414799409712,0.26858766233766235,0.18468883205456094,0.5400915531002384
6,73,Group-only,0.43406382647168285,0.6691255538181726,0.056498536446062675,0.09793052282447412,0.5093774774219336
6,73,Global gate,0.3994343456615881,0.6651928536555898,0.10153388278388278,0.16452684742158427,0.47156565020746327
6,73,Drug gate,0.4779450494587723,0.7257345305446319,0.10049830832597823,0.36832341269841273,0.5412205809710712
6,73,Drug-stratum gate,0.5121379076586554,0.772837825180752,0.17837301587301588,0.41285714285714287,0.5704572228778255
6,86,CAFNet,0.14458889556841956,0.34996677795142084,0.009576147146217715,0.03380261625180753,0.22479412969205914
6,86,CAFNet-D,0.18697770393947027,0.39956887138389763,0.059961884556485476,0.08278516481127388,0.2634001764324038
6,86,CAFNet-DG,0.19013868521216104,0.39956887138389763,0.050197157557354925,0.11624229219695627,0.2701876259004879
6,86,Group-only,0.25055747015917407,0.4152807670887413,0.34523809523809523,0.7396645021645022,0.24274700326023682
6,86,Global gate,0.1524767506889252,0.4323181322709948,0.03176622418879056,0.03953076003159356,0.22645367671206743
6,86,Drug gate,0.1586268246916619,0.39956887138389763,0.015783960916633727,0.030199836381747093,0.23968500239300222
6,86,Drug-stratum gate,0.14517436208625517,0.3301376494471203,0.023168868842202414,0.05141017406145864,0.2111939608493943
6,93,CAFNet,0.4373223570616127,0.47842151728792737,,0.06679151061173533,0.47096263575440384
6,93,CAFNet-D,0.43970228413575996,0.7702043899253147,,0.030828580125193544,0.48250967787435367
6,93,CAFNet-DG,0.4669374262504248,0.7315449642824575,,0.04445613458271686,0.5069469745849806
6,93,Group-only,0.39099758689729003,0.7631925784528222,,0.05295794725588025,0.4336023560324296
6,93,Global gate,0.42736290595630166,0.8048109992093389,,0.020531755825873473,0.4598812666191125
6,93,Drug gate,0.5260484653446594,0.8200685179888283,,0.08404503105590061,0.5622030504895361
6,93,Drug-stratum gate,0.3990409941342973,0.7846170207230129,,0.02088235294117647,0.4403147943893869
6,97,CAFNet,0.14553673839388126,0.08274602130531994,,,0.14553673839388126
6,97,CAFNet-D,0.16660460466851446,0.09162544430476369,,,0.16660460466851446
6,97,CAFNet-DG,0.18029232672089815,0.08671382849411978,,,0.18029232672089815
6,97,Group-only,0.11553438505640438,0.08671382849411978,,,0.11786695782315307
6,97,Global gate,0.155765306122449,0.09162544430476369,,,0.155765306122449
6,97,Drug gate,0.06304314357143344,0.0,,,0.07771678555130697
6,97,Drug-stratum gate,0.11932765196054938,0.0,,,0.12069217437770338
6,132,CAFNet,0.26964642773810465,0.4323181322709948,0.015384615384615385,0.020282470229853224,0.3305806146551591
6,132,CAFNet-D,0.4217321177160695,0.6652907408280685,0.018518518518518517,0.04094480829444478,0.5131789903982568
6,132,CAFNet-DG,0.3541360536294207,0.5739723394665963,0.02040816326530612,0.04080276448697501,0.42763877024147995
6,132,Group-only,0.33287199074105556,0.6212166613240647,0.0035087719298245615,0.0070197693554619744,0.42025567903193173
6,132,Global gate,0.22970573475986175,0.4671223597454321,0.004347826086956522,0.007382193383682586,0.29479591182434517
6,132,Drug gate,0.30581319028936005,0.5423640154200349,0.0035842293906810036,0.006406621501974711,0.38189587887190257
6,132,Drug-stratum gate,0.33216361126196975,0.5933607200949346,0.0035971223021582736,0.006842734429700976,0.4112613725412599
6,169,CAFNet,0.07920015718858942,0.13120507751234178,,0.09728506787330317,0.1064048620850865
6,169,CAFNet-D,0.24776579450591785,0.3391602052736161,,0.04380952380952381,0.399390243902439
6,169,CAFNet-DG,0.24166471034455225,0.3391602052736161,,0.06623931623931624,0.38599537037037035
6,169,Group-only,0.24908027403957952,0.3391602052736161,,0.05505952380952381,0.41003584229390677
6,169,Global gate,0.26386803179112817,0.3391602052736161,,0.10317460317460317,0.4081196581196581
6,169,Drug gate,0.3110698125404008,0.36005461457723387,,0.41666666666666663,0.4344344344344344
6,169,Drug-stratum gate,0.2553325901151988,0.3391602052736161,,0.0390961262553802,0.4109311740890688
6,174,CAFNet,0.6041853655638254,0.9266360779006398,0.052140594956013045,0.21184953162520206,0.7426780672645608
6,174,CAFNet-D,0.7309282009387278,1.0,0.0740235826645016,0.22312488230349325,0.8447710376229284
6,174,CAFNet-DG,0.7001948960162137,1.0,0.07417939336966783,0.22820660741532844,0.8098548266136945
6,174,Group-only,0.5958239196610229,1.0,0.047423064127778136,0.15423739831417752,0.7742231640253561
6,174,Global gate,0.6191432279041228,1.0,0.05072850057414518,0.19651863290574817,0.7775224348748933
6,174,Drug gate,0.53636604685572,0.9363792118010483,0.061810732661800705,0.19149628742919847,0.7165054699997193
6,174,Drug-stratum gate,0.5906128821484287,1.0,0.10234188763083898,0.21446787552548674,0.8035738792613598
6,226,CAFNet,0.4797870688830679,0.9052116356304493,0.016755290253773338,0.0757516757325686,0.5588435622055389
6,226,CAFNet-D,0.5744991125094162,1.0,0.01600658739081753,0.0773152234846129,0.6595683689372278
6,226,CAFNet-DG,0.5656575472147822,1.0,0.012499496476003968,0.12064878584940825,0.6505392665901012
6,226,Group-only,0.5680692995694144,1.0,0.015685752950634076,0.03251786333820972,0.6619401476522948
6,226,Global gate,0.5672497551461466,1.0,0.02001199291294567,0.06911644856262666,0.6562185433968736
6,226,Drug gate,0.36260516685538485,0.6015720654566381,0.020045387066387844,0.032176732892976644,0.45730149750966836
6,226,Drug-stratum gate,0.5578649151361917,0.9305687780632227,0.04406805534753506,0.035058972093419544,0.6335152446912425
6,227,CAFNet,0.35580320703200047,0.7721596254947203,,0.015685777814153982,0.4390676032341709
6,227,CAFNet-D,0.4159456945339718,0.8630152897016883,,0.015230790444688398,0.47817854170207097
6,227,CAFNet-DG,0.43167146347778934,0.866947989864271,,0.014213221113782164,0.4953847306288382
6,227,Group-only,0.4281970965438708,0.8415908474314976,,0.017705014702625928,0.4937793774221873
6,227,Global gate,0.3993795812546573,0.8205228949141826,,0.02288203699317021,0.4523838016978149
6,227,Drug gate,0.33380829875870266,0.6994739030813918,,0.22406282098107472,0.3723208178506638
6,227,Drug-stratum gate,0.24636372829932016,0.6754160255557639,,0.013665861293353364,0.35219781699967584
6,240,CAFNet,0.23964904998949801,0.6683063269107927,0.00935045807329452,0.037001854770672374,0.3553160289489128
6,240,CAFNet-D,0.2982646047389472,0.5884674004369674,0.009469438072734138,0.22130222046774703,0.3911694877681728
6,240,CAFNet-DG,0.32374858303218707,0.7059054020403313,0.00941373854879875,0.1085704693959616,0.43863118635675596
6,240,Group-only,0.2433531228797476,0.5766882048947065,0.0354973500473921,0.06380587221533335,0.32361126158511627
6,240,Global gate,0.22614403126970006,0.4701017400374074,0.025252525252525256,0.08446256067176569,0.2953839135098418
6,240,Drug gate,0.2810995236562539,0.6745711375739727,0.014886838057569764,0.058041708333014995,0.38911411982997607
6,240,Drug-stratum gate,0.26681973381109325,0.6758704024811183,0.013170813270514168,0.1782096551298541,0.35067191301805906
6,247,CAFNet,0.10416362740016952,0.0,,,0.11014919026712577
6,247,CAFNet-D,0.2092369242721599,0.29343678345195284,,,0.2116879177098314
6,247,CAFNet-DG,0.18016857133301759,0.20483424751859086,,,0.18353124502745383
6,247,Group-only,0.2643062887845312,0.39956887138389763,,,0.26760841114624256
6,247,Global gate,0.18733428256690074,0.24936270394794907,,,0.18921016606460528
6,247,Drug gate,0.18390031810885688,0.2984900352767556,,,0.1890849558888847
6,247,Drug-stratum gate,0.2287456758589151,0.3052348839397012,,,0.2334192031250997
6,257,CAFNet,0.4290751514939053,0.5806020001118019,0.023985834137037948,0.1861001804906041,0.5665811615333216
6,257,CAFNet-D,0.4730120889651336,0.685119869332369,0.0926632420453561,0.22654638346451803,0.5772081289515968
6,257,CAFNet-DG,0.48389810175117715,0.685119869332369,0.07823491892861702,0.25183567884846986,0.5800089132444199
6,257,Group-only,0.4669004169217451,0.6311443278613471,0.15189520319732627,0.1614664720550776,0.5640758218655553
6,257,Global gate,0.516449362298537,0.6528642754944295,0.055960860249463805,0.21414620811590393,0.6168752639864427
6,257,Drug gate,0.38254891047112116,0.5806020001118019,0.06983840497754067,0.13270389946267214,0.543936540346206
6,257,Drug-stratum gate,0.45830877820083316,0.7241528458281337,0.04474153600376033,0.163679340795014,0.6032874605458989
6,259,CAFNet,0.4174132301080395,0.664351874040447,,0.010718294051627384,0.44873058999913806
6,259,CAFNet-D,0.5984780564968891,0.8701249883466594,,0.007050805452292442,0.6398207687334095
6,259,CAFNet-DG,0.5573462415879343,0.8553475075669357,,0.007359841274097112,0.5941625062601832
6,259,Group-only,0.5730788720227759,0.933745776545611,,0.006588230411686586,0.6038671306128273
6,259,Global gate,0.5904416360481307,0.8701249883466594,,0.007780483459048524,0.6235952592796058
6,259,Drug gate,0.307742298444105,0.6180396628416764,,0.006695243927332109,0.35299158612642206
6,259,Drug-stratum gate,0.559111305125451,0.8701249883466594,,0.005478896103896104,0.5886989804543764
6,266,CAFNet,0.4333363242824939,0.8899541168509599,,0.042712315336521006,0.5177666678575682
6,266,CAFNet-D,0.45948241858378547,0.9052116356304493,,0.06852263546609363,0.5315816415905927
6,266,CAFNet-DG,0.4876155472508766,0.9052116356304493,,0.06265123198673866,0.558485599682592
6,266,Group-only,0.5866721534270026,0.9266360779006398,,0.10973840300426903,0.6601133279476337
6,266,Global gate,0.4948213878808486,1.0,,0.05661934072360417,0.5626686981545191
6,266,Drug gate,0.5163309388610876,0.9052116356304493,,0.09200449346374115,0.5885532717294246
6,266,Drug-stratum gate,0.45869694958356133,0.9266360779006398,,0.05200032457049679,0.5396974086759151
6,277,CAFNet,0.34837491399797715,0.7084409501232899,0.00411522633744856,0.013676019047043783,0.39874249504219106
6,277,CAFNet-D,0.3684953217705095,0.7600791051976192,0.008849557522123894,0.01035604356637567,0.41707893720240385
6,277,CAFNet-DG,0.3721513904504458,0.8263333286520083,0.0072992700729927005,0.011225208474194275,0.41981632032818084
6,277,Group-only,0.4336994518847804,0.7967610662472993,0.0045045045045045045,0.024346764346764346,0.49096111318066915
6,277,Global gate,0.4338734131812657,0.8899541168509599,0.018867924528301886,0.015103028331520468,0.4912339446446794
6,277,Drug gate,0.3745776255835939,0.8318477135310891,0.0048543689320388345,0.013554384092538393,0.4277167417184459
6,277,Drug-stratum gate,0.40317816281584173,0.8205228949141826,0.005847953216374269,0.03640934634723454,0.4497709239051624
6,282,CAFNet,0.33674867708536727,0.5637884576902256,,0.007911194496560352,0.3839733144371269
6,282,CAFNet-D,0.32368104466557346,0.6020521034564038,,0.006289556962025317,0.36854771277432874
6,282,CAFNet-DG,0.36766700536502933,0.6300426811446145,,0.006359316550399353,0.41597372722881654
6,282,Group-only,0.36112711872098285,0.6300426811446145,,0.007694128787878788,0.4071921551496662
6,282,Global gate,0.25970828911659244,0.5473983622993502,,0.007084843183806073,0.29346588575230864
6,282,Drug gate,0.3097512540049393,0.5541432109622958,,0.008740526335834255,0.348417790055756
6,282,Drug-stratum gate,0.3436202699800872,0.5637884576902256,,0.08694344163658242,0.38295630952807924
6,288,CAFNet,0.6254561358818919,0.791726719367984,0.06608992983392628,0.25122367214329133,0.7487981501294751
6,288,CAFNet-D,0.639673715718741,1.0,0.08571746283446574,0.22520104595277585,0.7750836633578022
6,288,CAFNet-DG,0.6609051450821715,1.0,0.0820678173143141,0.23625696168743227,0.7831836127569367
6,288,Group-only,0.6470704838722012,1.0,0.12977842465462827,0.24762847282932252,0.7631904167345097
6,288,Global gate,0.6624747093310474,1.0,0.18249240013934567,0.3040425324837192,0.7762691053509653
6,288,Drug gate,0.5952005736576532,1.0,0.10941707255241154,0.21059442121449262,0.7400131592604129
6,288,Drug-stratum gate,0.6655596131083938,1.0,0.07555314140473376,0.2177020009933026,0.8077776672798549
6,292,CAFNet,0.2635088519304117,0.39356081945565896,,0.0037593984962406013,0.2909193538786413
6,292,CAFNet-D,0.42757859883960403,0.627507133061656,,0.00546448087431694,0.4621812511056254
6,292,CAFNet-DG,0.44077048546535663,0.627507133061656,,0.005,0.4761519899333105
6,292,Group-only,0.4403630309623041,0.627507133061656,,0.004291845493562232,0.47854305657863405
6,292,Global gate,0.4320378505132608,0.5541432109622958,,0.005494505494505495,0.46829459309245675
6,292,Drug gate,0.4015355283508127,0.6083169141195838,,0.034482758620689655,0.43093596721314115
6,292,Drug-stratum gate,0.45143218491003545,0.6235744328990731,,0.006622516556291391,0.49245978097878523
6,302,CAFNet,0.09504111960129681,0.22485174766247457,,,0.1046821575130854
6,302,CAFNet-D,0.10943330528275147,0.22485174766247457,,,0.11574288781535158
6,302,CAFNet-DG,0.10817244728079911,0.22485174766247457,,,0.11506661969561666
6,302,Group-only,0.058002345539218236,0.1785641173248661,,,0.06283685890785547
6,302,Global gate,0.08907571659469944,0.20865662569078222,,,0.09301007437546063
6,302,Drug gate,0.0633560355552887,0.09109240322345795,,,0.06814834500136008
6,302,Drug-stratum gate,0.1409415568520181,0.24738635904833414,,,0.1431004283584041
6,305,CAFNet,0.31910715756955293,0.5326208815196265,,,0.3233965679907194
6,305,CAFNet-D,0.37150169649960757,0.6235744328990731,,,0.3755489733785399
6,305,CAFNet-DG,0.366643712507036,0.6203974344166848,,,0.36846807046169616
6,305,Group-only,0.43220394808177165,0.6489315753318465,,,0.43282343625939806
6,305,Global gate,0.3874908507486104,0.642186726668901,,,0.3887681964225019
6,305,Drug gate,0.3947966102424176,0.7007731679885374,,,0.39572957759426375
6,305,Drug-stratum gate,0.4193754339169656,0.6489315753318465,,,0.42123255689459144
6,309,CAFNet,0.26958541614290665,0.3063365306564338,,,0.2718343221129698
6,309,CAFNet-D,0.3639985535918063,0.5067837010870874,,,0.36690828901381456
6,309,CAFNet-DG,0.3240073235980777,0.46035860613699897,,,0.3256737430829728
6,309,Group-only,0.33835074346530974,0.47479014188018465,,,0.34271702061733655
6,309,Global gate,0.3575999749828455,0.5509662124799076,,,0.35884814726008757
6,309,Drug gate,0.3105476698584715,0.4074153667635757,,,0.31563913269310406
6,309,Drug-stratum gate,0.29775536273926895,0.3967378179380473,,,0.30077044845613565
6,310,CAFNet,0.35488737809042514,0.41153259956303256,0.006734578381437465,0.09674450549450549,0.40549433705043775
6,310,CAFNet-D,0.2884958016458947,0.2172607128522299,0.02448296836982968,0.26373626373626374,0.32102420733384585
6,310,CAFNet-DG,0.31062972550042905,0.28351493630661884,0.018003186404673393,0.26627779803135254,0.3456054603760983
6,310,Group-only,0.21576676800400993,0.20248323207250618,0.013900062572628945,0.05700519469181072,0.24881624407181638
6,310,Global gate,0.2733689079692141,0.09478836436955075,0.006221958047321395,0.04914511589039891,0.3120763128032579
6,310,Drug gate,0.2681291170417256,0.23690530871965648,0.018229166666666664,0.05624056176381757,0.2992260789282131
6,310,Drug-stratum gate,0.23739595055844256,0.28371255449703187,0.013611462284028656,0.032917266095986275,0.2686783199284593
6,324,CAFNet,0.16796726376794036,0.5955988517897014,0.03593563066526678,0.017637456598242195,0.24196086592019247
6,324,CAFNet-D,0.18776545230257852,0.6936634693435662,0.02813553942760813,0.02202054352861663,0.2460348154416956
6,324,CAFNet-DG,0.1836886015526328,0.6936634693435662,0.02963978269217621,0.020180529473271286,0.24271206017598984
6,324,Group-only,0.17652468297213628,0.6274092458891772,0.03618382191946566,0.018491032778846356,0.2381201358492096
6,324,Global gate,0.18373676877595355,0.6994739030813918,0.026178395258248506,0.07017155233447368,0.23987883268912538
6,324,Drug gate,0.1740583320620489,0.6898286563534621,0.022632027615963782,0.02530516433398923,0.23084320335290476
6,324,Drug-stratum gate,0.2000656823808785,0.715550648768261,0.039257317479097956,0.023230238862002324,0.26849093380180283
6,338,CAFNet,0.38118893930740794,0.627507133061656,0.10317460317460317,0.26147896623278627,0.4258725304595333
6,338,CAFNet-D,0.24770291705953318,0.3819603371583236,0.017936507936507938,0.3508980938416422,0.28253783416678047
6,338,CAFNet-DG,0.331043155701446,0.5017493542077721,0.02490996398559424,0.5166666666666666,0.3597903453670352
6,338,Group-only,0.30270267620079255,0.4035015715464804,0.515625,0.33741056397306396,0.32543430649483374
6,338,Global gate,0.32646550237005023,0.4959389204699465,0.25393700787401574,0.1990079365079365,0.3562062557759195
6,338,Drug gate,0.3629953564628772,0.5036067026046991,0.05698005698005698,0.5555555555555556,0.4003638664055425
6,338,Drug-stratum gate,0.316293478294919,0.3589542101716347,0.13046448087431695,0.1601552901862499,0.34431282854684436
6,345,CAFNet,0.45695833462799673,0.522032859637427,,0.07631578947368421,0.5568893907764133
6,345,CAFNet-D,0.7579457173244386,0.9363792118010483,,0.15555555555555556,0.8230281180680982
6,345,CAFNet-DG,0.7781542179946631,1.0,,0.11858974358974358,0.8541004398460539
6,345,Group-only,0.6705226515357621,0.9363792118010483,,0.04957160342717258,0.7370939159071255
6,345,Global gate,0.8270806840402707,1.0,,0.225,0.8972315871772394
6,345,Drug gate,0.5685222213397708,0.8643145546088338,,0.35,0.6123695204098725
6,345,Drug-stratum gate,0.5900017431164187,0.9363792118010483,,0.03469387755102041,0.6633928683928685
6,353,CAFNet,0.07206228209716273,0.2211934130148128,0.005275384136212625,0.021613840316258466,0.13191084240751932
6,353,CAFNet-D,0.0697873063046057,0.15176219107803549,0.006414473684210526,0.01729291008132281,0.12687698602920164
6,353,CAFNet-DG,0.07330856956234086,0.21801641453242443,0.005842746175502867,0.016983309176638952,0.1347956929522814
6,353,Group-only,0.13183990293359457,0.2685529228900212,0.07173913043478261,0.10181390455034718,0.21588473485413823
6,353,Global gate,0.0968563029342142,0.2583297509898471,0.03272727272727273,0.03502853592755435,0.17155812487134534
6,353,Drug gate,0.13611956174490888,0.24936270394794907,0.037820512820512825,0.059829680170388325,0.24148688486402295
6,353,Drug-stratum gate,0.17818755183062418,0.23690530871965648,0.17142857142857143,0.24899803216771008,0.24340897777614573
6,357,CAFNet,0.47344878570604343,0.43780685607566455,,0.0070921985815602835,0.4912115447966218
6,357,CAFNet-D,0.5220843788836049,0.8263333286520083,,0.07142857142857142,0.5430790040434099
6,357,CAFNet-DG,0.6241223079128293,0.84860265890399,,0.05555555555555555,0.6380705564355635
6,357,Group-only,0.5532662745937569,0.7753366239771086,,0.011627906976744186,0.5690797474652975
6,357,Global gate,0.5401876696094379,0.8263333286520083,,0.0625,0.5485313801395384
6,357,Drug gate,0.5255238683235813,0.7849818707050383,,0.03225806451612903,0.5450416699226509
6,357,Drug-stratum gate,0.5767933277785984,0.7084409501232899,,0.25,0.5853455100932741
6,371,CAFNet,0.31488012284270506,0.4530643748551539,,,0.3161853855249684
6,371,CAFNet-D,0.350366539827483,0.3822360008387525,,,0.3515358991551789
6,371,CAFNet-DG,0.340907339440065,0.3379841448267985,,,0.3417168840178061
6,371,Group-only,0.29874935635740607,0.25206494032666715,,,0.30621884678866107
6,371,Global gate,0.33430483200255434,0.43808927588501717,,,0.33472616340980127
6,371,Drug gate,0.38053141722973266,0.393758437646072,,,0.38427998466630725
6,371,Drug-stratum gate,0.2747290256531068,0.2394408568026151,,,0.2757073193184634
6,400,CAFNet,0.5613562864525631,0.5559026721867443,0.030631518976020893,0.15062999276491895,0.6645799510974097
6,400,CAFNet-D,0.5455041541997725,0.8263333286520083,0.0796107345552175,0.097790929585556,0.6866384778493769
6,400,CAFNet-DG,0.5838365032617886,0.8165901947515998,0.05092451480565087,0.16461363034702525,0.7000528679816402
6,400,Group-only,0.6087729837318688,0.8415908474314976,0.08332648530892582,0.18235195659771197,0.6880352294560276
6,400,Global gate,0.5627984795734681,0.8454256604216017,0.1492384922569186,0.1331728960867516,0.668937839385459
6,400,Drug gate,0.5902536757974647,0.8454256604216017,0.1429674457213249,0.13964699258853097,0.6973903853452946
6,400,Drug-stratum gate,0.6215445462994568,0.7721596254947203,0.04055554718193968,0.1330085200798482,0.7090081857012958
6,425,CAFNet,0.14862847036630353,0.1427951440361374,0.005714285714285714,0.006060606060606061,0.1940632538356047
6,425,CAFNet-D,0.4267781126124294,0.7819835854675755,0.0078125,0.0038314176245210726,0.46080121079591896
6,425,CAFNet-DG,0.43133497910289437,0.7909506325094736,0.007194244604316547,0.003968253968253968,0.46700711085191166
6,425,Group-only,0.4606415818887225,0.8572048559638626,0.0033003300330033004,0.006369426751592357,0.5019040865955612
6,425,Global gate,0.4049487549096334,0.7788065869851872,0.004048582995951417,0.004672897196261682,0.44031006898614866
6,425,Drug gate,0.467268296466085,0.7151857987862356,0.003076923076923077,0.006493506493506494,0.50437041718889
6,425,Drug-stratum gate,0.5116880469900376,0.8603818544462509,0.006211180124223602,0.02127659574468085,0.5483291331924934
6,432,CAFNet,0.39546478338106084,0.6496872770120411,,0.021574614976101962,0.43620149853846774
6,432,CAFNet-D,0.3962755507292202,0.5517854393872874,,0.2553763440860215,0.43237079092640907
6,432,CAFNet-DG,0.3929008698304084,0.5552448576790284,,0.07823129251700679,0.42940700189910397
6,432,Group-only,0.3401967528176731,0.4705561169627618,,0.02988215488215488,0.37201994233274094
6,432,Global gate,0.3420730476327256,0.43277250919634924,,0.04617117117117117,0.37324168557554455
6,432,Drug gate,0.20387431248927707,0.3718350524306282,,0.008127289377289376,0.24167638030869643
6,432,Drug-stratum gate,0.38677772003120786,0.5077181160122074,,0.01853650639468998,0.4245778630488585
6,438,CAFNet,0.3651916686834301,0.4690000933206748,0.05555555555555555,1.0,0.3179018538312704
6,438,CAFNet-D,0.11004975051518949,0.1100458831490401,0.021739130434782608,0.5,0.1198495855995973
6,438,CAFNet-DG,0.1400931596889407,0.1100458831490401,0.037037037037037035,1.0,0.14307711379696597
6,438,Group-only,0.15637355560385766,0.26873745552689515,0.008,0.07692307692307693,0.18173698710008834
6,438,Global gate,0.17595584285358132,0.28634598975246917,0.007633587786259542,0.013333333333333334,0.207720955452625
6,438,Drug gate,0.17038769408464524,0.2934556883974403,0.08333333333333333,0.16666666666666666,0.2033004111073159
6,438,Drug-stratum gate,0.18141036259402057,0.2895229882348575,0.021739130434782608,0.0625,0.21313055445436702
6,455,CAFNet,0.5711555673120132,0.9305687780632227,0.18602912624651755,0.2082396400140367,0.6793784859968877
6,455,CAFNet-D,0.5912457765338629,0.9052116356304493,0.3751149962653082,0.3939645347159164,0.6860562972806469
6,455,CAFNet-DG,0.6044494651954955,0.8899541168509599,0.37583727815711887,0.39214884010607104,0.7050248448649689
6,455,Group-only,0.5492625443089673,0.914856882358379,0.10578958078958078,0.11201479861264929,0.6617281110861226
6,455,Global gate,0.5358486768714004,0.8165901947515998,0.16242103479534367,0.21161121363451924,0.6394774873355283
6,455,Drug gate,0.5934368276600912,0.9216017310213245,0.1927054055875712,0.3579990649938872,0.6956832638850807
6,455,Drug-stratum gate,0.4676059993749532,0.8611375561264455,0.01771017286749731,0.03420127852824249,0.590494732375363
6,456,CAFNet,0.33562000339182313,0.4198523768135525,,,0.33602824997275804
6,456,CAFNet-D,0.36052320237581154,0.40112489502598453,,,0.3605232023758116
6,456,CAFNet-DG,0.3675503260350377,0.40112489502598453,,,0.3675503260350377
6,456,Group-only,0.40173611111111107,0.4163824138054739,,,0.40173611111111107
6,456,Global gate,0.42358329107505066,0.5926825204089029,,,0.4235832910750507
6,456,Drug gate,0.3808708623992074,0.4265076985331693,,,0.3808708623992074
6,456,Drug-stratum gate,0.3864918491758201,0.526428296954514,,,0.3880545887510971
6,458,CAFNet,0.46184449711127773,0.6378891765242928,0.03273014324961156,0.16753149168200188,0.5645574631247975
6,458,CAFNet-D,0.55480553952913,0.9363792118010483,0.03658149279989424,0.21085057874853563,0.6726112527950375
6,458,CAFNet-DG,0.537539269216643,0.866947989864271,0.03925531037029873,0.212248998976514,0.6460705410694842
6,458,Group-only,0.5311230114629681,1.0,0.04135433569064359,0.22556151235334532,0.6400090753905034
6,458,Global gate,0.5129716076403315,0.9363792118010483,0.039188211267005,0.22334071284268522,0.6695448440468446
6,458,Drug gate,0.5457024155524132,1.0,0.14518943504121967,0.20252037931807218,0.666785673571923
6,458,Drug-stratum gate,0.5009321179859813,1.0,0.017067576645384486,0.14767671607878538,0.6341150063831501
6,473,CAFNet,0.19021716451524573,0.4537425745411855,0.009345794392523364,0.012526206472158529,0.2563505816245963
6,473,CAFNet-D,0.27448842465275675,0.4690000933206748,0.02,0.1386651045227097,0.34423341881533054
6,473,CAFNet-DG,0.23996012446361675,0.4690000933206748,0.024390243902439025,0.0801417004048583,0.3021026155210061
6,473,Group-only,0.18804332097493529,0.4690000933206748,0.003424657534246575,0.049309477375200056,0.24514037561016855
6,473,Global gate,0.1508101378444747,0.4085359184257957,0.004366812227074236,0.0189669843943029,0.1995012024458982
6,473,Drug gate,0.18075363678231138,0.4537425745411855,0.006666666666666667,0.02498889811228034,0.23639083636964436
6,473,Drug-stratum gate,0.25884496825439995,0.4690000933206748,0.012658227848101266,0.04267764591130423,0.33054947417641733
6,481,CAFNet,0.4069311735093438,0.5645252544249326,0.1552798253965653,0.16324949161603627,0.5405220752017204
6,481,CAFNet-D,0.4786506456876002,0.7799082337019198,0.06242912812297964,0.24192014036112403,0.5814988530487681
6,481,CAFNet-DG,0.47335981435785385,0.7104770117651424,0.06478977194148165,0.23588109930565493,0.5741905292319216
6,481,Group-only,0.48537986640356423,0.7799082337019198,0.0842192396848053,0.293140515839933,0.5785428931049885
6,481,Global gate,0.42990744967856753,0.7799082337019198,0.05128404310342492,0.18512887010570628,0.5487050133959344
6,481,Drug gate,0.4988334310868263,0.7975167679274938,0.11487096607642591,0.2764583541596756,0.5893112521282661
6,481,Drug-stratum gate,0.4738271766769046,0.7136540102475308,0.0663352045848166,0.20178159588075936,0.5752466203174686
6,483,CAFNet,0.003700226829031106,0.0,,,0.010829242015355327
6,483,CAFNet-D,0.018282122545348677,0.0,,,0.020109995014537564
6,483,CAFNet-DG,0.011516796074860258,0.0,,,0.014350148367232972
6,483,Group-only,0.01254667466906769,0.0,,,0.016123472709275236
6,483,Global gate,0.02128579888017214,0.0,,,0.023663794194745725
6,483,Drug gate,0.02762170983350263,0.0,,,0.028890000478405616
6,483,Drug-stratum gate,0.016041314577886594,0.0,,,0.01964501192129714
6,501,CAFNet,0.3636629701789247,0.477967140362573,0.07256335113632247,0.06762062616003166,0.5140245201202717
6,501,CAFNet-D,0.5662810457708578,1.0,0.015435174987645996,0.0846596721154759,0.6410033944646896
6,501,CAFNet-DG,0.5251846666669685,0.8701249883466594,0.017373162487457374,0.092876601311544,0.595378948976588
6,501,Group-only,0.4473506785246275,0.9363792118010483,0.015538889765860944,0.06491250746112137,0.5559606514672024
6,501,Global gate,0.4786387843779332,0.7967610662472993,0.01605613141000787,0.08374481813277744,0.558782431675443
6,501,Drug gate,0.48125110543174626,1.0,0.01297190569623393,0.07398503382011423,0.5884579992761836
6,501,Drug-stratum gate,0.5436135104054837,1.0,0.031360976381801825,0.08761906073046778,0.642303088280832
6,541,CAFNet,0.5263029209521145,0.642186726668901,,0.003436426116838488,0.5803924585411634
6,541,CAFNet-D,0.37230459957406986,0.4440973278132557,,0.003367003367003367,0.409172428441244
6,541,CAFNet-DG,0.4116284801143955,0.4537425745411855,,0.0031746031746031746,0.4526467684362421
6,541,Group-only,0.36235864012881325,0.4690000933206748,,0.006329113924050633,0.39729871367300434
6,541,Global gate,0.22476231587405937,0.31488013066763093,,0.017543859649122806,0.25150835080506584
6,541,Drug gate,0.31017750649313597,0.4440973278132557,,0.003355704697986577,0.3566681142601776
6,541,Drug-stratum gate,0.39458451935363514,0.4690000933206748,,0.0031746031746031746,0.43334568006206753
6,554,CAFNet,0.35515595104270714,0.6203974344166848,0.01788283658787256,0.07629433795990305,0.4068927860651762
6,554,CAFNet-D,0.45349557389480694,0.8415908474314976,0.03055307760927743,0.02387007931297981,0.4951005548368748
6,554,CAFNet-DG,0.4586858111856897,0.9052116356304493,0.03722438391699092,0.04909522233256096,0.5009002532645419
6,554,Group-only,0.4207630174733788,0.8630152897016883,0.017407668783815573,0.35596232450684195,0.46270152198431924
6,554,Global gate,0.43744880878769976,0.7849818707050383,0.007277442574362232,0.029990229507704913,0.4810835187256506
6,554,Drug gate,0.48609116173883615,1.0,0.029433962264150945,0.01727490435164248,0.5329738095584
6,554,Drug-stratum gate,0.39515168617140917,0.7967610662472993,0.010101762223876893,0.007824771968600102,0.43577363262785995
6,557,CAFNet,0.18200140818678823,0.2200917662980802,,0.01725625539257981,0.21138544090615347
6,557,CAFNet-D,0.517354657254177,0.9363792118010483,,0.2572992700729927,0.5548578789845672
6,557,CAFNet-DG,0.44058648446027426,0.7967610662472993,,0.06895161290322581,0.4766827478327588
6,557,Group-only,0.47610760725012985,0.8701249883466594,,0.5047169811320755,0.5101829882477804
6,557,Global gate,0.4716229199630271,0.933745776545611,,0.04084249084249084,0.5099036033788301
6,557,Drug gate,0.4960405712996427,0.8701249883466594,,0.10704225352112677,0.5323919789033777
6,557,Drug-stratum gate,0.48627180569759776,0.933745776545611,,0.08757062146892655,0.5252611998459655
6,558,CAFNet,0.25823239743781845,0.31833954895937194,,0.014890275219477413,0.2879821634974496
6,558,CAFNet-D,0.3183852866796237,0.36995731885538546,,0.015930327380848847,0.35450268813387853
6,558,CAFNet-DG,0.30462981965266306,0.3724928669383441,,0.014738123988598372,0.33860172669164146
6,558,Group-only,0.3134921966272544,0.31598177738436356,,0.035333978938352835,0.34907249198049867
6,558,Global gate,0.2729366810462807,0.23758350840568815,,0.03665704769558813,0.30539072150697605
6,558,Drug gate,0.3167248471882507,0.3831704157638725,,0.03489909628839592,0.3523800656833243
6,558,Drug-stratum gate,0.311497000170121,0.2940945979596687,,0.04284651916914553,0.34443184186900083
6,579,CAFNet,0.3365107696597122,0.2934556883974403,0.043478260869565216,,0.3544441177354792
6,579,CAFNet-D,0.5880023130557257,0.624232247406789,0.02,,0.6247218471044019
6,579,CAFNet-DG,0.5305897604599781,0.5415879285615247,0.030303030303030304,,0.5630950276447653
6,579,Group-only,0.5640626851034376,0.5795003533950693,0.058823529411764705,,0.6062135612341524
6,579,Global gate,0.6224138489017608,0.7467045958894681,0.058823529411764705,,0.6685218002609307
6,579,Drug gate,0.5073634329015079,0.5404673768993047,0.07142857142857142,,0.5375148080790384
6,579,Drug-stratum gate,0.5294161125438832,0.579782773204422,0.2,,0.5602801888573697
6,583,CAFNet,0.32818025562974695,0.4381081808305046,,0.015873015873015872,0.3641770336518094
6,583,CAFNet-D,0.49511148998935134,0.5388856921828065,,0.008849557522123894,0.5439113648020028
6,583,CAFNet-DG,0.4378973740279386,0.6117748521784964,,0.00909090909090909,0.4824189543290667
6,583,Group-only,0.5488295653715444,0.6898286563534621,,0.020833333333333332,0.6023133699613079
6,583,Global gate,0.5917530305086318,0.6969383549984333,,0.0136986301369863,0.6494393746701161
6,583,Drug gate,0.40622762323588735,0.4886446891881014,,0.008,0.44546645916048894
6,583,Drug-stratum gate,0.4419432770850792,0.5231737964779628,,0.05555555555555555,0.4834495134495134
6,586,CAFNet,0.6327464835063621,0.6987957033953601,,,0.6385046864471954
6,586,CAFNet-D,0.7808751035044139,0.914856882358379,,,0.7810087576075949
6,586,CAFNet-DG,0.7899154843344446,0.8572048559638626,,,0.7904499102719169
6,586,Group-only,0.7935554286327404,0.8603818544462509,,,0.7939520038784746
6,586,Global gate,0.6990323341388425,0.7849818707050383,,,0.7159771378521379
6,586,Drug gate,0.4552010081421846,0.39842793454336184,,,0.4553675083086848
6,586,Drug-stratum gate,0.7280416572759373,0.8414929602590189,,,0.7280416572759373
6,588,CAFNet,0.48440247882950305,0.7411902110103872,,0.005405405405405406,0.5059986981663779
6,588,CAFNet-D,0.5467659660031886,0.7538142945344393,,0.00684931506849315,0.5735599099276307
6,588,CAFNet-DG,0.5399190297015318,0.7503359712972109,,0.00684931506849315,0.5644122640716254
6,588,Group-only,0.49776887913128726,0.7951657524814092,,0.003289473684210526,0.5231918716492945
6,588,Global gate,0.4070628739414472,0.6172839611614819,,0.0033333333333333335,0.42712198856712047
6,588,Drug gate,0.24901974965560159,0.510069131458292,,0.003048780487804878,0.28655504703181894
6,588,Drug-stratum gate,0.546405653948477,0.7951657524814092,,0.0078125,0.5710152769019609
6,597,CAFNet,0.1959622638998005,0.21408371436984164,0.007512303382558554,0.019423558897243107,0.2288650166367887
6,597,CAFNet-D,0.2852171036778503,0.6961622681399229,0.010049264359990331,0.010115680578912501,0.3226437469358274
6,597,CAFNet-DG,0.29075866193452854,0.642186726668901,0.00881246248552904,0.010810023310023311,0.327309847951537
6,597,Group-only,0.2871897995225309,0.6987957033953601,0.011714126209924531,0.014868744872846595,0.3271762616237016
6,597,Global gate,0.24887859474667587,0.6371523797895857,0.014474539757973574,0.006479903058185627,0.2904831930390978
6,597,Drug gate,0.24723272087426013,0.6083169141195838,0.01141618708065467,0.006087677288635108,0.28543608843526186
6,597,Drug-stratum gate,0.28461059797542937,0.7573821447149965,0.01298195612966319,0.006226216211387633,0.3295124650775619
6,598,CAFNet,0.4615243719400784,0.7280855459907165,0.060404703308722996,0.31966447759366207,0.5176039634229013
6,598,CAFNet-D,0.4468520795152836,0.8899541168509599,0.05401635401635402,0.17842640631545348,0.5151003264800256
6,598,CAFNet-DG,0.4867025338615045,0.7479350596733328,0.06520911231131422,0.26567201700931825,0.5468962662174328
6,598,Group-only,0.4385128004211925,0.8006937664098821,0.12044724224269886,0.21685021533205143,0.5153432030612921
6,598,Global gate,0.4302559996169587,0.7909506325094736,0.026780013284480726,0.20538906474613328,0.5141446029730304
6,598,Drug gate,0.4302375278025282,0.7753366239771086,0.12197907456528145,0.10858467724219768,0.5039389260262875
6,598,Drug-stratum gate,0.4130510660479581,0.8414929602590189,0.011164985070339813,0.11790610994185756,0.5014765722365676
6,600,CAFNet,0.3053081724308295,0.5455017237786199,0.19871500677119858,0.17411398997881541,0.40568860072996826
6,600,CAFNet-D,0.2635864401632518,0.3785988060390613,0.15418392849820925,0.1315276358606765,0.35037664506746014
6,600,CAFNet-DG,0.28637279814883254,0.5166851630541056,0.17325595035445046,0.13409274072949567,0.38350751427206003
6,600,Group-only,0.28129002398233627,0.5075394027672819,0.20120862925430688,0.1334449391244228,0.37596040712344986
6,600,Global gate,0.2762017612527067,0.3688556721386529,0.13074603780447075,0.1337194937713597,0.3720838852653768
6,600,Drug gate,0.278904640530721,0.3732689537968543,0.2155535022447148,0.1307445584900811,0.36797978871970316
6,600,Drug-stratum gate,0.28949018076523575,0.4671223597454321,0.19832320950131838,0.13727165639944233,0.38223762020852087
6,602,CAFNet,0.2388287861199026,0.4818998405251558,0.013449700649295893,0.00962962962962963,0.2785607278748348
6,602,CAFNet-D,0.43100195467858543,0.7819835854675755,0.008462299484135396,0.2669491525423729,0.4882223640634097
6,602,CAFNet-DG,0.3781662446947563,0.7183627972686238,0.008694670280036135,0.06785714285714287,0.4301272320682754
6,602,Group-only,0.46534533610903134,0.8572048559638626,0.007068607068607069,0.2692307692307692,0.5307276175148842
6,602,Global gate,0.4003808359617405,0.8006937664098821,0.007108294930875576,0.01746268656716418,0.4639577187166456
6,602,Drug gate,0.37780558912430656,0.7846170207230129,0.009602041273109808,0.012676508344030809,0.438175312164177
6,602,Drug-stratum gate,0.3729144812341123,0.727329844310522,0.006860902255639097,0.010035682426404995,0.43256075468180116
6,612,CAFNet,0.39626218471360514,0.5933607200949346,,0.17741312741312742,0.47042100989347696
6,612,CAFNet-D,0.5297253615675536,0.7600791051976192,,0.525,0.6247523745946313
6,612,CAFNet-DG,0.5311596618136775,0.8263333286520083,,0.5654761904761905,0.62713548490469
6,612,Group-only,0.5022878153313862,0.7778721720600672,,0.5011904761904762,0.5848589097687733
6,612,Global gate,0.5099358644654333,0.7849818707050383,,0.05149464337072188,0.6203300353163801
6,612,Drug gate,0.5267387408169102,0.7849818707050383,,0.0482280839999734,0.6440898327384008
6,612,Drug-stratum gate,0.48855019772757796,0.6867151830982592,,0.12534176349965825,0.5850873818456586
6,621,CAFNet,0.38559883967282316,0.8579809428223729,0.04455871239822534,0.028170217324567988,0.5079725047291987
6,621,CAFNet-D,0.4229727327152438,1.0,0.25935074526841956,0.030949156101757525,0.5181303243668991
6,621,CAFNet-DG,0.4377042598058258,1.0,0.2602070111738986,0.029596587770326928,0.5377184963853542
6,621,Group-only,0.47028789331490967,1.0,0.025713771788517477,0.05646130030605155,0.5673807639083619
6,621,Global gate,0.46877779784790835,1.0,0.07701277284163813,0.05614498472150352,0.5721509309112571
6,621,Drug gate,0.4149390611814105,0.9305687780632227,0.09569019068240169,0.03286494317013807,0.5090871358179128
6,621,Drug-stratum gate,0.45923682013784034,1.0,0.029761385265400772,0.06561165428253465,0.5515405490548706
6,643,CAFNet,0.3616888118992107,0.606241562353928,,,0.3698373546117542
6,643,CAFNet-D,0.5366284670937329,0.7471589728148225,,,0.5379131199324303
6,643,CAFNet-DG,0.526044831360627,0.7084409501232899,,,0.5279000435764407
6,643,Group-only,0.5251297267884603,0.7624164915943118,,,0.5277428838395674
6,643,Global gate,0.38069813791044427,0.4016049330257502,,,0.3840275274227139
6,643,Drug gate,0.3200968878282048,0.5056427642465516,,,0.32941730615797526
6,643,Drug-stratum gate,0.4986398607615144,0.7222954974312067,,,0.5022508289545589
6,649,CAFNet,0.6026985350494564,0.8263333286520083,,,0.6125887061642441
6,649,CAFNet-D,0.6463293759883868,1.0,,,0.6532439324096632
6,649,CAFNet-DG,0.6614189073142331,1.0,,,0.667620427109132
6,649,Group-only,0.6348072988571449,1.0,,,0.6465080514521976
6,649,Global gate,0.4831535140973859,0.8482378089219645,,,0.5258450147527103
6,649,Drug gate,0.5722091578600836,0.9363792118010483,,,0.5941996151707952
6,649,Drug-stratum gate,0.6098785723550516,1.0,,,0.617178332728794
6,650,CAFNet,0.24120466656854467,0.0,0.0047169811320754715,,0.25804690370936
6,650,CAFNet-D,0.4521849495490718,0.6489315753318465,0.012195121951219513,,0.47492043705802567
6,650,CAFNet-DG,0.42572498197660313,0.58874982024632,0.009708737864077669,,0.4467318766739384
6,650,Group-only,0.40318319339808123,0.6332196796270029,0.02702702702702703,,0.4254866757455647
6,650,Global gate,0.10279309929460911,0.0,0.009523809523809525,,0.13702791645912932
6,650,Drug gate,0.4629279870901312,0.6207622843987103,0.014285714285714285,,0.48530526755178166
6,650,Drug-stratum gate,0.42908204768402314,0.6300426811446145,0.018867924528301886,,0.4509056982740038
6,679,CAFNet,0.5393829356738552,0.8899541168509599,1.0,0.1101364522417154,0.6261862521645154
6,679,CAFNet-D,0.5636935742194393,1.0,0.14285714285714285,0.04094516594516595,0.610333822169253
6,679,CAFNet-DG,0.6220440997416831,1.0,1.0,0.08238636363636363,0.6725776362942396
6,679,Group-only,0.5840402355843004,1.0,0.5,0.014560610135091238,0.635209273633618
6,679,Global gate,0.5440427253151249,0.9216017310213245,1.0,0.054120570787237456,0.5865652229919077
6,679,Drug gate,0.5672094220189828,1.0,0.5,0.022236307699790847,0.6178022711659308
6,679,Drug-stratum gate,0.5427027258090579,0.8643145546088338,1.0,0.017518059855521156,0.5929930964410934
6,685,CAFNet,0.5263423357476755,0.5862021414044021,,,0.5269428762341134
6,685,CAFNet-D,0.4315810768751945,0.4883505467692416,,,0.4319566637296546
6,685,CAFNet-DG,0.5291104320516085,0.5644938874866251,,,0.5292540792540792
6,685,Group-only,0.4126556776556777,0.4597307900205735,,,0.4132945736434108
6,685,Global gate,0.5659998274672188,0.7219249601864207,,,0.5664164941338853
6,685,Drug gate,0.3124041157914207,0.31552695640472794,,,0.3124041157914207
6,685,Drug-stratum gate,0.47952722564791533,0.5570601873490945,,,0.4807333366101238
6,691,CAFNet,0.3778137893575765,0.70937536504841,0.00392156862745098,0.03129173592210722,0.43405940884037497
6,691,CAFNet-D,0.3239157270275578,0.6500332220485792,0.012048192771084338,0.025323243311522074,0.37238678922456053
6,691,CAFNet-DG,0.36690378017603126,0.7948833326720566,0.008771929824561403,0.023506535513519194,0.4212990887209674
6,691,Group-only,0.3520271294769516,0.7948833326720566,0.009345794392523364,0.09398446860392234,0.4000714589573432
6,691,Global gate,0.3153994548435348,0.7381919257729244,0.0036496350364963502,0.013613846978215518,0.3698977557397154
6,691,Drug gate,0.36736536324676944,0.7241528458281337,0.038461538461538464,0.07035828832480527,0.41393004460106064
6,691,Drug-stratum gate,0.3937844208505719,0.7162874455029681,0.05,0.15309161852640113,0.43602832552141685
6,707,CAFNet,0.3004690946700744,0.42492601381667106,0.03333333333333333,0.2041479260369815,0.3268505079145433
6,707,CAFNet-D,0.32256013259846283,0.6020521034564038,0.012195121951219513,0.035609551738584,0.3629064160801454
6,707,CAFNet-DG,0.33688499647456815,0.6117952373568122,0.014925373134328358,0.06825396825396826,0.3716380605808196
6,707,Group-only,0.3075192146712417,0.5077181160122074,0.0196078431372549,0.13481449525452976,0.34318975035970334
6,707,Global gate,0.28460407492152295,0.3340514446642156,0.05555555555555555,0.06476812947401182,0.31313701195474936
6,707,Drug gate,0.2376956453196035,0.3282410109263901,0.027777777777777776,0.02627111450640862,0.26428174463130505
6,707,Drug-stratum gate,0.24372346178494578,0.31879392588472627,0.023809523809523808,0.09022288098375053,0.26743452922123995
6,711,CAFNet,0.15973216751934002,0.16421958630632805,,,0.16773666397720996
6,711,CAFNet-D,0.2411226139033822,0.3476293915547283,,,0.24566732747038122
6,711,CAFNet-DG,0.23514013340436937,0.3379841448267985,,,0.2394160248465098
6,711,Group-only,0.23090093659225186,0.17993148201117176,,,0.23608290021279862
6,711,Global gate,0.29387516790928286,0.4162845266329952,,,0.2984556669388576
6,711,Drug gate,0.21411517644514577,0.31691619230948354,,,0.21874508647539181
6,711,Drug-stratum gate,0.24939237439263423,0.3565964385966263,,,0.25468418165278073
6,727,CAFNet,0.3597758309391692,0.5174612499126158,,,0.3623156779089456
6,727,CAFNet-D,0.3844726323981842,0.513528549750033,,,0.38595376288138367
6,727,CAFNet-DG,0.40171286532752154,0.5224955967919311,,,0.4029359257299943
6,727,Group-only,0.2692650864640856,0.4409203293308675,,,0.2742676353598908
6,727,Global gate,0.30541402484779895,0.40995091484653434,,,0.3091795115071133
6,727,Drug gate,0.47503219057806173,0.6051399156371955,,,0.47985410201105355
6,727,Drug-stratum gate,0.3757674647644076,0.5384313152574521,,,0.37917440312224243
6,733,CAFNet,0.02976904424547934,0.0,,0.02345679012345679,0.03671416342857471
6,733,CAFNet-D,0.037528311536882034,0.0,,0.15357142857142858,0.035782943401214906
6,733,CAFNet-DG,0.0349602446561672,0.0,,0.06979405034324943,0.036225876341370956
6,733,Group-only,0.028679874191154357,0.0,,0.08187134502923976,0.03146480355201993
6,733,Global gate,0.04656698119217638,0.0,,0.09583333333333333,0.04847608539328503
6,733,Drug gate,0.03958300862106509,0.0,,0.13125,0.04109733695453134
6,733,Drug-stratum gate,0.03376424802510676,0.0,,0.04700854700854701,0.03622643844760214
6,741,CAFNet,0.5467449603092298,1.0,0.04689682209332578,0.05975431430287386,0.6499662786330127
6,741,CAFNet-D,0.557311972058775,1.0,0.2071269010505556,0.08792115935343751,0.6492412409473605
6,741,CAFNet-DG,0.5715814359203143,1.0,0.14370038286004103,0.08582959556388273,0.6674610466308001
6,741,Group-only,0.5288233527313021,1.0,0.07342850143356601,0.03187096436520441,0.6314320009429559
6,741,Global gate,0.5772685639218195,1.0,0.11450436738025657,0.027669769194849318,0.6952040007313408
6,741,Drug gate,0.4508715977234467,0.8572048559638626,0.031048506380002318,0.0172274548399877,0.5496263174919173
6,741,Drug-stratum gate,0.48773553671433173,1.0,0.06934169071645137,0.025601166810256308,0.5979150850571066
6,743,CAFNet,0.8083333333333333,0.9325720109418507,,,0.8083333333333331
6,743,CAFNet-D,0.8917233560090703,0.9652102434192421,,,0.8917233560090703
6,743,CAFNet-DG,0.9129251700680272,0.9731203984025376,,,0.9129251700680272
6,743,Group-only,0.6999717673630717,0.7524805433208905,,,0.6999717673630717
6,743,Global gate,0.8184523809523809,0.8735847991144784,,,0.8184523809523809
6,743,Drug gate,0.982142857142857,0.9950883841893562,,,0.982142857142857
6,743,Drug-stratum gate,0.9379251700680271,0.98037714746389,,,0.9379251700680271
7,30,CAFNet,0.29688794496975685,0.1794771050858174,,,0.30798461781645037
7,30,CAFNet-D,0.5940501109881007,0.8415908474314976,,,0.5975967278850478
7,30,CAFNet-DG,0.545775849050818,0.715550648768261,,,0.550023409495964
7,30,Group-only,0.6130431227100076,0.7753366239771086,,,0.6140696278167965
7,30,Global gate,0.5882199808710937,0.8415908474314976,,,0.5927184701002489
7,30,Drug gate,0.5908308961819487,0.9216017310213245,,,0.5997014985966044
7,30,Drug-stratum gate,0.5854709204206675,0.8414929602590189,,,0.5865737047529319
7,31,CAFNet,0.3119516419854636,0.7254521107352793,,0.023357636489154843,0.3824038829628816
7,31,CAFNet-D,0.308726572871747,0.5806020001118019,,0.017029923313531946,0.37023039570717925
7,31,CAFNet-DG,0.33568108331474494,0.6618313225363276,,0.01773129666094657,0.40365647622042244
7,31,Group-only,0.3265538722310062,0.6618313225363276,,0.02709471678697045,0.39195549083472864
7,31,Global gate,0.33715766858847185,0.6547216238913564,,0.020362488810845174,0.4022350939256694
7,31,Drug gate,0.2228190994953748,0.38824405276699103,,0.015112104411666818,0.26871662364918986
7,31,Drug-stratum gate,0.3415455851131266,0.7059054020403313,,0.01988516179201735,0.404575284276439
7,38,CAFNet,0.24278206766746335,0.5309999066793252,0.09920410710958144,0.04837631545971175,0.30816796031236504
7,38,CAFNet-D,0.18926902546186186,0.24573132854020638,0.04245495028395688,0.05104365712001435,0.25580782722505413
7,38,CAFNet-DG,0.23474831094329232,0.2895229882348575,0.16650676626698266,0.05261862594278441,0.29680184866721937
7,38,Group-only,0.20130448724347305,0.2934556883974403,0.026053499996190985,0.09119036806215194,0.2589313622311329
7,38,Global gate,0.2137805854189177,0.46785915648013915,0.08952782000814287,0.06521536542122469,0.26724292211861805
7,38,Drug gate,0.18387069897401384,0.2172607128522299,0.03071071330526637,0.04245730334549578,0.24050161624567779
7,38,Drug-stratum gate,0.17612509114988795,0.1100458831490401,0.020999105321945533,0.03777292170756965,0.2238090948770684
7,61,CAFNet,0.4990282388194739,0.914856882358379,0.012510058680011333,0.09784617684560556,0.6295362105570876
7,61,CAFNet-D,0.6110336608366185,1.0,0.03257625643604982,0.10546012019821596,0.7273325024394097
7,61,CAFNet-DG,0.6095938203966299,1.0,0.021129304520142934,0.09222844939450789,0.7266336832595568
7,61,Group-only,0.6010638826798382,0.9363792118010483,0.0526252103898467,0.08282431286899838,0.7237449849475107
7,61,Global gate,0.5482336574401004,1.0,0.017018608633000552,0.08683827927609705,0.6540225901717582
7,61,Drug gate,0.4650183725156342,0.6906478832608419,0.012084376575620793,0.07400345013419282,0.5787261508722793
7,61,Drug-stratum gate,0.6433848780329381,1.0,0.01766152803259901,0.12858931259446404,0.7639329236577682
7,63,CAFNet,0.2338658004805553,0.24738635904833414,,0.005076142131979695,0.2788235294117647
7,63,CAFNet-D,0.06772249068760697,0.0,,0.005263157894736842,0.07931893687707642
7,63,CAFNet-DG,0.12104243020978049,0.1008674711662712,,0.005076142131979695,0.1433641237989064
7,63,Group-only,0.05510617218229675,0.0,,0.005681818181818182,0.06405128205128205
7,63,Global gate,0.13710490230545408,0.1303237659103706,,0.005291005291005291,0.1626120071684588
7,63,Drug gate,0.11305997733836311,0.09546043308946738,,0.012987012987012988,0.13218360071301247
7,63,Drug-stratum gate,0.14265722709279546,0.107789154524511,,0.0055248618784530384,0.16912326803631153
7,77,CAFNet,0.5746570375249528,0.7720617383222416,,0.06663011418678563,0.638946380064259
7,77,CAFNet-D,0.5912368011205328,0.7951657524814092,,0.01590832122946535,0.6673413384232898
7,77,CAFNet-DG,0.6103663699874305,0.6901935063354876,,0.018152565299146745,0.6878283885686255
7,77,Group-only,0.5808682906793747,0.6691255538181726,,0.031325024651387784,0.6513276798754047
7,77,Global gate,0.37589293363466025,0.7167674835027338,,0.016560966359655413,0.42986448745786454
7,77,Drug gate,0.5060837176819089,0.6468562235661908,,0.02055632201556203,0.5682123612555938
7,77,Drug-stratum gate,0.5732011898902564,0.6749359875559983,,0.012746935311498103,0.6482493395948228
7,84,CAFNet,0.014110697267426368,0.0,0.011235955056179775,0.008619421562057954,0.024336355468430937
7,84,CAFNet-D,0.022631815909746535,0.0,0.00510204081632653,0.3482720178372352,0.03430318363904702
7,84,CAFNet-DG,0.01941625428008893,0.0,0.005714285714285714,0.033274579650956565,0.029662995034019767
7,84,Group-only,0.019550128743046437,0.0,0.006211180124223602,0.05087912087912087,0.027787027787027786
7,84,Global gate,0.019759473508673662,0.0,0.008771929824561403,0.028279490143896923,0.029803800389881393
7,84,Drug gate,0.021196726450007565,0.0,0.008849557522123894,0.1531986531986532,0.020915735071814923
7,84,Drug-stratum gate,0.020907633258139012,0.0,0.018518518518518517,0.1125097125097125,0.025669536225294942
7,99,CAFNet,0.18016479676462066,0.06362078819895167,,,0.18485070970679274
7,99,CAFNet-D,0.35051493061583805,0.3494867399516552,,,0.35084134872116224
7,99,CAFNet-DG,0.2913394219581728,0.3398414932237255,,,0.2920771419992485
7,99,Group-only,0.3197825448101255,0.5925846332364243,,,0.32151962229390285
7,99,Global gate,0.31181325255142023,0.3819603371583236,,,0.31733721266822357
7,99,Drug gate,0.3833202565224394,0.32730659600127,,,0.38533999219368437
7,99,Drug-stratum gate,0.15273088508408983,0.06362078819895167,,,0.16635954318071458
7,106,CAFNet,0.38892793683660254,1.0,0.12362382255554229,0.15975179265916528,0.5296676814602413
7,106,CAFNet-D,0.4696077580107701,1.0,0.14283481921957325,0.1426512359355801,0.5682150057493622
7,106,CAFNet-DG,0.4724460492049159,1.0,0.11137911994232565,0.15274294475720918,0.5715620693305408
7,106,Group-only,0.5795805389482599,1.0,0.3819574366778679,0.4765254137984569,0.6508549171909266
7,106,Global gate,0.4315626266816735,1.0,0.10259492688483773,0.21665487948296663,0.5581922532774227
7,106,Drug gate,0.37646141505754127,0.9363792118010483,0.12146796617269462,0.11077422093911064,0.5148757920377911
7,106,Drug-stratum gate,0.4185002213643655,1.0,0.08389874599033495,0.10810006838713086,0.529687055361446
7,124,CAFNet,0.4808601110197585,0.8701249883466594,0.02901261786475766,0.06430285755654047,0.5828586102925672
7,124,CAFNet-D,0.5670970421550152,1.0,0.017859125096743974,0.07308342919337092,0.6678333772287217
7,124,CAFNet-DG,0.5492205884277475,1.0,0.018791734738450527,0.0852609388295995,0.6463916900987985
7,124,Group-only,0.5646969465587279,1.0,0.03632100664644605,0.06500199602261775,0.6651833492169414
7,124,Global gate,0.5387387511782453,1.0,0.01857226349355275,0.05017339215446125,0.6613698445917058
7,124,Drug gate,0.5170419101915747,0.9216017310213245,0.02797690549134928,0.0412366040702195,0.6487854468600884
7,124,Drug-stratum gate,0.5407107396816625,1.0,0.02262886901463921,0.06403878327039064,0.6373320993264936
7,130,CAFNet,0.21375817468649952,0.49246059723271807,0.026338524797883248,0.018761335471907926,0.29952694661545937
7,130,CAFNet-D,0.34231428771741335,0.6489315753318465,0.05540940542384436,0.02352014255482584,0.4716359328064814
7,130,CAFNet-DG,0.30624374621568196,0.7125523635307982,0.04928565423360771,0.023100923114701015,0.4195047830667409
7,130,Group-only,0.3800067408376512,0.7819835854675755,0.045026259570415075,0.03036211984988939,0.5241908111657242
7,130,Global gate,0.36038611338089066,0.8006937664098821,0.03485672796790094,0.025929984742670963,0.49991289094561214
7,130,Drug gate,0.37744568232332704,0.933745776545611,0.03955641963961912,0.03164648080141038,0.5401027641711337
7,130,Drug-stratum gate,0.2685519673565549,0.6172839611614819,0.039825366698431716,0.021204073968491857,0.36779051340745955
7,147,CAFNet,0.6420788434653765,0.9363792118010483,0.1036764705882353,0.09583038548752836,0.6945843398069553
7,147,CAFNet-D,0.6175528410904677,0.9305687780632227,0.015297998180163785,0.12108102910985051,0.6604112711857346
7,147,CAFNet-DG,0.6599877201479343,0.933745776545611,0.018313953488372094,0.3574075463518741,0.7028871860531358
7,147,Group-only,0.607144432223527,0.8006937664098821,0.059653916211293255,0.13106180856180855,0.6501701987323382
7,147,Global gate,0.5992804117303351,0.9363792118010483,0.011046095056126104,0.0565049050950876,0.6478020115882708
7,147,Drug gate,0.6106505546412239,0.933745776545611,0.0237593984962406,0.09851289866491782,0.6522851318220033
7,147,Drug-stratum gate,0.6673442640194698,0.9363792118010483,0.01050420168067227,0.06994342206476482,0.7187044347534366
7,154,CAFNet,0.18771767766001493,0.30052609691860815,0.0032679738562091504,0.2576017433246258,0.21309227985295856
7,154,CAFNet-D,0.28478062159660117,0.4936790360674167,0.005952380952380952,0.0627658148120432,0.31071893973067255
7,154,CAFNet-DG,0.26001790689399795,0.4886446891881014,0.004784688995215311,0.2639321028345419,0.28108353807755165
7,154,Group-only,0.30894562130769493,0.6235744328990731,0.004651162790697674,0.14782272642703412,0.3357639669858132
7,154,Global gate,0.24624341390592752,0.5637884576902256,0.0036900369003690036,0.06468511273815819,0.28914158192668943
7,154,Drug gate,0.26919270194948514,0.5637884576902256,0.0036900369003690036,0.3034706807251202,0.2983471367597203
7,154,Drug-stratum gate,0.29339803838977513,0.5224955967919311,0.003367003367003367,0.030486349969248993,0.32521215897342387
7,158,CAFNet,0.5077858978099635,0.8611375561264455,0.0030959752321981426,0.01259479223874117,0.5623406447377863
7,158,CAFNet-D,0.5451768015838626,0.7799082337019198,0.02127659574468085,0.015309396485867073,0.5741798555189979
7,158,CAFNet-DG,0.5518675262078514,0.7799082337019198,0.010416666666666666,0.013665930081024421,0.5817902194113564
7,158,Group-only,0.5240305750601314,0.7799082337019198,0.007518796992481203,0.013138974032060406,0.5754081290669701
7,158,Global gate,0.5426139441887978,0.7421246259355072,0.006060606060606061,0.014147825559481006,0.5712294582006204
7,158,Drug gate,0.4562260765657522,0.5579780239524,0.008695652173913044,0.012082195817982398,0.48940958252574446
7,158,Drug-stratum gate,0.5547076235463131,0.7312625444731049,0.5,0.02653664302600473,0.5751612789273528
7,168,CAFNet,0.3012551172589088,0.5919268187287084,,0.0489327513951317,0.33365521870358456
7,168,CAFNet-D,0.4015397744666892,0.7385567757549499,,0.11259259259259259,0.4319540840309392
7,168,CAFNet-DG,0.3937817608487445,0.6870165078530993,,0.22008547008547008,0.41962080576410005
7,168,Group-only,0.356836845462486,0.6437684113853992,,0.155026455026455,0.38056990754064707
7,168,Global gate,0.3652887172163201,0.7264127302306636,,0.21464646464646464,0.3895783016182664
7,168,Drug gate,0.3067827502939344,0.5868924718493931,,0.03493481997232491,0.3395635096675301
7,168,Drug-stratum gate,0.37021643725317854,0.6652907408280685,,0.038146961063627735,0.40341167228910974
7,175,CAFNet,0.3014100268692472,0.2200917662980802,,0.009259259259259259,0.3261631008035213
7,175,CAFNet-D,0.22017313895255072,0.07839826897867538,,0.013157894736842105,0.23727978794823712
7,175,CAFNet-DG,0.24198963905222282,0.09478836436955075,,0.012987012987012988,0.26103230394758375
7,175,Group-only,0.23119608929344704,0.1585070397409811,,0.009615384615384616,0.2496710039590306
7,175,Global gate,0.22289441236387414,0.23690530871965648,,0.0196078431372549,0.24010988255543608
7,175,Drug gate,0.23882714778142067,0.22466337602289138,,0.008547008547008548,0.25878922807905685
7,175,Drug-stratum gate,0.24058529297633502,0.15840915256850244,,0.007462686567164179,0.26020738615225303
7,182,CAFNet,0.5860504631219289,0.6156886473955917,0.12373468592263752,0.3634109585982681,0.7805487220129982
7,182,CAFNet-D,0.7256579267390009,1.0,0.1512311258273971,0.35647233353377383,0.868116994894071
7,182,CAFNet-DG,0.7136648569343501,1.0,0.15233893392667175,0.36359235223381403,0.8478641823772158
7,182,Group-only,0.6402849937870296,1.0,0.12213157735367697,0.3150732980386937,0.7962851958402405
7,182,Global gate,0.6569670417743478,0.933745776545611,0.1074798513219739,0.3298150515418093,0.8056249866644987
7,182,Drug gate,0.655330431061248,1.0,0.13174260631426518,0.3384615863267684,0.8360633383336796
7,182,Drug-stratum gate,0.6845088610931898,1.0,0.1565750975364586,0.2630477089834803,0.8512993036898661
7,195,CAFNet,0.2067217746702255,0.23690530871965648,,,0.2139372382445198
7,195,CAFNet-D,0.2787779964582061,0.23992089480238074,,,0.2797425676068113
7,195,CAFNet-DG,0.3352206292469354,0.3718539573761157,,,0.33662484057860315
7,195,Group-only,0.25405495920758964,0.28481420121376444,,,0.25688943452536506
7,195,Global gate,0.2777002455858424,0.37259075411082276,,,0.28283214407251867
7,195,Drug gate,0.2878735324117179,0.3628869103342176,,,0.28831231447806804
7,195,Drug-stratum gate,0.23538457381461597,0.23690530871965648,,,0.24186343794186932
7,198,CAFNet,0.24565197671843608,0.428385432108412,,0.1111111111111111,0.2699634878269769
7,198,CAFNet-D,0.26255552197893095,0.5173633627401372,,0.04,0.2779028250480936
7,198,CAFNet-DG,0.2589932759787082,0.4373524791503101,,0.06666666666666667,0.27284091109389264
7,198,Group-only,0.3044534267790383,0.5330752584449809,,0.010869565217391304,0.322382950443183
7,198,Global gate,0.21761206255668586,0.48882922182497535,,0.007874015748031496,0.23790110492262384
7,198,Drug gate,0.25621118204576077,0.4885468020156227,,0.2,0.27152057631063553
7,198,Drug-stratum gate,0.2832909537611357,0.5965377185773229,,0.14285714285714285,0.2976695910394805
7,209,CAFNet,0.0734330322167181,0.15130120674940675,,,0.08052912850245501
7,209,CAFNet-D,0.022333498889687574,0.0,,,0.02635004826415674
7,209,CAFNet-DG,0.03163827342865171,0.08747171410140814,,,0.03597817066054771
7,209,Group-only,0.02685032705071312,0.0,,,0.029496306984551496
7,209,Global gate,0.046316470949938,0.0,,,0.059429018761628635
7,209,Drug gate,0.04519060448134855,0.09546043308946738,,,0.047526882717068696
7,209,Drug-stratum gate,0.03545819846247977,0.08747171410140814,,,0.03884674997276992
7,214,CAFNet,0.5862045800194845,0.9216017310213245,0.031163980243723452,0.058429920919769396,0.6648464304021736
7,214,CAFNet-D,0.6384113183834154,1.0,0.11679905791482616,0.21762330464739243,0.7103999437975991
7,214,CAFNet-DG,0.6376036389227048,0.9363792118010483,0.08997441040557182,0.08960675930682468,0.7105622348241483
7,214,Group-only,0.5648821639299367,1.0,0.03754398592014158,0.05682333539476397,0.6347640484129946
7,214,Global gate,0.6102447605131327,1.0,0.03466322486947399,0.1146203140891279,0.6827010339223618
7,214,Drug gate,0.6456321020518813,1.0,0.07374440664832294,0.08031907011224766,0.7263849214235348
7,214,Drug-stratum gate,0.6362518524277953,1.0,0.05604743516160583,0.20396686646686646,0.7081347122783782
7,236,CAFNet,0.013800554299477219,0.0,,0.005995483223401205,0.02094203227917801
7,236,CAFNet-D,0.06856694052747733,0.107789154524511,,0.026234567901234566,0.09507223942208462
7,236,CAFNet-DG,0.04337978519421159,0.0,,0.018709150326797385,0.059017502904364215
7,236,Group-only,0.08225728074434192,0.19888155774796895,,0.024540757749712976,0.11490314327485379
7,236,Global gate,0.055650716739298625,0.0,,0.265625,0.05363629426129426
7,236,Drug gate,0.09897938162356873,0.21252302622743094,,0.04673913043478261,0.13709795321637427
7,236,Drug-stratum gate,0.011938721483670176,0.0,,0.0063461731871668516,0.02011189980900253
7,241,CAFNet,0.46312569926245584,0.8115558478722845,0.03760032376661498,0.14051780251285573,0.5469011776063976
7,241,CAFNet-D,0.4826851844708824,0.9266360779006398,0.0211928663579607,0.07599070438771041,0.5750285095453855
7,241,CAFNet-DG,0.4896728257658276,0.914856882358379,0.022499503233787792,0.08167330235715843,0.5763148259136903
7,241,Group-only,0.4640752553140145,0.933745776545611,0.026597693087054786,0.06634321495046419,0.5507625762649869
7,241,Global gate,0.45708330796513247,0.7948833326720566,0.013155166924009665,0.12599423019969277,0.5469002355475563
7,241,Drug gate,0.5114187533340421,0.9216017310213245,0.010354081423115958,0.08439679407339903,0.600130729359427
7,241,Drug-stratum gate,0.5312839846308054,0.8630152897016883,0.011131589674079949,0.10392661565272374,0.6153360632108936
7,246,CAFNet,0.5755114430224506,1.0,0.09427609427609426,0.09479827249274371,0.6534352327364243
7,246,CAFNet-D,0.5180829905294774,0.933745776545611,0.00955672301076048,0.06635461371491524,0.6108714485852826
7,246,CAFNet-DG,0.5816877322536075,1.0,0.011725456782761007,0.06900076576574471,0.6729791027318678
7,246,Group-only,0.45126110000784714,1.0,0.008094310408285,0.05253654787492955,0.561951762000492
7,246,Global gate,0.43597966224073137,0.5677211578528084,0.009206514136475934,0.047211345273923705,0.5140891307567588
7,246,Drug gate,0.5470730679884606,0.8454256604216017,0.009415974500845716,0.08095996698355215,0.6286303250518062
7,246,Drug-stratum gate,0.5753018775973828,1.0,0.009733140922579304,0.14010786447451215,0.6518940765114934
7,274,CAFNet,0.41340849474681246,0.624232247406789,,,0.41849881600196953
7,274,CAFNet-D,0.5772541978383492,0.7975167679274938,,,0.5841098688997479
7,274,CAFNet-DG,0.5424908675704858,0.7312625444731049,,,0.5460045631340972
7,274,Group-only,0.5206548124200858,0.7975167679274938,,,0.5242343745205994
7,274,Global gate,0.5107200064693542,0.7655934900767002,,,0.5127210835784226
7,274,Drug gate,0.495610387860837,0.6809047493604335,,,0.4958737312414355
7,274,Drug-stratum gate,0.5428378738070173,0.7753366239771086,,,0.5438053569854043
7,281,CAFNet,0.4383748099921892,0.46081298306235335,,,0.4398996718706422
7,281,CAFNet-D,0.4446130881289295,0.4690000933206748,,,0.4446130881289295
7,281,CAFNet-DG,0.4932153547210365,0.4537425745411855,,,0.49346737085006886
7,281,Group-only,0.43725359668510855,0.4690000933206748,,,0.43754307417823346
7,281,Global gate,0.47435851706815413,0.6117952373568122,,,0.4747775513566595
7,281,Drug gate,0.45128960911400756,0.5326208815196265,,,0.45198140442982226
7,281,Drug-stratum gate,0.49248739071037967,0.6117952373568122,,,0.4928304438836215
7,286,CAFNet,0.12611245696799694,0.11838279295536289,,,0.12805393905714105
7,286,CAFNet-D,0.12242195327743499,0.11838279295536289,,,0.12258018112553627
7,286,CAFNet-DG,0.13538187279968888,0.11838279295536289,,,0.13538187279968888
7,286,Group-only,0.10806908578966827,0.10633668103022988,,,0.1088668275667915
7,286,Global gate,0.09090147680979599,0.11838279295536289,,,0.09090147680979599
7,286,Drug gate,0.11967984288707663,0.10633668103022988,,,0.11967984288707664
7,286,Drug-stratum gate,0.12317279212016052,0.11838279295536289,,,0.12381168810789372
7,295,CAFNet,0.5548686833126192,0.5509662124799076,,,0.5548686833126192
7,295,CAFNet-D,0.5778650516150516,0.49545888247018083,,,0.5778650516150516
7,295,CAFNet-DG,0.5856481481481481,0.5645252544249326,,,0.5856481481481481
7,295,Group-only,0.5701823666529549,0.5033242827953465,,,0.5701823666529549
7,295,Global gate,0.5692225021355456,0.5231737964779628,,,0.5692225021355456
7,295,Drug gate,0.5799548219537451,0.5670429581667767,,,0.579954821953745
7,295,Drug-stratum gate,0.6012703962703962,0.5321408435198609,,,0.6012703962703962
7,299,CAFNet,0.6714866027372317,1.0,0.15062734380491288,0.384759990946001,0.8369074108216601
7,299,CAFNet-D,0.722603971809781,1.0,0.17205131242868302,0.36266272980428776,0.8580442119698795
7,299,CAFNet-DG,0.7307483524190698,1.0,0.17898399167118256,0.39794263730985313,0.856354934298606
7,299,Group-only,0.6384645284950945,1.0,0.13414615239905212,0.3147337352224635,0.8130250081960959
7,299,Global gate,0.6577347274200266,1.0,0.11046396252444236,0.2819925912217814,0.8331529838999134
7,299,Drug gate,0.5953365556008943,0.9363792118010483,0.1273231880860977,0.32257469092101443,0.7895511073340042
7,299,Drug-stratum gate,0.5914775762699218,1.0,0.11803431847842938,0.2822065022191612,0.7971596362745088
7,301,CAFNet,0.3733469182450953,0.4288398090337664,,0.014285714285714285,0.40009911891037897
7,301,CAFNet-D,0.39461451829103866,0.4883491838252097,,0.015151515151515152,0.4228762515418449
7,301,CAFNet-DG,0.3983232592080802,0.5469356251448461,,0.016129032258064516,0.4261026529444772
7,301,Group-only,0.3956215829388456,0.473571703045486,,0.023255813953488372,0.4224424824324306
7,301,Global gate,0.37951549121584294,0.44903378752009243,,0.013157894736842105,0.4064964968464486
7,301,Drug gate,0.3787075587174543,0.4883491838252097,,0.010416666666666666,0.406170482131226
7,301,Drug-stratum gate,0.33143136414962554,0.4634464183177906,,0.009615384615384616,0.35270402895362624
7,313,CAFNet,0.10545993669567348,0.09791292534996787,,,0.10882425999907204
7,313,CAFNet-D,0.1149256933486793,0.13743816645714546,,,0.11661309545463207
7,313,CAFNet-DG,0.11658470160355391,0.11838279295536289,,,0.11793326729767409
7,313,Group-only,0.09134428341593966,0.10633668103022988,,,0.09554732737795618
7,313,Global gate,0.13067859209697977,0.21689524588991282,,,0.13090449571143759
7,313,Drug gate,0.09161515284083052,0.11838279295536289,,,0.09339198755036444
7,313,Drug-stratum gate,0.09748522988651634,0.09162544430476369,,,0.10003375215568051
7,342,CAFNet,0.5942780232547188,0.8364586133797036,,0.006306676120461246,0.6309013629365449
7,342,CAFNet-D,0.6581859270212527,0.9363792118010483,,0.005283591475167803,0.683877605030514
7,342,CAFNet-DG,0.6799958848798415,0.9363792118010483,,0.00523353741678475,0.7056987105488397
7,342,Group-only,0.5025766763265804,0.9363792118010483,,0.011361603149042762,0.5622979828326318
7,342,Global gate,0.6412110450971865,0.8701249883466594,,0.00909361401420761,0.665202284359805
7,342,Drug gate,0.5490119648272399,0.7859162856301584,,0.005000467880035559,0.5754779450513239
7,342,Drug-stratum gate,0.5679374040082348,0.8701249883466594,,0.0049141556688494965,0.5945973253283319
7,347,CAFNet,0.12540898862737943,0.27167749775971956,0.005952380952380952,,0.15605658001451317
7,347,CAFNet-D,0.24952587223008016,0.38356636737133554,0.018867924528301886,,0.30952038599182
7,347,CAFNet-DG,0.3496059229018331,0.5087403079104241,0.01639344262295082,,0.4347870597870597
7,347,Group-only,0.3169621476068613,0.4852285551163225,0.009259259259259259,,0.39505444646098004
7,347,Global gate,0.16559802376498944,0.32703966649239957,0.015873015873015872,,0.20734440928270043
7,347,Drug gate,0.2871595476678074,0.4703652827859579,0.017857142857142856,,0.3587931963364889
7,347,Drug-stratum gate,0.2445650871641334,0.38356636737133554,0.015625,,0.3043727106227106
7,363,CAFNet,0.39646841039776515,0.5077181160122074,,0.023809523809523808,0.42825227076954586
7,363,CAFNet-D,0.4901392877224632,0.7015099647232445,,0.0136986301369863,0.5203420044778406
7,363,CAFNet-DG,0.5184880585158405,0.6036081270984908,,0.022727272727272728,0.5498448256891341
7,363,Group-only,0.40471259839055995,0.4858136357422511,,0.0078125,0.4311499368862737
7,363,Global gate,0.5106349817036999,0.7191184989488184,,1.0,0.5323794741247571
7,363,Drug gate,0.21516906802029637,0.15840915256850244,,0.02702702702702703,0.2282402689109516
7,363,Drug-stratum gate,0.06656589187458714,0.0,,0.004405286343612335,0.09285917733154979
7,377,CAFNet,0.11805694935935812,0.08514311764162101,,0.006683718861209964,0.13507502477064517
7,377,CAFNet-D,0.16182927822826418,0.25206494032666715,,0.017800746482917025,0.17882803628379002
7,377,CAFNet-DG,0.17014702803158885,0.28351493630661884,,0.010914881297046902,0.18885878831365016
7,377,Group-only,0.1777785302201423,0.3101713436465379,,0.011544011544011544,0.1988651024379109
7,377,Global gate,0.16940709527528536,0.28634598975246917,,0.020244914082559747,0.18445835477590358
7,377,Drug gate,0.0775267218261169,0.0,,0.018698641623343955,0.09343010826597535
7,377,Drug-stratum gate,0.08415963192002382,0.13698471029831177,,0.019757988277557197,0.09400906910610606
7,393,CAFNet,0.5963416347262477,1.0,0.17875456560528402,0.3145317590950013,0.8099564022008077
7,393,CAFNet-D,0.6838757841339356,1.0,0.33933016369970503,0.3278857965921542,0.812836846139963
7,393,CAFNet-DG,0.6633371795107535,1.0,0.22365559962413198,0.3295501696546109,0.8174710910187557
7,393,Group-only,0.6482234037529204,1.0,0.17143752585993507,0.28417390208088233,0.8129004929269199
7,393,Global gate,0.6053944502463671,1.0,0.16708547234180027,0.26561467847576237,0.7774987595220053
7,393,Drug gate,0.5944109153766539,1.0,0.18114302570566793,0.26889021618067754,0.8040442850042053
7,393,Drug-stratum gate,0.5627457282275424,1.0,0.13445189272898087,0.22885702019205484,0.7361548289573299
7,395,CAFNet,0.4075288740431434,0.7967610662472993,0.02164194866468796,0.07208249360918631,0.4894603785339428
7,395,CAFNet-D,0.5436889057608189,1.0,0.03379035824856258,0.04240702376989619,0.6494159313218603
7,395,CAFNet-DG,0.5149604109842503,1.0,0.033114256825075836,0.048160208977587146,0.6134294818171359
7,395,Group-only,0.4711916673377845,0.9363792118010483,0.009886586298783107,0.07973696180879973,0.5582799862896702
7,395,Global gate,0.511894765076473,0.9363792118010483,0.0904936333507762,0.03822910070202307,0.6259795821126706
7,395,Drug gate,0.44484290460341347,0.933745776545611,0.026282544977033594,0.04147382178663461,0.5245576875488642
7,395,Drug-stratum gate,0.4668157491271334,0.8643145546088338,0.01206876854997893,0.08093380091586247,0.5521594705937897
7,402,CAFNet,0.508365548862576,1.0,0.012807692307692308,0.0702692350504507,0.6498993295796777
7,402,CAFNet-D,0.6447722594511884,1.0,0.20666666666666667,0.18625978894541745,0.703572947353305
7,402,CAFNet-DG,0.626876902335316,1.0,0.175,0.1529662101147711,0.6878501070906227
7,402,Group-only,0.48325206393964454,1.0,0.02689376961004034,0.08008684757440727,0.5983013190999564
7,402,Global gate,0.6947020333718301,1.0,0.047619047619047616,0.153380516361196,0.7624849890396137
7,402,Drug gate,0.699990891970298,1.0,0.05386178861788618,0.16994356766135557,0.7668437149198185
7,402,Drug-stratum gate,0.6868821821484422,1.0,0.27439024390243905,0.19257241396239846,0.7488984455463286
7,404,CAFNet,0.035709292785484716,0.0,,0.004291845493562232,0.053005909552466826
7,404,CAFNet-D,0.1792764115927972,0.20845080532622157,,0.005952380952380952,0.20094345682580975
7,404,CAFNet-DG,0.1252598526905878,0.20124768870643622,,0.005714285714285714,0.14506238653578124
7,404,Group-only,0.13507041592247696,0.20124768870643622,,0.0055248618784530384,0.1526746954587706
7,404,Global gate,0.28806836290832216,0.48117853363294066,,0.005376344086021506,0.3251132485595479
7,404,Drug gate,0.30166874382610137,0.4278934357480805,,0.0058823529411764705,0.33869571271173105
7,404,Drug-stratum gate,0.16639538632418946,0.2320221445693426,,0.006756756756756757,0.1855535162409951
7,416,CAFNet,0.26522702104097456,0.41774584760242595,,,0.26668945089997725
7,416,CAFNet-D,0.43401534526854224,0.529634717214042,,,0.43466566113624927
7,416,CAFNet-DG,0.42921218139688844,0.529634717214042,,,0.4299229014239635
7,416,Group-only,0.4441391941391941,0.529634717214042,,,0.4453071083505866
7,416,Global gate,0.25347239780868097,0.39032682911292027,,,0.2550356429997148
7,416,Drug gate,0.38722391084093205,0.5147714448836773,,,0.38915113871635604
7,416,Drug-stratum gate,0.3984649122807018,0.529634717214042,,,0.4013395638629283
7,417,CAFNet,0.3579278707734801,0.6025064803817581,0.5188679245283019,0.05439070275518873,0.41794804706028926
7,417,CAFNet-D,0.2949457996481257,0.6156886473955917,0.009349060725207515,0.04566137566137566,0.35053923269125437
7,417,CAFNet-DG,0.3278079384781568,0.5964984284535196,0.015316315205327414,0.0648392690409497,0.3865141964019395
7,417,Group-only,0.34332106534844037,0.6390097281865127,0.008527131782945736,0.02397869827305311,0.40865452763607063
7,417,Global gate,0.28523139673107795,0.6214990811334173,0.008559153998678123,0.008887073347857662,0.3412925234550924
7,417,Drug gate,0.42329525719669653,0.7529694065526481,0.038845726970033294,0.04024647858605136,0.5011231508157798
7,417,Drug-stratum gate,0.3684870359266563,0.5861163849908828,0.03851540616246499,0.11559541604384653,0.4308748140592963
7,426,CAFNet,0.08019894890170925,0.1100458831490401,,0.04464285714285714,0.09776006694099233
7,426,CAFNet-D,0.1574734667730167,0.3301376494471203,,0.023249164628474973,0.18626554769115583
7,426,CAFNet-DG,0.15492096535495126,0.3301376494471203,,0.025200616058316867,0.1828517492557271
7,426,Group-only,0.20404321911384135,0.3589542101716347,,0.17943966204367925,0.2344869629508657
7,426,Global gate,0.13619639954818732,0.22400556151517553,,0.024254537028259658,0.1617007174716962
7,426,Drug gate,0.1452909398760634,0.3301376494471203,,0.008695020833013949,0.18275545730671683
7,426,Drug-stratum gate,0.1542802645486764,0.31488013066763093,,0.010355842525627455,0.1873197425970714
7,434,CAFNet,0.5092910036354967,0.6678144472275096,,0.1,0.5721088435374149
7,434,CAFNet-D,0.4886989312770562,0.6057825067661952,,0.05555555555555555,0.5533182591218305
7,434,CAFNet-DG,0.5440978433710991,0.6949410105562137,,0.125,0.6146832495669705
7,434,Group-only,0.48212215773357076,0.5390031312763821,,0.07142857142857142,0.5449954255366626
7,434,Global gate,0.4409074889203954,0.5681450853316898,,0.14285714285714285,0.4958444247264123
7,434,Drug gate,0.4613276282778293,0.6442884260490733,,0.011111111111111112,0.5243993747215101
7,434,Drug-stratum gate,0.4742882117882118,0.5901779130901621,,0.05,0.5365491651205937
7,451,CAFNet,0.28604708975235993,0.5067837010870874,0.008174874045181213,0.20407239819004525,0.34108918003091027
7,451,CAFNet-D,0.30378359891533024,0.510069131458292,0.013624338624338624,0.07131519274376417,0.36126896468437464
7,451,CAFNet-DG,0.29718551392062936,0.4886446891881014,0.012878787878787878,0.15590689503732982,0.3443138972858335
7,451,Group-only,0.341841832184911,0.5618918191694954,0.00805949713716704,0.041432530799336044,0.4173331078939691
7,451,Global gate,0.23263534129794605,0.3340514446642156,0.013830532212885153,0.04361293622216448,0.31629098937355266
7,451,Drug gate,0.32061854131381606,0.5388856921828065,0.008653846153846154,0.06491935483870968,0.38554422493421603
7,451,Drug-stratum gate,0.3375666271137232,0.5795003533950693,0.1721014492753623,0.049259703881552624,0.402232018441354
7,461,CAFNet,0.32019068518347776,0.44173955623824734,,0.08068181818181819,0.33969161062258485
7,461,CAFNet-D,0.43692148796906843,0.866947989864271,,0.02069672131147541,0.46032129210923967
7,461,CAFNet-DG,0.4589319484333959,0.9305687780632227,,0.04038461538461539,0.4828420039420894
7,461,Group-only,0.4288670790788728,0.9363792118010483,,0.012014720738923367,0.4580991829471889
7,461,Global gate,0.3089798008032292,0.6366587127404281,,0.01191151446398185,0.33118431205797894
7,461,Drug gate,0.13712291995574521,0.0,,0.009522218509856331,0.16467118455553828
7,461,Drug-stratum gate,0.3302273666372423,0.7222954974312067,,0.007965142944503898,0.36076188442000195
7,482,CAFNet,0.27835888474858156,0.27426546945536817,0.014285714285714285,1.0,0.2921750013410934
7,482,CAFNet-D,0.3156490344152162,0.423676645087319,0.045454545454545456,0.1111111111111111,0.3473246730869626
7,482,CAFNet-DG,0.32499949271378237,0.3600558568883673,0.045454545454545456,1.0,0.34895439826812374
7,482,Group-only,0.28620896474662094,0.423676645087319,0.014492753623188406,0.08333333333333333,0.3156498388153586
7,482,Global gate,0.3040070916461661,0.43938854079216266,0.05,0.07692307692307693,0.367028496456269
7,482,Drug gate,0.2985507194159975,0.2984900352767556,0.008333333333333333,0.022222222222222223,0.33263981756781785
7,482,Drug-stratum gate,0.3325359251179612,0.3718539573761157,0.02631578947368421,0.125,0.3827657772137177
7,495,CAFNet,0.4862199863782437,0.9305687780632227,0.03784398635168853,0.015723189248231795,0.5975189819105714
7,495,CAFNet-D,0.5363949212025231,0.9266360779006398,0.02469281369490287,0.07223414577073115,0.6391248166071963
7,495,CAFNet-DG,0.5382434751028792,0.9266360779006398,0.028892699234434327,0.0539516129032258,0.6426735456073932
7,495,Group-only,0.4636633874264177,0.9266360779006398,0.030373818881393,0.023006437464629312,0.5600995183774177
7,495,Global gate,0.3932891734955802,0.8115558478722845,0.032389425308100864,0.032167461155120494,0.49875365012058653
7,495,Drug gate,0.525135151170426,1.0,0.03532254740039203,0.061899193028106925,0.6352860203097298
7,495,Drug-stratum gate,0.550007244253584,0.933745776545611,0.05970988730578182,0.02248268649779224,0.6640925496166471
7,506,CAFNet,0.17151608146066957,0.23680742154717782,0.022086466165413533,0.004901960784313725,0.20599697364898728
7,506,CAFNet-D,0.4243405135834914,0.7257345305446319,0.05669050051072523,0.09090909090909091,0.46513810611566686
7,506,CAFNet-DG,0.3646542012770489,0.6332971816211658,0.049798792756539235,0.025,0.4019489875697786
7,506,Group-only,0.36960210598578425,0.7027284035579431,0.006534325889164599,0.0045662100456621,0.41390155420147157
7,506,Global gate,0.32571482893204773,0.5022037311331264,0.005219342884730813,0.0037174721189591076,0.3650746711693752
7,506,Drug gate,0.3924369671864118,0.5727555047321238,0.08571428571428572,0.07692307692307693,0.4306616571515871
7,506,Drug-stratum gate,0.32230557591133707,0.6110191504983019,0.006208372539252043,0.0033333333333333335,0.3657674276823933
7,510,CAFNet,0.053602463174140934,0.1130534017578721,,0.005050505050505051,0.0652651696129957
7,510,CAFNet-D,0.03637606375489286,0.0,,0.005235602094240838,0.04366038045934508
7,510,CAFNet-DG,0.04496456111219287,0.09803928583135697,,0.004975124378109453,0.054252576390241086
7,510,Group-only,0.056257915880755065,0.1130534017578721,,0.009900990099009901,0.06731034665817275
7,510,Global gate,0.0551832497212932,0.09803928583135697,,0.013513513513513514,0.06797916000426393
7,510,Drug gate,0.04724906953822616,0.10699313236726382,,0.011235955056179775,0.062211816305469556
7,510,Drug-stratum gate,0.04835056621297722,0.10209739512291151,,0.013333333333333334,0.05721112542955326
7,511,CAFNet,0.26497407397580003,0.6975961695061491,0.01034729457052919,0.05653780660895903,0.39475193561053656
7,511,CAFNet-D,0.3757894375428761,0.8630152897016883,0.010928033670712203,0.024112582340952902,0.5733244094276859
7,511,CAFNet-DG,0.3738769048164451,0.8701249883466594,0.010480777674222745,0.025894843390782952,0.5683843945133876
7,511,Group-only,0.37245465371675396,0.9266360779006398,0.014797485559471694,0.037505549704325764,0.5647339250815329
7,511,Global gate,0.3483448058627477,0.8512360941594274,0.02611586720116924,0.03800126111050481,0.5510507027005824
7,511,Drug gate,0.49567899092484957,0.7967610662472993,0.2999202551834131,0.3225815431527735,0.6253788415765629
7,511,Drug-stratum gate,0.37334496787315613,0.9305687780632227,0.018448688263578067,0.026939814753290388,0.5586768230652228
7,523,CAFNet,0.5341316088149001,0.8572048559638626,0.021849297993390644,0.08352725147498045,0.6428864066959336
7,523,CAFNet-D,0.5482349445396687,0.8643145546088338,0.0490489061514747,0.10195445559908815,0.6487897241491158
7,523,CAFNet-DG,0.5615472132252847,1.0,0.04375505944593392,0.09333455095275682,0.6652055280043703
7,523,Group-only,0.5546926035176082,0.8572048559638626,0.23073296740853808,0.06268485945855531,0.6611452491271601
7,523,Global gate,0.47086919090713864,0.7510916729774054,0.044895514266959334,0.05238807946706679,0.5764875865777551
7,523,Drug gate,0.5964559270908474,0.8572048559638626,0.060070536800031424,0.09433387355963646,0.705956476992534
7,523,Drug-stratum gate,0.5802199108149136,0.8643145546088338,0.030293687473471297,0.17126280650819978,0.6854057318911374
7,531,CAFNet,0.29266761800422,0.4035015715464804,,0.022727272727272728,0.3148323982799004
7,531,CAFNet-D,0.3667158672555458,0.4690000933206748,,0.01694915254237288,0.3974323946245988
7,531,CAFNet-DG,0.34138797046242,0.4373524791503101,,0.02702702702702703,0.368931441883165
7,531,Group-only,0.2529086467540138,0.4152807670887413,,0.0196078431372549,0.2805652883999009
7,531,Global gate,0.3358389923553395,0.4690000933206748,,0.007142857142857143,0.36887328071182385
7,531,Drug gate,0.33207401507186807,0.4537425745411855,,0.038461538461538464,0.35815664250475054
7,531,Drug-stratum gate,0.34046748986479597,0.4690000933206748,,0.008928571428571428,0.36962700323024245
7,535,CAFNet,0.02422293750829761,0.0,0.018867924528301886,0.0037174721189591076,0.03037429285130649
7,535,CAFNet-D,0.029001282162450126,0.0,0.007518796992481203,0.0625,0.03425456488714671
7,535,CAFNet-DG,0.02802118971316065,0.0,0.009433962264150943,0.041666666666666664,0.03225878683758915
7,535,Group-only,0.019057129796021813,0.0,0.007692307692307693,0.012345679012345678,0.025539778043255967
7,535,Global gate,0.025320060916264077,0.0,0.007246376811594203,0.012345679012345678,0.033493105260269385
7,535,Drug gate,0.02801542752760739,0.06625422345438896,0.008620689655172414,0.03225806451612903,0.03583085454766933
7,535,Drug-stratum gate,0.031990616634043685,0.06362078819895167,0.004098360655737705,0.14285714285714285,0.03690222185122766
7,540,CAFNet,0.128677689350301,0.08514311764162101,0.0038910505836575876,0.016615824478481516,0.16531567692215104
7,540,CAFNet-D,0.18446831002400654,0.44988737637276555,0.004901960784313725,0.014329195570159426,0.22630074823039245
7,540,CAFNet-DG,0.18024506926761852,0.3557772116892465,0.004608294930875576,0.014742204813781162,0.2190827873309975
7,540,Group-only,0.20075032252868408,0.375767752593211,0.0136986301369863,0.026337514544868285,0.23568365469480046
7,540,Global gate,0.1693348769913482,0.3479118113640809,0.0036363636363636364,0.032834108724746666,0.1995296988093308
7,540,Drug gate,0.2510495916491179,0.49545888247018083,0.00546448087431694,0.047498873659301714,0.2898733246652825
7,540,Drug-stratum gate,0.17750222135004726,0.3967378179380473,0.005494505494505495,0.013785463505869894,0.2078394546541647
7,546,CAFNet,0.028980421592845623,0.0,,0.008752777139354937,0.045969986430481426
7,546,CAFNet-D,0.08654770424638467,0.12987501165334064,,0.024028361344537813,0.09420030906222365
7,546,CAFNet-DG,0.063655811578486,0.0,,0.01897601145721446,0.06942019921078986
7,546,Group-only,0.07582663133935998,0.0,,0.015008960573476702,0.08628723604686014
7,546,Global gate,0.12968263534129862,0.20483424751859086,,0.014648334214701218,0.14592628448559147
7,546,Drug gate,0.07571990090849758,0.13568544539116625,,0.013831417624521072,0.08819140781063081
7,546,Drug-stratum gate,0.06783319990842422,0.0,,0.03289473684210526,0.07277383407624882
7,559,CAFNet,0.4498676294475061,0.7510916729774054,,,0.45872788500091394
7,559,CAFNet-D,0.40519505701838326,0.52129606290272,,,0.40906124351665896
7,559,CAFNet-DG,0.40976410929608964,0.587550286357109,,,0.41340711023963456
7,559,Group-only,0.3993427790627505,0.5305455297539707,,,0.4006943650331922
7,559,Global gate,0.42981158907534517,0.608296528941268,,,0.43033541047719104
7,559,Drug gate,0.3509418177685927,0.4006705181006301,,,0.3577771228855774
7,559,Drug-stratum gate,0.374873958539868,0.596517333399007,,,0.3800133019289472
7,564,CAFNet,0.4945482737461619,0.606241562353928,0.023255813953488372,0.1444805194805195,0.5441012683127405
7,564,CAFNet-D,0.5582542300800911,0.9363792118010483,0.2121212121212121,0.1268016598368929,0.6101284264599748
7,564,CAFNet-DG,0.5945205607420788,0.9363792118010483,0.2934782608695652,0.19419545718037487,0.6416851891427663
7,564,Group-only,0.48544434342635173,1.0,0.010409906986805105,0.09462858126595242,0.5739151320918024
7,564,Global gate,0.4695212277186101,1.0,0.0152073732718894,0.055921969334734485,0.5552178991777141
7,564,Drug gate,0.5858303228852987,0.9363792118010483,0.05632411067193676,0.049227404996786954,0.6499351377100488
7,564,Drug-stratum gate,0.5555955269020021,1.0,0.0818452380952381,0.05172282344963674,0.6184094088590518
7,573,CAFNet,0.3214039424427649,0.30701473034246535,,,0.3223923018251051
7,573,CAFNet-D,0.335484730988474,0.4697368900553819,,,0.3381116778396743
7,573,CAFNet-DG,0.35700710756880594,0.46035860613699897,,,0.35815971017544174
7,573,Group-only,0.3201684699039907,0.37830330067616963,,,0.3224539948454649
7,573,Global gate,0.32665633464614235,0.4373524791503101,,,0.32815439666557394
7,573,Drug gate,0.32405435695711304,0.3125291152215463,,,0.3280962689467374
7,573,Drug-stratum gate,0.4199976747711577,0.5455206287241074,,,0.4238236344354798
7,605,CAFNet,0.36386255022597,0.5988751049740154,0.004524886877828055,0.7708333333333333,0.34593522947128336
7,605,CAFNet-D,0.37775017976229963,0.6871952210980248,0.0035842293906810036,0.17802401087284808,0.4393211412584091
7,605,CAFNet-DG,0.3974199976380694,0.5919268187287084,0.0035335689045936395,0.7708333333333333,0.4136420798088861
7,605,Group-only,0.303037681789287,0.5384313152574521,0.003367003367003367,0.18246268656716416,0.34499031892587606
7,605,Global gate,0.401796804930948,0.7125523635307982,0.0036363636363636364,0.3538934426229508,0.45097131802171936
7,605,Drug gate,0.3892117961345499,0.6969179698201174,0.003676470588235294,0.7138157894736842,0.42792857242508914
7,605,Drug-stratum gate,0.3098187746353704,0.5423640154200349,0.004739336492890996,0.25,0.3510955683476282
7,609,CAFNet,0.6798467712035554,1.0,0.17770956783251518,0.26496529103693733,0.830090604325656
7,609,CAFNet-D,0.7237313346480974,1.0,0.1343491391294978,0.4204355052313945,0.8502618595965377
7,609,CAFNet-DG,0.7191004333873005,1.0,0.16117371328918695,0.3415401438052667,0.8473499095956335
7,609,Group-only,0.6924318568793689,1.0,0.10834670064694073,0.347486718837305,0.8504200487247375
7,609,Global gate,0.679488051190198,1.0,0.12469303339866034,0.37239798459991313,0.8160194587657806
7,609,Drug gate,0.6748223166551129,1.0,0.12519857591884687,0.31294536030725806,0.8302458543181082
7,609,Drug-stratum gate,0.6961948897605927,1.0,0.15148356250456946,0.38707060373047397,0.8328659150232447
7,642,CAFNet,0.4185323390483342,0.4845713881969346,,,0.42185056709118207
7,642,CAFNet-D,0.43511515089400477,0.5008655546918772,,,0.4369643729213944
7,642,CAFNet-DG,0.4200947262311106,0.4845713881969346,,,0.4211557567039058
7,642,Group-only,0.40372563699380004,0.5008655546918772,,,0.4046540652512846
7,642,Global gate,0.4163377956384852,0.4845713881969346,,,0.41812937335501993
7,642,Drug gate,0.39790357997463616,0.4845713881969346,,,0.40036974574327205
7,642,Drug-stratum gate,0.33518959252454233,0.4742708106036133,,,0.34141866994234515
7,651,CAFNet,0.32882795726352565,0.6117952373568122,0.030841638981173865,0.021166548465715182,0.40179699597917207
7,651,CAFNet-D,0.37010045357545435,0.7791714369672127,0.03216696278675927,0.024397881834309982,0.4238033430215088
7,651,CAFNet-DG,0.38704983448552327,0.7778721720600672,0.041571537290715374,0.02545101404489198,0.44426896121833104
7,651,Group-only,0.35513686465474037,0.7624164915943118,0.050344291723602067,0.029376384512315005,0.4067298229787275
7,651,Global gate,0.3601299531759098,0.835780413693672,0.034367484367484366,0.02729473964822072,0.4250285114493428
7,651,Drug gate,0.4229910425492298,0.78180487222265,0.042512938189629916,0.09654685369179816,0.4881607141451272
7,651,Drug-stratum gate,0.368938084399602,0.6325414799409712,0.029292516838453957,0.026451989415235057,0.4242096245823527
7,662,CAFNet,0.36264003197269623,0.43808927588501717,0.010526315789473684,0.009823225693532861,0.41435194072046
7,662,CAFNet-D,0.4774837917259078,0.7695261902392829,0.015151515151515152,0.009413161465400272,0.5441852264914229
7,662,CAFNet-DG,0.47840951339479004,0.7453016244178956,0.015151515151515152,0.00817999330879893,0.5450544910729048
7,662,Group-only,0.5281077827492132,0.8268133666517739,0.011235955056179775,0.0066908342284282135,0.6056054599981118
7,662,Global gate,0.49947184878685646,0.8268133666517739,0.008333333333333333,0.011569751933849026,0.5706473819077887
7,662,Drug gate,0.5103005221411291,0.8414929602590189,0.010638297872340425,0.008823529411764706,0.5814412527570967
7,662,Drug-stratum gate,0.4974191199384226,0.7967610662472993,0.009615384615384616,0.011512297226582941,0.5679815184028773
7,667,CAFNet,0.24303267322871971,0.361879195385413,,0.016129032258064516,0.27560462251505596
7,667,CAFNet-D,0.3197868556564209,0.37941405415148577,,0.008333333333333333,0.3632357290742384
7,667,CAFNet-DG,0.2895446610917922,0.37941405415148577,,0.009615384615384616,0.3283107815075028
7,667,Group-only,0.18188270901624437,0.25744067176005675,,0.02564102564102564,0.2037988458914679
7,667,Global gate,0.15652745456315403,0.17096843307907034,,0.004878048780487805,0.17787554955241272
7,667,Drug gate,0.3480379266498587,0.4125317798925535,,0.029411764705882353,0.3935338245324952
7,667,Drug-stratum gate,0.2810847930748596,0.361879195385413,,0.05555555555555555,0.3165081417182258
7,670,CAFNet,0.5276724685089347,0.6462661152375239,,,0.5276724685089347
7,670,CAFNet-D,0.6267606757802836,0.7041249493150387,,,0.6269149967679379
7,670,CAFNet-DG,0.6354932121061153,0.7041249493150387,,,0.6354932121061153
7,670,Group-only,0.6389737713267125,0.7041249493150387,,,0.6389737713267125
7,670,Global gate,0.33285607894518227,0.5438717820017899,,,0.3371301616637174
7,670,Drug gate,0.4807912638739706,0.5355852974309776,,,0.48121143194119753
7,670,Drug-stratum gate,0.4081796354905598,0.5208740607055115,,,0.4088762299178044
7,688,CAFNet,0.10781019917848562,0.0,,,0.10781019917848562
7,688,CAFNet-D,0.18595959595959594,0.0,,,0.18595959595959594
7,688,CAFNet-DG,0.15234817813765184,0.0,,,0.1523481781376518
7,688,Group-only,0.15998925212718315,0.1130534017578721,,,0.15998925212718315
7,688,Global gate,0.10647228724609227,0.0,,,0.10647228724609227
7,688,Drug gate,0.09709584533113944,0.0,,,0.09709584533113945
7,688,Drug-stratum gate,0.06565525648186939,0.0,,,0.06565525648186939
7,696,CAFNet,0.15933540101787458,0.1100458831490401,0.0058823529411764705,,0.1808908938787502
7,696,CAFNet-D,0.2636523377465068,0.3340514446642156,0.00819672131147541,,0.2788889660825295
7,696,CAFNet-DG,0.23772210542756564,0.31204907722178066,0.007936507936507936,,0.25326943713219807
7,696,Group-only,0.23868903868803518,0.3693362536342715,0.0048543689320388345,,0.2562014862147945
7,696,Global gate,0.24920193278950725,0.4035015715464804,0.004878048780487805,,0.26894177621790993
7,696,Drug gate,0.1900755761468097,0.2972715964420569,0.005263157894736842,,0.21588412495074383
7,696,Drug-stratum gate,0.23674163736900028,0.39170347105873204,0.0045871559633027525,,0.2501113476692984
7,699,CAFNet,0.3798963597348051,0.6036081270984908,0.16666666666666666,0.0085204340528514,0.4426841025734935
7,699,CAFNet-D,0.5361988002328534,0.9363792118010483,0.006493506493506494,0.009123195134412425,0.632028683814465
7,699,CAFNet-DG,0.507276503063338,0.8553475075669357,0.009615384615384616,0.008526463177927553,0.5962257779334026
7,699,Group-only,0.571843960542932,0.8701249883466594,0.0043859649122807015,0.009346671131599135,0.6691995630739054
7,699,Global gate,0.5482892906822407,0.9363792118010483,0.006024096385542169,0.017206477732793525,0.6392552630150854
7,699,Drug gate,0.5561064437308455,0.8701249883466594,0.003663003663003663,0.012926839242628715,0.6516077662685112
7,699,Drug-stratum gate,0.5452852226462673,0.8482378089219645,0.006134969325153374,0.015840965096178602,0.6361618498561807
7,700,CAFNet,0.5622365912184484,0.9266360779006398,0.2020910596540883,0.1167366990113912,0.6522118715554541
7,700,CAFNet-D,0.6186660847905372,1.0,0.19045670869470302,0.09525589488588873,0.7053847425562014
7,700,CAFNet-DG,0.6298642307260336,1.0,0.23892148605259927,0.10028897115589118,0.7161614540725046
7,700,Group-only,0.5833999919024394,1.0,0.11578739130424119,0.0738227605111165,0.6793954807361727
7,700,Global gate,0.6116390529961298,1.0,0.2935822505530674,0.10315938684216075,0.7073444353399345
7,700,Drug gate,0.6255003374366144,1.0,0.1748814238487622,0.10253855282818286,0.7306081472532091
7,700,Drug-stratum gate,0.6057887611629136,1.0,0.09634508551229884,0.08843810667681792,0.7035866167791807
7,718,CAFNet,0.46339643939128095,0.6105858728157116,,0.038461538461538464,0.5500495321959273
7,718,CAFNet-D,0.502805776313239,0.6238470455881187,,1.0,0.586015037593985
7,718,CAFNet-DG,0.4977799227799227,0.6238470455881187,,0.5,0.58611437524481
7,718,Group-only,0.47773992750460215,0.6105858728157116,,1.0,0.5602444347446529
7,718,Global gate,0.4632402621533056,0.6013124342022591,,0.3333333333333333,0.5422519509476031
7,718,Drug gate,0.5423798483092007,0.6448244864271548,,0.06666666666666667,0.6420789605197401
7,718,Drug-stratum gate,0.5022686025408348,0.6238470455881187,,0.16666666666666666,0.5948275862068966
7,730,CAFNet,0.40032894736842106,0.5206888446176335,,,0.40064655172413793
7,730,CAFNet-D,0.4763505233174351,0.5757486269888311,,,0.4763505233174351
7,730,CAFNet-DG,0.5025126264427673,0.5824263271073694,,,0.5025126264427673
7,730,Group-only,0.40671009631922944,0.47726564878664623,,,0.40671009631922944
7,730,Global gate,0.44167595689334815,0.47726564878664623,,,0.4432022084195997
7,730,Drug gate,0.48080487942303357,0.5976116132276927,,,0.4814176245210728
7,730,Drug-stratum gate,0.4573440780605623,0.4883505467692416,,,0.45762093298858003
7,735,CAFNet,0.20976728048175053,0.3301376494471203,0.010602618197554908,0.1248636412361513,0.2728994647391613
7,735,CAFNet-D,0.1621390405474753,0.1388624438735545,0.14090909090909093,0.01637286324786325,0.20806406032682676
7,735,CAFNet-DG,0.16642577485876556,0.1388624438735545,0.13247863247863248,0.019391663624405312,0.2123638407116586
7,735,Group-only,0.14293537506643803,0.1100458831490401,0.02606951871657754,0.02005915612641762,0.18451818462810307
7,735,Global gate,0.1340089473801098,0.09478836436955075,0.625,0.011233892812840183,0.16500861417847365
7,735,Drug gate,0.13471129158496992,0.17366667134799177,0.625,0.014106753812636166,0.1640189345995982
7,735,Drug-stratum gate,0.15780473015261715,0.1388624438735545,0.03588516746411483,0.013998454578164725,0.2065547158037644
7,736,CAFNet,0.378116943439338,0.721801830382049,0.00717319538971441,0.025608505723146754,0.4344028472293871
7,736,CAFNet-D,0.3251499572391382,0.36865805394823986,0.02769177846577227,0.030460254221210396,0.37103409752555416
7,736,CAFNet-DG,0.3460845667523668,0.42631008034275625,0.025237346510931416,0.02149846513126958,0.39200033942713497
7,736,Group-only,0.42909043651800616,0.40346228142267715,0.02972423590716897,0.027658157602663706,0.4862919961731615
7,736,Global gate,0.2908892661818759,0.5017100640839689,0.013989446741626069,0.013843426077468631,0.35602380470278355
7,736,Drug gate,0.34839372398655255,0.39749351961824186,0.011001317523056654,0.012485299722386572,0.4089660702413454
7,736,Drug-stratum gate,0.4154763080661292,0.4673791184803735,0.011539468761690985,0.010340235801065294,0.47397363373583257
7,739,CAFNet,0.20716264203751575,0.2489083270225946,0.12832225913621262,0.11189185662784058,0.24432341735495375
7,739,CAFNet-D,0.23909616689472304,0.3635258198964459,0.04378858024691358,0.03926389065290203,0.285667759458646
7,739,CAFNet-DG,0.23181237090684373,0.30308203017988256,0.09381060116354233,0.08896555599457334,0.2743629669985822
7,739,Group-only,0.22740568911948128,0.22400556151517553,0.08571428571428572,0.03550439247528373,0.270580198143325
7,739,Global gate,0.23659398639292514,0.3479118113640809,0.47320261437908495,0.08547729853231709,0.26550361900152303
7,739,Drug gate,0.24418152268407392,0.39170347105873204,0.07238212107690019,0.04517497580738687,0.29144140865390417
7,739,Drug-stratum gate,0.24571677444707693,0.22400556151517553,0.05398265779391006,0.020903452008419924,0.2979127636546567
7,742,CAFNet,0.3828260830639858,0.7479350596733328,,0.01846000241378932,0.42324154803247155
7,742,CAFNet-D,0.38491938230987044,0.6911279212606076,,0.04287775716347145,0.4177508524464543
7,742,CAFNet-DG,0.40222840823941025,0.7058075148678526,,0.04671749439191299,0.43544885929578686
7,742,Group-only,0.35656649093492243,0.6331992944486871,,0.07204287926958507,0.38302824681878883
7,742,Global gate,0.2400658993455827,0.2844493512317389,,0.032602736460717006,0.26934444645742506
7,742,Drug gate,0.31858690348383245,0.5548010254700116,,0.07406380881990637,0.3496745379083374
7,742,Drug-stratum gate,0.3499385536020405,0.6804503724350792,,0.0359731467258349,0.37807928499863225
8,4,CAFNet,0.213381572226613,0.4288398090337664,0.07142857142857142,0.012369052126719677,0.2550686564063575
8,4,CAFNet-D,0.2722069844500848,0.4537425745411855,0.037037037037037035,0.035597826086956524,0.3150629463972938
8,4,CAFNet-DG,0.2661855368053425,0.4690000933206748,0.08333333333333333,0.02336300063572791,0.3114501218885758
8,4,Group-only,0.26879526010323573,0.4537425745411855,0.03333333333333333,0.10395256916996048,0.30974455508315607
8,4,Global gate,0.16713401811892212,0.3479118113640809,0.00819672131147541,0.020725699867836116,0.19763245132766682
8,4,Drug gate,0.22736952436923213,0.34369669139214537,0.010416666666666666,0.04772079772079772,0.26318606064411787
8,4,Drug-stratum gate,0.2626300928137714,0.4323181322709948,0.06666666666666667,0.25364963503649635,0.30018684323121403
8,5,CAFNet,0.014070234333421956,0.0,0.0034602076124567475,,0.02033816425120773
8,5,CAFNet-D,0.01511295563010814,0.0,0.008130081300813009,,0.01981403526241693
8,5,CAFNet-DG,0.015743870429461668,0.0,0.006493506493506494,,0.02035782590648529
8,5,Group-only,0.01349906106669613,0.0,0.0072992700729927005,,0.017641104158345536
8,5,Global gate,0.010295293370630702,0.0,0.004901960784313725,,0.014517258289438548
8,5,Drug gate,0.013922801256949665,0.0,0.0072992700729927005,,0.017739310732223103
8,5,Drug-stratum gate,0.00936148733052294,0.0,0.004081632653061225,,0.014067390594542505
8,8,CAFNet,0.38154077808563314,0.8415908474314976,0.3077129788450543,0.0293192711475955,0.49257499660603943
8,8,CAFNet-D,0.544145552116246,0.9266360779006398,0.021711269150680817,0.039470995567893005,0.6341276266001792
8,8,CAFNet-DG,0.508323594447479,0.9266360779006398,0.0371214205356552,0.03823905336253984,0.5911367644532798
8,8,Group-only,0.4698846786867334,0.9266360779006398,0.011452447642068257,0.02520218620403954,0.5582280279055067
8,8,Global gate,0.5849852992454283,0.9305687780632227,0.1138590744110126,0.04881037649893322,0.6759036251065437
8,8,Drug gate,0.5072071421693535,0.8603818544462509,0.01979435696006547,0.025117681765645345,0.6057516350901968
8,8,Drug-stratum gate,0.4889490995952175,0.8454256604216017,0.018045203865423076,0.02956853643306838,0.5901283868632389
8,13,CAFNet,0.3161470201199042,0.4066392799050655,0.03352837691228813,0.07178972412878018,0.4124557010017895
8,13,CAFNet-D,0.39748338210797884,0.793584067764911,0.029825744415937182,0.202579535140164,0.4928897744081167
8,13,CAFNet-DG,0.38514118149590065,0.7222954974312067,0.03112036825793099,0.15632020730356316,0.4816190705408378
8,13,Group-only,0.367680600495156,0.7846170207230129,0.023607536354190335,0.042460915528737125,0.47805389271835175
8,13,Global gate,0.3878931996845505,0.791726719367984,0.021009069797671243,0.0808624522802239,0.4988906053702523
8,13,Drug gate,0.3166479180579851,0.6300426811446145,0.022608222987812898,0.04934449427717141,0.41117560162209793
8,13,Drug-stratum gate,0.37531800978990915,0.793584067764911,0.025531887859309092,0.12240925699346668,0.4818660995320813
8,28,CAFNet,0.549888854493863,1.0,0.052435335836462246,,0.6024880222741659
8,28,CAFNet-D,0.577467322793828,1.0,0.029572324212221064,,0.6306602414236007
8,28,CAFNet-DG,0.591526831081577,1.0,0.04816370992841581,,0.6415908373215565
8,28,Group-only,0.5710540900098663,1.0,0.06810872497147007,,0.618795741609978
8,28,Global gate,0.5644898337860649,0.9363792118010483,0.014882371055306907,,0.6180295154802735
8,28,Drug gate,0.5964387257399733,1.0,0.023538330211876825,,0.645995725675524
8,28,Drug-stratum gate,0.5913923805910697,1.0,0.025376587396560853,,0.6414748455680827
8,32,CAFNet,0.2983680747988613,0.42631008034275625,0.16666666666666666,0.0065964241628370885,0.3327909236692862
8,32,CAFNet-D,0.48958719086121544,1.0,0.045454545454545456,0.00891843152806469,0.5390611489585557
8,32,CAFNet-DG,0.4809559605837608,1.0,0.1111111111111111,0.008211463423406416,0.5281988448947151
8,32,Group-only,0.5350980335934228,1.0,0.1,0.011212670180061484,0.5856687702956759
8,32,Global gate,0.5058137339273523,0.933745776545611,0.00909090909090909,0.01325604715435224,0.5549102995496262
8,32,Drug gate,0.5030782250256444,0.9363792118010483,0.011363636363636364,0.009580967287905261,0.5604080619829971
8,32,Drug-stratum gate,0.49601800999129314,0.933745776545611,0.5,0.01139807197356571,0.5429416319490807
8,33,CAFNet,0.2524547849089333,0.20483424751859086,,0.00425531914893617,0.2747409497947358
8,33,CAFNet-D,0.44465499965808436,0.5619107241149829,,0.005076142131979695,0.48458713688906047
8,33,CAFNet-DG,0.4257055933405258,0.46664232174566644,,0.005128205128205128,0.46332174805106363
8,33,Group-only,0.4302460732591357,0.5579780239524,,0.004166666666666667,0.47189758391023784
8,33,Global gate,0.5148183143723163,0.6547216238913564,,0.005952380952380952,0.5616239067086525
8,33,Drug gate,0.3688148020795841,0.47293279348325773,,0.004048582995951417,0.4043047930259716
8,33,Drug-stratum gate,0.48382841530068327,0.6717589890736099,,0.0035971223021582736,0.5272038455734108
8,44,CAFNet,0.2255937668956266,0.31877046341367893,,1.0,0.2397886790320683
8,44,CAFNet-D,0.2924886849212793,0.38334277998463445,,0.03333333333333333,0.3250240838919389
8,44,CAFNet-DG,0.30413238089098055,0.38334277998463445,,1.0,0.33360947244178357
8,44,Group-only,0.2807199569729206,0.38334277998463445,,0.025,0.31220053242312595
8,44,Global gate,0.24568492753303994,0.3362741576267856,,1.0,0.26487118800091747
8,44,Drug gate,0.219957028298119,0.3525683241217281,,0.013333333333333334,0.2461127602246811
8,44,Drug-stratum gate,0.21920918504292145,0.3525683241217281,,0.0072992700729927005,0.24648352100001267
8,74,CAFNet,0.299158344584219,0.17318663334822615,0.55,0.04,0.36270082828435235
8,74,CAFNet-D,0.507291454258258,0.8389574121760602,0.020297897196261683,0.025,0.5802378834547647
8,74,CAFNet-DG,0.5502471013991108,0.8263333286520083,0.04471153846153846,0.04,0.628888726383385
8,74,Group-only,0.5572585831732785,0.9052116356304493,0.05498533724340176,0.006756756756756757,0.6383710978670157
8,74,Global gate,0.5435843768060651,0.8364586133797036,0.5151515151515151,0.011363636363636364,0.6165691846711034
8,74,Drug gate,0.5102561423290412,0.8611375561264455,0.11559139784946236,0.041666666666666664,0.5770830665942437
8,74,Drug-stratum gate,0.4691877450345212,0.7799082337019198,0.06335282651072124,0.011764705882352941,0.533044607996392
8,78,CAFNet,0.3592555804820223,0.6316243658611127,0.07218565921778972,0.04533230787475138,0.42779130696080375
8,78,CAFNet-D,0.44758655930686575,0.544221363816962,0.03786863005188758,0.03968746111067359,0.5481834009023175
8,78,CAFNet-DG,0.45029610977168816,0.47215670662474735,0.04244199474872579,0.056223275671479014,0.5309118345427868
8,78,Group-only,0.470347428534093,0.47890155528769296,0.04394381864671841,0.044845397529538325,0.5679037256691535
8,78,Global gate,0.4215150091695587,0.5270672065167423,0.03772526774937951,0.11696975111745711,0.5274808741464652
8,78,Drug gate,0.4874208142275257,0.6117748521784964,0.056766682180285466,0.04455699093484303,0.5654786056316008
8,78,Drug-stratum gate,0.4701040066087519,0.6620158551732015,0.05893112320062345,0.05457642330363926,0.5747104964105914
8,87,CAFNet,0.38971043175781245,0.7000949683025057,0.050130481258723554,0.1638476546006293,0.4921585360333576
8,87,CAFNet-D,0.45325648163098037,1.0,0.062249582446975024,0.17329767427555196,0.552563470743664
8,87,CAFNet-DG,0.455122732667888,0.9216017310213245,0.05852600319532585,0.17621577151165999,0.555500914555805
8,87,Group-only,0.47361347037527024,1.0,0.06174011466652658,0.15885710235495337,0.5801007167785539
8,87,Global gate,0.5453737470428454,1.0,0.09031074019002142,0.2498488798003647,0.6532796709016478
8,87,Drug gate,0.47587023533680006,0.84860265890399,0.0729875997114244,0.13136562863948903,0.5834093193541563
8,87,Drug-stratum gate,0.46944078145499035,1.0,0.05056218265577178,0.137612620093406,0.5878947123479544
8,100,CAFNet,0.046297652079744844,0.06625422345438896,0.010869565217391304,0.06440430029957818,0.05730779279449949
8,100,CAFNet-D,0.0642572969534161,0.1100458831490401,0.013888888888888888,0.024354613640327927,0.0918394974510725
8,100,CAFNet-DG,0.06831525570792452,0.1100458831490401,0.014492753623188406,0.03296727651510954,0.09498214535919683
8,100,Group-only,0.08601127329398381,0.20248323207250618,0.029411764705882353,0.03462748544715758,0.12243770392031923
8,100,Global gate,0.06342835606805967,0.07839826897867538,0.012658227848101266,0.026509636636218914,0.08841871743150004
8,100,Drug gate,0.07661288135989511,0.16421958630632805,0.022727272727272728,0.03432539682539682,0.10798782930249974
8,100,Drug-stratum gate,0.12359832352380956,0.2200917662980802,0.004048582995951417,0.015018319344492912,0.1860413247412533
8,104,CAFNet,0.532607204732448,0.727329844310522,0.01282051282051282,,0.5609689240468491
8,104,CAFNet-D,0.5064171223622177,0.6898286563534621,0.0033112582781456954,,0.5329596177219023
8,104,CAFNet-DG,0.5082119974363861,0.6136525857537392,0.0037735849056603774,,0.5342802539274909
8,104,Group-only,0.473250648844298,0.6300426811446145,0.0033444816053511705,,0.4991715891012093
8,104,Global gate,0.4172113077563544,0.576323354912681,0.0035460992907801418,,0.4396191249923289
8,104,Drug gate,0.4500789568365899,0.5637884576902256,0.0038022813688212928,,0.4731469554698807
8,104,Drug-stratum gate,0.4806315285100477,0.6683063269107927,0.010869565217391304,,0.506435975981148
8,113,CAFNet,0.10166437260816323,0.0,0.079004329004329,,0.2206378031438564
8,113,CAFNet-D,0.17437040834423997,0.23690530871965648,0.06832611832611832,,0.25956744689462613
8,113,CAFNet-DG,0.16548904550522867,0.23690530871965648,0.10077789388134216,,0.3096734420263832
8,113,Group-only,0.1754650818911751,0.2583297509898471,0.13232323232323231,,0.23578358638141245
8,113,Global gate,0.0652350393448388,0.0,0.06545688545688545,,0.1726980829691777
8,113,Drug gate,0.061068388965835156,0.0,0.03854808245052148,,0.08324666956861988
8,113,Drug-stratum gate,0.13055106656391263,0.21801641453242443,0.034602434602434604,,0.18357632730774887
8,120,CAFNet,0.2910487822592066,0.3567480358963706,,,0.299700935645982
8,120,CAFNet-D,0.3310035499702646,0.48955814659400376,,,0.3330233459369148
8,120,CAFNet-DG,0.3090349723116624,0.4825458856047934,,,0.31177302538932494
8,120,Group-only,0.29547213033684033,0.46657351689331567,,,0.300557368189663
8,120,Global gate,0.4544238740456759,0.5716213154129577,,,0.4588753561921776
8,120,Drug gate,0.32266847226405826,0.4675529428227898,,,0.3242496485115227
8,120,Drug-stratum gate,0.3417665618590732,0.4717528440092104,,,0.34558661872504115
8,133,CAFNet,0.34784262560182294,0.4522136070314882,,,0.3485479823948007
8,133,CAFNet-D,0.15690565098332088,0.26687965254220064,,,0.15822412155745488
8,133,CAFNet-DG,0.23796195652173915,0.34519134224686926,,,0.23916387959866225
8,133,Group-only,0.14881153264841496,0.24425847927021388,,,0.1496930342384888
8,133,Global gate,0.30482735142495865,0.3391602052736161,,,0.3055233494363929
8,133,Drug gate,0.20158457458812906,0.31564845247951445,,,0.20243183027400902
8,133,Drug-stratum gate,0.24547562866581274,0.34519134224686926,,,0.24600732600732603
8,136,CAFNet,0.30818432464332074,0.3430427114200249,,,0.30937088274044794
8,136,CAFNet-D,0.3572272880783519,0.4559549757235409,,,0.35722728807835186
8,136,CAFNet-DG,0.437012398833051,0.5480207959622193,,,0.437012398833051
8,136,Group-only,0.39072225747709965,0.4519792040377808,,,0.39072225747709965
8,136,Global gate,0.35090838047999173,0.4519792040377808,,,0.35090838047999173
8,136,Drug gate,0.36479764752791066,0.4519792040377808,,,0.36479764752791066
8,136,Drug-stratum gate,0.5096697573260074,0.6004833831800817,,,0.5096697573260074
8,138,CAFNet,0.31839619689355103,0.37960256558331523,,,0.32354590839333475
8,138,CAFNet-D,0.7012086211546374,0.7967610662472993,,,0.7074414095009819
8,138,CAFNet-DG,0.6225582922355515,0.7631925784528222,,,0.6265596479993749
8,138,Group-only,0.7092374712534413,0.8006937664098821,,,0.7137903788054845
8,138,Global gate,0.6904772590663193,0.7849818707050383,,,0.6911909482538833
8,138,Drug gate,0.7104310736082745,0.7967610662472993,,,0.7132807484611607
8,138,Drug-stratum gate,0.655874683389789,0.7682269253321374,,,0.658079622653659
8,156,CAFNet,0.3583774622286596,0.5676818677290052,0.003134796238244514,0.00991380343539812,0.40334240525283555
8,156,CAFNet-D,0.45310204751621275,1.0,0.0034602076124567475,0.01210204243571281,0.5157796662344024
8,156,CAFNet-DG,0.450078680549585,0.8364586133797036,0.003205128205128205,0.011711904100910445,0.5033857581073818
8,156,Group-only,0.46920567398168783,0.933745776545611,0.0033003300330033004,0.05115122972265829,0.526222239178198
8,156,Global gate,0.5363839485904635,0.9363792118010483,0.0031446540880503146,0.05117860431686993,0.5843095020123336
8,156,Drug gate,0.5543900013739215,0.8603818544462509,0.005847953216374269,0.02417027417027417,0.6091848409734133
8,156,Drug-stratum gate,0.5983941148162608,0.9363792118010483,0.004291845493562232,0.013059227768403712,0.6548058958356365
8,161,CAFNet,0.23674567386957956,0.1478294909154527,,,0.24498818019368632
8,161,CAFNet-D,0.30011514643721615,0.38820476264318776,,,0.30410163884969366
8,161,CAFNet-DG,0.3067680311032092,0.3316936730892072,,,0.3105222020866692
8,161,Group-only,0.2568716007311798,0.3398414932237255,,,0.2628986050280892
8,161,Global gate,0.2999204200540305,0.4569970750177367,,,0.3051756371308775
8,161,Drug gate,0.17693030810800567,0.3679212572135329,,,0.18726158191019118
8,161,Drug-stratum gate,0.27077558949325947,0.47338717040861206,,,0.28203864343030177
8,164,CAFNet,0.15003616650305773,0.2489083270225946,0.04542302357836338,0.2,0.190745838840103
8,164,CAFNet-D,0.1309658488336846,0.20483424751859086,0.04592363261093911,0.14285714285714285,0.1569635976496663
8,164,CAFNet-DG,0.15213805806117459,0.20483424751859086,0.05333333333333333,0.2,0.1753483349974411
8,164,Group-only,0.15009924853976356,0.17993148201117176,0.10795454545454546,0.14285714285714285,0.18238215759801762
8,164,Global gate,0.2763980220279398,0.24618570546556073,0.31666666666666665,1.0,0.28549001772869903
8,164,Drug gate,0.2856942893215651,0.17993148201117176,0.11805555555555555,1.0,0.2942255112005535
8,164,Drug-stratum gate,0.1984389198317302,0.17993148201117176,0.6428571428571428,0.25,0.20912321645499402
8,177,CAFNet,0.20511028653885796,0.19305050952434966,,,0.2072136733481271
8,177,CAFNet-D,0.4595673371297375,0.6134433136321192,,,0.46462954551189845
8,177,CAFNet-DG,0.4719557823129251,0.6101543717595667,,,0.4740586504872219
8,177,Group-only,0.7038690476190476,0.7709363892380909,,,0.7045155993431855
8,177,Global gate,0.5417966439697597,0.6223227366315629,,,0.5424434570677249
8,177,Drug gate,0.7013988095238096,0.7899917627398736,,,0.7025599029420686
8,177,Drug-stratum gate,0.7254069355980185,0.8020378746650065,,,0.7267676767676768
8,178,CAFNet,0.08058760562995625,0.07945707943276738,,0.004878048780487805,0.09349376114081998
8,178,CAFNet-D,0.09395402826033573,0.20424960638019773,,0.0051813471502590676,0.10974092762376632
8,178,CAFNet-DG,0.10117216760122702,0.20424960638019773,,0.005050505050505051,0.11754962082652326
8,178,Group-only,0.0551455684507637,0.08274602130531994,,0.004807692307692308,0.06673477130446065
8,178,Global gate,0.08285328928247106,0.07945707943276738,,0.008771929824561403,0.09402861176258193
8,178,Drug gate,0.08546899381730504,0.0,,0.023255813953488372,0.09489288948107075
8,178,Drug-stratum gate,0.06670814005425701,0.0,,0.024390243902439025,0.07756181551432496
8,185,CAFNet,0.44444644119813803,0.6156886473955917,0.011734288553833145,0.12957222417336076,0.5300977993963176
8,185,CAFNet-D,0.45970385094425187,0.914856882358379,0.009060099930407097,0.07716549535104548,0.5499021308604114
8,185,CAFNet-DG,0.4906066453945701,0.914856882358379,0.010097837841541352,0.1330239242670334,0.5834256895972301
8,185,Group-only,0.5090202116816642,0.8603818544462509,0.00953695301472071,0.14020835939486823,0.6060373292108239
8,185,Global gate,0.5181110936859958,0.9266360779006398,0.007309086339048176,0.0977530931160222,0.6085775896482825
8,185,Drug gate,0.5501744486683613,1.0,0.019742854769026257,0.1708473497225122,0.6485270408944892
8,185,Drug-stratum gate,0.4905774936616679,1.0,0.010469229012714562,0.06870042548681664,0.5846506694265445
8,194,CAFNet,0.3602500765541713,0.5774250016294136,0.015150529285276208,0.05976635901730266,0.4543698420004145
8,194,CAFNet-D,0.3522746378310017,0.8521705090845473,0.017185649874597746,0.03463318446933484,0.4377329552083751
8,194,CAFNet-DG,0.37846333384172776,0.7682269253321374,0.015497723007624083,0.04543612778515478,0.456240879147192
8,194,Group-only,0.3679405931601427,0.7007731679885374,0.016016249152284695,0.04636191304726086,0.449808782284431
8,194,Global gate,0.4782287310494819,0.8553475075669357,0.04372804829694435,0.09004004147077609,0.5655872079510413
8,194,Drug gate,0.4030623132056,0.933745776545611,0.026753461668355287,0.04193610868936522,0.47714150534329813
8,194,Drug-stratum gate,0.41595344202454,0.791726719367984,0.018559115966244828,0.032585497135987476,0.4958089820981408
8,199,CAFNet,0.20143751796582263,0.32806229768146455,0.11730769230769231,0.022457898822179474,0.24465995966318585
8,199,CAFNet-D,0.18771349297422601,0.2618080742270756,0.009282320217604412,0.01046263090849833,0.2330442579772553
8,199,CAFNet-DG,0.2008747977189509,0.38775038571783343,0.01114824307195783,0.011471519211532305,0.24929248658876607
8,199,Group-only,0.22277433917750403,0.30887207873939243,0.10980392156862746,0.013083527733892247,0.27233427608442823
8,199,Global gate,0.1948592822161839,0.3101713436465379,0.009178597569901917,0.027741254047224197,0.2385211266149634
8,199,Drug gate,0.21953227061957667,0.4977962688668735,0.007110458162238098,0.0837037037037037,0.26880701348434155
8,199,Drug-stratum gate,0.2634028849890035,0.5711601909662336,0.022081439900204936,0.1436106088004822,0.31540576994333747
8,208,CAFNet,0.15167934198887464,0.23365080824310527,,0.010091324200913243,0.17806464952984905
8,208,CAFNet-D,0.2458573489904564,0.46001266110046096,,0.01655805293257082,0.28031575969670813
8,208,CAFNet-DG,0.22761192735515007,0.3301376494471203,,0.01648754274548119,0.2581551592850674
8,208,Group-only,0.28935780748356477,0.5769706247040591,,0.019657808518383692,0.3281602238363609
8,208,Global gate,0.29565248564156243,0.5919268187287084,,0.009842331581462017,0.344917476952912
8,208,Drug gate,0.24342240064134904,0.3589542101716347,,0.01054618676063428,0.2782754525967569
8,208,Drug-stratum gate,0.24570960691257562,0.3301376494471203,,0.02230392156862745,0.2759059489666314
8,215,CAFNet,0.48156789987518217,0.6620158551732015,0.02052785923753666,0.07345990547144116,0.5231144225342713
8,215,CAFNet-D,0.6429848459071159,0.9266360779006398,0.0059375,0.02393976678194555,0.7032003505425872
8,215,CAFNet-DG,0.6338764585054406,0.9266360779006398,0.006602457944739824,0.05709150326797385,0.6902539968074106
8,215,Group-only,0.6318993052537712,0.9266360779006398,0.00729665071770335,0.021628019737029748,0.6917780368107707
8,215,Global gate,0.6434042820529092,0.9266360779006398,0.009344248738939883,0.17656223982492447,0.7017036429259973
8,215,Drug gate,0.6456726334500938,1.0,0.005257328990228013,0.35086911476919536,0.6997394575148244
8,215,Drug-stratum gate,0.4583283278691738,0.866947989864271,0.01332492643968054,0.012063209122032651,0.5335555905802982
8,216,CAFNet,0.37836246119702727,0.4016049330257502,,,0.3854172428177877
8,216,CAFNet-D,0.42655902932923057,0.7027284035579431,,,0.4298094714723497
8,216,CAFNet-DG,0.4145456849218454,0.5368103404171507,,,0.4174495566051791
8,216,Group-only,0.32890098308393323,0.6293644814585829,,,0.3436878564273032
8,216,Global gate,0.3134333500293249,0.5670429581667767,,,0.32671444732414723
8,216,Drug gate,0.360364516380267,0.46662341680017894,,,0.36497005736992355
8,216,Drug-stratum gate,0.3377194710322006,0.5494344239412028,,,0.3453989131406859
8,233,CAFNet,0.32283004466928955,0.1794771050858174,,,0.32283004466928955
8,233,CAFNet-D,0.41902793759380985,0.45763598457996507,,,0.41902793759380985
8,233,CAFNet-DG,0.44315915565915565,0.38820476264318776,,,0.44315915565915565
8,233,Group-only,0.4141010828694698,0.3940151963810134,,,0.4141010828694699
8,233,Global gate,0.48104420426510863,0.3979478965435962,,,0.48104420426510863
8,233,Drug gate,0.5111760355669651,0.5184650094568697,,,0.5111760355669651
8,233,Drug-stratum gate,0.47618987766046594,0.4486689375380669,,,0.4761898776604659
8,235,CAFNet,0.6462442059131679,0.793584067764911,,,0.6480730072396739
8,235,CAFNet-D,0.685198429060498,0.7564477297898765,,,0.685198429060498
8,235,CAFNet-DG,0.7431811823765846,0.8364586133797036,,,0.7431811823765846
8,235,Group-only,0.5506183221606107,0.6691255538181726,,,0.5506183221606107
8,235,Global gate,0.8103369899022073,0.8482378089219645,,,0.8103369899022073
8,235,Drug gate,0.8715857975300699,0.9305687780632227,,,0.8715857975300699
8,235,Drug-stratum gate,0.7265583378945448,0.8389574121760602,,,0.7265583378945448
8,239,CAFNet,0.3064296780886028,0.3012042966046398,0.008969595269487395,0.05281496292802933,0.3516686047220596
8,239,CAFNet-D,0.3931305812615513,0.41939799988819815,0.012570588690338053,0.06067478374888971,0.44039929717274245
8,239,CAFNet-DG,0.37253369629231625,0.41939799988819815,0.011858797573083286,0.05316232023305028,0.4171725780203733
8,239,Group-only,0.36844536689795415,0.4283650469300962,0.00914179104477612,0.04178080994675995,0.4248687636510591
8,239,Global gate,0.24922947543229476,0.375767752593211,0.017365967365967364,0.04206292695968779,0.3048958050877047
8,239,Drug gate,0.40010330148906564,0.4315420454124846,0.008477557337835936,0.06289768937224574,0.45523061906435225
8,239,Drug-stratum gate,0.2966956809378102,0.41939799988819815,0.015626856803327392,0.05725987892758048,0.3447730914809742
8,260,CAFNet,0.12603194896495903,0.2200917662980802,,0.008643707606363208,0.15568285522448538
8,260,CAFNet-D,0.15847237773011147,0.3589542101716347,,0.008689346921372479,0.18661732761509173
8,260,CAFNet-DG,0.1450895866168988,0.31488013066763093,,0.008198678155594675,0.1708320962289944
8,260,Group-only,0.14942576618812836,0.3301376494471203,,0.011120827979466723,0.17550585455348694
8,260,Global gate,0.1475846635530899,0.3301376494471203,,0.01256429844665139,0.17397219534111402
8,260,Drug gate,0.14751652080563066,0.3301376494471203,,0.014149566232899565,0.17250271419719365
8,260,Drug-stratum gate,0.16746321226559366,0.3301376494471203,,0.015936626676674767,0.19558222592041433
8,267,CAFNet,0.22012216335867063,0.20829366581033182,,,0.22299520400030634
8,267,CAFNet-D,0.4980142834847997,0.604685538711841,,,0.4984654113043487
8,267,CAFNet-DG,0.48158594825841755,0.5352543167750637,,,0.48199119328692935
8,267,Group-only,0.45799464495862446,0.49435723575344837,,,0.45799464495862435
8,267,Global gate,0.41638221983383844,0.5199967979955744,,,0.4173628979376395
8,267,Drug gate,0.4035942046076626,0.4537425745411855,,,0.4038720595673736
8,267,Drug-stratum gate,0.5236149049512554,0.6683063269107927,,,0.5238412773338247
8,275,CAFNet,0.24733271523538092,0.0,0.02128188980510237,0.08957659048662214,0.2936718096086903
8,275,CAFNet-D,0.2651912231422282,0.32730659600127,0.01587348360297382,0.07526257455672847,0.3118385987955061
8,275,CAFNet-DG,0.2723577504803421,0.3340514446642156,0.016632518706504746,0.0793760167733344,0.3112221967021451
8,275,Group-only,0.25598532580412614,0.32730659600127,0.016042477493415103,0.08364674002901513,0.3048359917506783
8,275,Global gate,0.22807636629757388,0.4074153667635757,0.012444730672921166,0.07849918625177814,0.2952971795904959
8,275,Drug gate,0.22519644514632822,0.3340514446642156,0.011316648652943986,0.0536433090370183,0.30203917172186556
8,275,Drug-stratum gate,0.2574320515664198,0.4035015715464804,0.016901754022474604,0.09883996053521926,0.3292574641953918
8,279,CAFNet,0.13053617247803706,0.27819816961795096,,0.010443115760000222,0.16571441535233958
8,279,CAFNet-D,0.23591895286608977,0.5017493542077721,,0.02217672796328751,0.2654131001292488
8,279,CAFNet-DG,0.2083324855767464,0.4323181322709948,,0.02005606381503082,0.23468322470651012
8,279,Group-only,0.21741433232289886,0.44803002797583863,,0.04091927680162974,0.26017673360432303
8,279,Global gate,0.235995139211301,0.37644595227924266,,0.023904932506359347,0.2596159055176031
8,279,Drug gate,0.2071986053299307,0.45449827622138,,0.011999727504789903,0.24324994274577916
8,279,Drug-stratum gate,0.2506412764375979,0.44006674047819433,,0.01813522129756138,0.27517899873581064
8,320,CAFNet,0.12978490660446235,0.2618080742270756,,0.125,0.13768341487916907
8,320,CAFNet-D,0.1269717985638754,0.14201905717762706,,0.1111111111111111,0.13232247398304528
8,320,CAFNet-DG,0.1324877465585057,0.23758350840568815,,0.16666666666666666,0.13721189285457458
8,320,Group-only,0.14568670877423648,0.21408371436984164,,0.16666666666666666,0.15197097202865484
8,320,Global gate,0.13197782381015916,0.22476126319537007,,0.021739130434782608,0.1432672997100096
8,320,Drug gate,0.1098230857549023,0.08514311764162101,,0.5,0.11366455205147095
8,320,Drug-stratum gate,0.11205792828137663,0.23047380976071702,,0.027777777777777776,0.1217432896218272
8,323,CAFNet,0.28913149350649353,0.3391602052736161,,,0.28963552576455803
8,323,CAFNet-D,0.36226315789473695,0.4852285551163225,,,0.36332911392405065
8,323,CAFNet-DG,0.3541322951198828,0.4852285551163225,,,0.35439194545742825
8,323,Group-only,0.3690356744704571,0.4852285551163225,,,0.3691290277191501
8,323,Global gate,0.20400087584014015,0.30078518014914984,,,0.20400087584014015
8,323,Drug gate,0.25423002784322124,0.36005461457723387,,,0.25466264735436117
8,323,Drug-stratum gate,0.2674467827769714,0.36005461457723387,,,0.2695416425679584
8,328,CAFNet,0.11328603655613344,0.20641593223508908,0.00625,,0.13141257741779602
8,328,CAFNet-D,0.1924995606500063,0.20248323207250618,0.006024096385542169,,0.20699815064575813
8,328,CAFNet-DG,0.1581121580628448,0.15840915256850244,0.006493506493506494,,0.17079791068437128
8,328,Group-only,0.15142781365492594,0.22784037450527975,0.0058823529411764705,,0.17227463427479853
8,328,Global gate,0.15041601369959373,0.16421958630632805,0.004524886877828055,,0.1629049439467574
8,328,Drug gate,0.15940185601423648,0.17630010660342907,0.003424657534246575,,0.1707981613463495
8,328,Drug-stratum gate,0.2595944259059749,0.34996677795142084,0.010416666666666666,,0.2767525304421994
8,350,CAFNet,0.5537928258843384,0.9052116356304493,0.10991704234136485,0.35039412056152397,0.7055804340200521
8,350,CAFNet-D,0.5191705032185979,1.0,0.13828910366791283,0.23890767322842552,0.6829113682446171
8,350,CAFNet-DG,0.567708762223511,1.0,0.1302229062311811,0.3510426630697169,0.7206645336659263
8,350,Group-only,0.532486794910293,1.0,0.17974046998248838,0.3030283370244742,0.6936841085497576
8,350,Global gate,0.5736001820879089,1.0,0.12859618380483057,0.23121392350117165,0.731671406029855
8,350,Drug gate,0.5728939797020178,1.0,0.15699165634453027,0.19478971234207393,0.7495031015563803
8,350,Drug-stratum gate,0.5359896581743432,1.0,0.10009699958864215,0.20804309888049702,0.6968187421597266
8,376,CAFNet,0.3920862546067164,0.6772733739526908,0.1858974358974359,,0.42348219483492305
8,376,CAFNet-D,0.4386546795645192,0.7353797772725615,0.04627659574468085,,0.46402508927589636
8,376,CAFNet-DG,0.43586287151227016,0.6461194268314838,0.06346153846153846,,0.45995405816464385
8,376,Group-only,0.44661718033333675,0.7385567757549499,0.15833333333333333,,0.4699134780130629
8,376,Global gate,0.3779195635237101,0.6285108926059099,0.04060150375939849,,0.40035588982842085
8,376,Drug gate,0.4137737788968315,0.6253338941235215,0.75,,0.43415962340379066
8,376,Drug-stratum gate,0.36880530545608975,0.4883491838252097,0.2037037037037037,,0.3942533687679623
8,379,CAFNet,0.16265173954475354,0.1478294909154527,0.1,0.10798020118978766,0.23229796995845495
8,379,CAFNet-D,0.20750617421585543,0.3468533046962179,0.09090909090909091,0.2202960021155525,0.24462879426470951
8,379,CAFNet-DG,0.2692299709022775,0.5473983622993502,0.125,0.23565209665955933,0.3192659144011207
8,379,Group-only,0.2070781138980675,0.2899773651602119,1.0,0.24852873115790583,0.2292122572310596
8,379,Global gate,0.17466044014453735,0.2583297509898471,0.16666666666666666,0.20994251816169623,0.19845190430195658
8,379,Drug gate,0.11937727392404418,0.0,0.05263157894736842,0.09502902834752643,0.17640316767927172
8,379,Drug-stratum gate,0.16191401274080564,0.2394408568026151,0.05263157894736842,0.058216085595863595,0.1962651250900523
8,389,CAFNet,0.31021794180368434,0.34181895781690264,,,0.3399441447774297
8,389,CAFNet-D,0.5842750926393296,0.7151857987862356,,,0.5858495000569938
8,389,CAFNet-DG,0.5136555330321791,0.7573821447149965,,,0.5164830514837895
8,389,Group-only,0.42317666439962176,0.7034066032439746,,,0.42613032457812533
8,389,Global gate,0.4818493816047925,0.6719377023185354,,,0.48410948715027996
8,389,Drug gate,0.5083047614179625,0.7859162856301584,,,0.5118443885442355
8,389,Drug-stratum gate,0.4782063981208337,0.6987957033953601,,,0.4808838931231295
8,390,CAFNet,0.3349221197871621,0.6848374495230164,,0.011168526435842836,0.3989049224717633
8,390,CAFNet-D,0.41490774532820585,0.8364586133797036,,0.017616915999661253,0.46360004157014273
8,390,CAFNet-DG,0.4176974154667447,0.8048109992093389,,0.016261632879195964,0.46686940769583696
8,390,Group-only,0.3759643177550951,0.78180487222265,,0.022014140516465414,0.4489758099813937
8,390,Global gate,0.4741061522782809,0.8630152897016883,,0.022281018128744376,0.5211108198503381
8,390,Drug gate,0.4256385461644019,0.7753366239771086,,0.032596240596862947,0.4795983176619078
8,390,Drug-stratum gate,0.49769153672716826,0.8572048559638626,,0.023688657207454198,0.5570999858731224
8,392,CAFNet,0.2713856729083857,0.3787833386759353,0.07692307692307693,0.5,0.3004347001046831
8,392,CAFNet-D,0.28482306488049647,0.3589542101716347,0.03333333333333333,0.01694915254237288,0.33944239595727743
8,392,CAFNet-DG,0.26901341305317666,0.393758437646072,0.037037037037037035,0.02631578947368421,0.3180246645979814
8,392,Group-only,0.2757001458402416,0.3589542101716347,0.02127659574468085,0.03333333333333333,0.326628716442958
8,392,Global gate,0.2208925068411782,0.31488013066763093,0.017857142857142856,0.05,0.2586871853261198
8,392,Drug gate,0.2271727482926863,0.23365080824310527,0.03125,0.125,0.26100067780918845
8,392,Drug-stratum gate,0.22767390080044464,0.23365080824310527,0.013513513513513514,0.14285714285714285,0.2625596469697593
8,397,CAFNet,0.4933610190223072,0.7753366239771086,0.031368654200165075,0.13438235762274695,0.5948876016097383
8,397,CAFNet-D,0.4293141949514895,0.7467045958894681,0.021116395993980307,0.11874313851867146,0.564044534715813
8,397,CAFNet-DG,0.45159045799599756,0.7534494445524138,0.02133675890984414,0.11965226989436348,0.5729532174882563
8,397,Group-only,0.4199271083869941,0.7467045958894681,0.023418289302993663,0.12520288616635072,0.5564929882821179
8,397,Global gate,0.46383633114166367,0.7257345305446319,0.025553484794120465,0.11233177378041675,0.5782845667860137
8,397,Drug gate,0.49346145467463265,0.7467045958894681,0.036425616663555704,0.15436940270095303,0.6046698008308709
8,397,Drug-stratum gate,0.4489989254802763,0.7264127302306636,0.0337550528608892,0.12510450214729418,0.5797254819657973
8,398,CAFNet,0.10038319170414114,0.1175227747072427,,,0.10682014581847094
8,398,CAFNet-D,0.12218447296173654,0.192156638831279,,,0.1261946320529215
8,398,CAFNet-DG,0.13131369289326564,0.192156638831279,,,0.13398610765047728
8,398,Group-only,0.1524941203022416,0.192156638831279,,,0.1541788236098235
8,398,Global gate,0.14499887987070625,0.192156638831279,,,0.14659788829007833
8,398,Drug gate,0.135952238712918,0.192156638831279,,,0.1366335771591175
8,398,Drug-stratum gate,0.2115113203664165,0.26582000527739175,,,0.21709216310077956
8,419,CAFNet,0.6467652835791143,0.914856882358379,0.21162456355456338,0.2583121863118367,0.7374636532982508
8,419,CAFNet-D,0.7222009786227879,1.0,0.20811279699806956,0.3417487915112413,0.8265701182702002
8,419,CAFNet-DG,0.7162521269686549,1.0,0.20805760848677274,0.3216603992524068,0.8175794808606837
8,419,Group-only,0.7031220162796619,1.0,0.16258887853031598,0.26636001039668145,0.8155533303891563
8,419,Global gate,0.7088203607441366,1.0,0.17961634510670277,0.3228825290480999,0.8128296504172187
8,419,Drug gate,0.7085512645137588,1.0,0.21198476966789834,0.27056204783583115,0.8241444275628441
8,419,Drug-stratum gate,0.6602739151685663,1.0,0.1259386432818483,0.16046424722233046,0.7808713414440225
8,422,CAFNet,0.11680626319991173,0.1585070397409811,,0.020379338175948343,0.15139601196324676
8,422,CAFNet-D,0.1187850453115208,0.17993148201117176,,0.0129957805907173,0.13393625868481399
8,422,CAFNet-DG,0.1359506611042813,0.16815228646891087,,0.014661654135338344,0.1536165977349022
8,422,Group-only,0.13309420064004915,0.1951890007906611,,0.013300118223273096,0.15282930186726457
8,422,Global gate,0.1317542423473543,0.17993148201117176,,0.017692750287686996,0.14670205281633084
8,422,Drug gate,0.18658365801006258,0.20483424751859086,,0.010494505494505495,0.2051354207050164
8,422,Drug-stratum gate,0.14501614504531732,0.22400556151517553,,0.026153846153846153,0.16162213660838418
8,435,CAFNet,0.2684869499913049,0.29922683201146266,,,0.35404842699575384
8,435,CAFNet-D,0.311009678574007,0.5103515512676446,,,0.33291618644869225
8,435,CAFNet-DG,0.329019942888956,0.4920062203073637,,,0.3672792039160447
8,435,Group-only,0.3159630875758366,0.513528549750033,,,0.3267883294830293
8,435,Global gate,0.3250735302739896,0.5067837010870874,,,0.33735149458542213
8,435,Drug gate,0.31261727689057256,0.47890155528769296,,,0.32389469567760043
8,435,Drug-stratum gate,0.3336212942532322,0.5384109300791363,,,0.34725767905835614
8,445,CAFNet,0.5099963160947829,1.0,0.017866635110793047,0.02587903648651208,0.5800686843689439
8,445,CAFNet-D,0.6820837063870243,1.0,0.009237269952893782,0.03447413607040936,0.7553292636036244
8,445,CAFNet-DG,0.669050476472861,1.0,0.009796414765358865,0.0646048662308156,0.7373591629604531
8,445,Group-only,0.37100786288306875,1.0,0.010129445564749269,0.021462351707019666,0.5410243135543902
8,445,Global gate,0.6635859324670986,1.0,0.09181765890135174,0.039891180389277824,0.7265060322699384
8,445,Drug gate,0.599472802615906,0.9266360779006398,0.011701937061315684,0.013283314346835398,0.6689025856803904
8,445,Drug-stratum gate,0.46702216939357205,0.627507133061656,0.008246521834922681,0.01739626945870321,0.5715649159501012
8,469,CAFNet,0.0446978430771813,0.0,,,0.07482807737182837
8,469,CAFNet-D,0.1625242346987664,0.23365080824310527,,,0.17332188887600364
8,469,CAFNet-DG,0.1161912743925646,0.20483424751859086,,,0.13424292236193316
8,469,Group-only,0.14670547395137556,0.2972715964420569,,,0.16612008738981562
8,469,Global gate,0.04860778619582068,0.0,,,0.08261503341481058
8,469,Drug gate,0.08691321593481721,0.17318663334822615,,,0.11373317032053093
8,469,Drug-stratum gate,0.07573635085961805,0.15176219107803549,,,0.09372279157504235
8,470,CAFNet,0.6371056121394393,0.791726719367984,,0.0056179775280898875,0.6673361145020679
8,470,CAFNet-D,0.614750114993981,0.8454256604216017,,0.009009009009009009,0.6437409856085089
8,470,CAFNet-DG,0.6515433096056678,0.8572048559638626,,0.00909090909090909,0.6816480458102898
8,470,Group-only,0.6492371470943489,0.8579809428223729,,0.01818181818181818,0.6775812282200822
8,470,Global gate,0.708370416878515,0.9363792118010483,,0.014084507042253521,0.7405611693613772
8,470,Drug gate,0.6502706450573928,0.8643145546088338,,0.006896551724137931,0.6822905903663117
8,470,Drug-stratum gate,0.6165716953337319,0.933745776545611,,0.0055248618784530384,0.6467707971208999
8,479,CAFNet,0.5824564119812312,0.933745776545611,0.007183761120768995,0.03922108034457914,0.6886044835170689
8,479,CAFNet-D,0.547459813950028,0.7759944384848245,0.010870849580527,0.05560495400396878,0.6408353521933458
8,479,CAFNet-DG,0.5703736046240203,0.835780413693672,0.009878707476546953,0.05402709608274522,0.6686586151675372
8,479,Group-only,0.4873378175709067,0.7510916729774054,0.005836753305973552,0.03583674786345604,0.5741825666813676
8,479,Global gate,0.583860136377464,0.8200685179888283,0.03306878306878307,0.10081200057792217,0.6791526708877824
8,479,Drug gate,0.5205062696302152,0.6947651160602988,0.012612288896873877,0.039352798723761385,0.6110842514060886
8,479,Drug-stratum gate,0.4534829507126649,0.7951657524814092,0.007183064121390113,0.027357566103053486,0.5371735010866312
8,488,CAFNet,0.2786625108465876,0.7183627972686238,0.018619389305737727,0.04461663608104491,0.3995306627251792
8,488,CAFNet-D,0.3747377352555146,0.7222954974312067,0.011285214604886922,0.06953697154612487,0.5108650149651746
8,488,CAFNet-DG,0.36458001004142304,0.7222954974312067,0.01111319080676967,0.07419912229984803,0.49719264841949884
8,488,Group-only,0.2937705012521451,0.7791714369672127,0.008037420461709506,0.04284075807638108,0.4158903724996959
8,488,Global gate,0.37769729764606746,0.791726719367984,0.010943253705268089,0.20649631237240024,0.5001802400568655
8,488,Drug gate,0.2999400047874897,0.7655934900767002,0.009550668583134577,0.11614277447990329,0.40481920350783734
8,488,Drug-stratum gate,0.3683891744191635,0.791726719367984,0.010864398441368885,0.07858333807150637,0.5002328729032093
8,489,CAFNet,0.45540095927759316,0.9216017310213245,0.1771315474918095,0.1992080871202645,0.5450315283890329
8,489,CAFNet-D,0.345932175320388,0.8701249883466594,0.029021679238675373,0.03277686364500715,0.42933752961792554
8,489,CAFNet-DG,0.4011151351307955,1.0,0.033070536257413394,0.0377767842523243,0.4889990181553253
8,489,Group-only,0.38832597772226285,0.933745776545611,0.03960629564579443,0.06561802166914113,0.4741719916846608
8,489,Global gate,0.4227956831047376,0.9363792118010483,0.030757338308529846,0.05238224221036553,0.5205202423902058
8,489,Drug gate,0.4601300943557972,0.9305687780632227,0.05318087472388165,0.12792929410728077,0.538143777173144
8,489,Drug-stratum gate,0.3820970331805615,0.793584067764911,0.05582042945704943,0.18983060140454888,0.45131301851282274
8,496,CAFNet,0.34863045819218164,0.3882251478215036,,0.044896777655398346,0.37192888758464
8,496,CAFNet-D,0.4241379282011282,0.6274092458891772,,0.08392040538870349,0.45024823813514103
8,496,CAFNet-DG,0.43924273550270676,0.6772733739526908,,0.13654970760233917,0.46286545330866635
8,496,Group-only,0.3699058575478763,0.7034066032439746,,0.17637562374404478,0.3941525901846123
8,496,Global gate,0.3582256622439266,0.6840182226156365,,0.02901407476570875,0.38775594692267185
8,496,Drug gate,0.4164804436991037,0.7573821447149965,,0.35181063416357533,0.43843912927121714
8,496,Drug-stratum gate,0.3702236479741277,0.6117952373568122,,0.07350472993591699,0.4118918187395536
8,497,CAFNet,0.31657280174996033,0.617585285916322,0.004048582995951417,0.020195100384152995,0.36401429643826627
8,497,CAFNet-D,0.3684684920268215,0.7753366239771086,0.0035087719298245615,0.024911184206884568,0.4251415345287992
8,497,CAFNet-DG,0.3696430644660564,0.7849818707050383,0.003472222222222222,0.02125329348858284,0.4233540489079148
8,497,Group-only,0.3658391442722232,0.7600791051976192,0.006493506493506494,0.030417319348024306,0.4173950010509742
8,497,Global gate,0.35217728650603436,0.8165901947515998,0.004201680672268907,0.02238889882771944,0.4009409129195286
8,497,Drug gate,0.35999744636544667,0.7721596254947203,0.0035211267605633804,0.020212990096707628,0.4130695197727165
8,497,Drug-stratum gate,0.387189976670012,0.7849818707050383,0.004,0.025936261394257143,0.44784816205060785
8,533,CAFNet,0.03071868363022735,0.0,,,0.03457601461538873
8,533,CAFNet-D,0.03784762683407569,0.0,,,0.04005386910160136
8,533,CAFNet-DG,0.03606530018746366,0.0,,,0.03817105629542312
8,533,Group-only,0.055636880997287905,0.0,,,0.056746599076735564
8,533,Global gate,0.03292290032395622,0.0,,,0.0353051262147313
8,533,Drug gate,0.05572873131611594,0.0,,,0.056434348436532444
8,533,Drug-stratum gate,0.03234397963314902,0.0,,,0.03670705960979021
8,547,CAFNet,0.5895413097166071,1.0,0.03109528758576905,0.10030006424848509,0.6650163172924668
8,547,CAFNet-D,0.5463838771775607,1.0,0.06785714285714285,0.06267066674755478,0.6203081392058637
8,547,CAFNet-DG,0.5914450110606361,1.0,0.06116312415654521,0.08093392239733703,0.6650024044375478
8,547,Group-only,0.5322195565470912,1.0,0.06671943897176096,0.10367728048052632,0.6210851564642833
8,547,Global gate,0.5731701407228998,1.0,0.06596838833680939,0.15862160726507513,0.6433315685698561
8,547,Drug gate,0.5445200261355594,1.0,0.06571762311133666,0.07199854696407212,0.6232152235476986
8,547,Drug-stratum gate,0.4905371309955111,0.9363792118010483,0.14327651515151513,0.23763073410010888,0.5618696310263414
8,549,CAFNet,0.3465987473848369,0.5829393865084945,0.005966567361800728,0.07287290232526542,0.4389939506288113
8,549,CAFNet-D,0.36295602126910115,0.793584067764911,0.012714460784313725,0.11046564449856819,0.4560683649291903
8,549,CAFNet-DG,0.3957518291778035,0.793584067764911,0.011904761904761904,0.1135353443240529,0.4822849709134077
8,549,Group-only,0.3425939931095727,0.8048109992093389,0.009797681291202547,0.09725785235156194,0.40775247065202425
8,549,Global gate,0.3391057146542961,0.7191184989488184,0.009828904259191846,0.06932297497105407,0.4252374377673736
8,549,Drug gate,0.30812643911097337,0.43621154230977444,0.010129819040125885,0.06676656984665556,0.38166487746000666
8,549,Drug-stratum gate,0.3571933716367128,0.5617131059245698,0.00978034682080925,0.07593616413178536,0.4208206561342487
8,553,CAFNet,0.1320441623649043,0.31488013066763093,0.03493289223633528,0.03521859561376067,0.21178224103316046
8,553,CAFNet-D,0.1501100115141998,0.39092738420022166,0.017629044895058392,0.024482505394553582,0.25289339429143226
8,553,CAFNet-DG,0.15371629377923346,0.4085359184257957,0.018289267375336534,0.025078247722449147,0.2587725592423797
8,553,Group-only,0.15293913433907436,0.4304214937502646,0.05342768741907315,0.06764017087293671,0.23696543887393354
8,553,Global gate,0.1396796727526295,0.34369669139214537,0.015942178115887495,0.028318977337688386,0.23468780458170097
8,553,Drug gate,0.16635915866645917,0.4690000933206748,0.017224044416614286,0.02459859178129902,0.28573784896514837
8,553,Drug-stratum gate,0.1886692486724008,0.40002324830925196,0.08891331690151315,0.14073368107262108,0.2761493269708758
8,568,CAFNet,0.3341925290003481,0.933745776545611,0.020977976089335104,0.012569594399573007,0.46978134146017053
8,568,CAFNet-D,0.4259882195847856,0.9363792118010483,0.03679208780085652,0.01932827284665172,0.5663048067897474
8,568,CAFNet-DG,0.40822659555026064,0.9363792118010483,0.03593735876222806,0.015360900171408568,0.547480237165909
8,568,Group-only,0.44900834447025445,0.9305687780632227,0.03838034712452194,0.028489859112085555,0.5918849584803645
8,568,Global gate,0.4311680569057239,0.8200685179888283,0.03853635446644651,0.033444887896355115,0.5697938508170306
8,568,Drug gate,0.4622947715184207,0.933745776545611,0.06336936095479295,0.02296783130487634,0.6099206747518704
8,568,Drug-stratum gate,0.4539213661515344,0.9363792118010483,0.03287722246479978,0.026166560292420586,0.6063597204017985
8,617,CAFNet,0.1241313161042279,0.2200917662980802,0.09098484848484849,0.266227726425768,0.11867785627435304
8,617,CAFNet-D,0.11094535866924207,0.20248323207250618,0.12172298644338117,0.05292596185410219,0.13368635247183328
8,617,CAFNet-DG,0.12934574420452083,0.2200917662980802,0.1284548269068393,0.27057316304005047,0.15288378667856073
8,617,Group-only,0.12033683020443074,0.2200917662980802,0.09332520685579196,0.03387944292549556,0.15366415897705316
8,617,Global gate,0.1065555910553052,0.20511666732794348,0.01574938081105064,0.26310297261468274,0.13367988302807007
8,617,Drug gate,0.12464811918088979,0.2934556883974403,0.17452700378396974,0.10646811185614143,0.14182480880207687
8,617,Drug-stratum gate,0.12686991253961707,0.31488013066763093,0.04613093954712397,0.1574134730865815,0.15722597700920807
8,625,CAFNet,0.38319303423941997,0.791726719367984,0.0625,0.040695710908476866,0.41270409438912475
8,625,CAFNet-D,0.34279983001844605,0.5795003533950693,0.034482758620689655,0.015385631036406933,0.3790532315696382
8,625,CAFNet-DG,0.39640849121962546,0.6578986223737447,0.043478260869565216,0.02254704078706461,0.43262031675476464
8,625,Group-only,0.4020873728078271,0.6719377023185354,0.1,0.027516362260331786,0.4426033488905229
8,625,Global gate,0.36003848910716635,0.5734923014668307,0.16666666666666666,0.023053164355172965,0.39523805113953847
8,625,Drug gate,0.3622105636946646,0.6399441431116327,0.03225806451612903,0.021314941452742892,0.3981148104953172
8,625,Drug-stratum gate,0.4396126575582094,0.7799082337019198,0.14285714285714285,0.02231889292846804,0.48651153011009945
8,628,CAFNet,0.4216929953499646,0.4982506457922279,,,0.4477066083938173
8,628,CAFNet-D,0.5850532208659065,0.8512360941594274,,,0.5874056504176934
8,628,CAFNet-DG,0.6286229904796641,0.8701249883466594,,,0.6317217239498968
8,628,Group-only,0.6973133934049306,0.933745776545611,,,0.6978504249451067
8,628,Global gate,0.5525163099274587,0.8482378089219645,,,0.5530581453235689
8,628,Drug gate,0.6093893347023747,0.7909506325094736,,,0.6099001903856441
8,628,Drug-stratum gate,0.5722530393606781,0.8643145546088338,,,0.5726229986651546
8,639,CAFNet,0.44160109591982927,0.6777277508780453,0.016666666666666666,,0.4620113018145449
8,639,CAFNet-D,0.49820318458346424,0.6578986223737447,0.0625,,0.5137634732177571
8,639,CAFNet-DG,0.5365836609172412,0.7948833326720566,0.06666666666666667,,0.550873063777753
8,639,Group-only,0.524115716110955,0.7542686714597936,0.009174311926605505,,0.549289041780138
8,639,Global gate,0.4187971512713557,0.7191184989488184,0.003968253968253968,,0.45321249705431627
8,639,Drug gate,0.5334777529903437,0.8115558478722845,0.00510204081632653,,0.5521411785955835
8,639,Drug-stratum gate,0.5571289760018147,0.8205228949141826,0.005555555555555556,,0.5781054243206993
8,641,CAFNet,0.6868997599039615,0.7041249493150387,,,0.6877681923833363
8,641,CAFNet-D,0.6615646258503401,0.7562251525126248,,,0.6618893011750153
8,641,CAFNet-DG,0.6711145996860282,0.7519130642865629,,,0.6711145996860282
8,641,Group-only,0.5588466893606758,0.6969904532005498,,,0.5588466893606758
8,641,Global gate,0.6196065838922983,0.7562251525126248,,,0.6211678004535147
8,641,Drug gate,0.5835718902945793,0.5857421563596759,,,0.5835718902945793
8,641,Drug-stratum gate,0.6810395953253094,0.7752805260144073,,,0.6820731870565757
8,657,CAFNet,0.050577986969018295,0.08514311764162101,0.1681469298245614,0.23321166956628636,0.062055885580233845
8,657,CAFNet-D,0.047873541607752125,0.1100458831490401,0.024615671184298634,0.04248975194368759,0.1008426152510835
8,657,CAFNet-DG,0.059113820754769314,0.1388624438735545,0.03549683976154565,0.052868367620309595,0.12769620530818163
8,657,Group-only,0.06095932744447777,0.1100458831490401,0.17222222222222225,0.09056675875387987,0.09684744852147502
8,657,Global gate,0.05682458675619116,0.1100458831490401,0.12282523510971786,0.08296132717185348,0.10427498823220749
8,657,Drug gate,0.07903166491693354,0.2200917662980802,0.008697919322837361,0.018129925396408782,0.22397064088793414
8,657,Drug-stratum gate,0.08455804359988597,0.2200917662980802,0.012836004590750062,0.02079066613496619,0.23556246385193755
8,664,CAFNet,0.6711960819512021,1.0,,0.018824771287825476,0.7132929922661725
8,664,CAFNet-D,0.540324381666116,0.9266360779006398,,0.06265822784810127,0.6076242546889827
8,664,CAFNet-DG,0.6379687982507537,0.9266360779006398,,0.055,0.6797771253201043
8,664,Group-only,0.611798511905847,0.9266360779006398,,0.1322463768115942,0.6518887375787973
8,664,Global gate,0.5385761449220745,0.933745776545611,,0.10101010101010101,0.577190782584069
8,664,Drug gate,0.6416341289394372,0.9266360779006398,,0.34090909090909094,0.6683337561868193
8,664,Drug-stratum gate,0.6381895420934294,0.9363792118010483,,0.5232558139534884,0.6632794734974037
8,668,CAFNet,0.16632085804894756,0.15139734109600997,0.006578947368421052,,0.17727893230860697
8,668,CAFNet-D,0.5118266064462418,0.7019727018777485,0.009259259259259259,,0.5449014031453298
8,668,CAFNet-DG,0.45920964134230097,0.6840182226156365,0.00909090909090909,,0.48854836780552546
8,668,Group-only,0.45191723622044944,0.6840182226156365,0.038461538461538464,,0.4801348354887687
8,668,Global gate,0.47566962780198174,0.6122496142821666,0.020833333333333332,,0.5058262326867288
8,668,Drug gate,0.4610066930184537,0.627507133061656,0.012345679012345678,,0.4911236234849488
8,668,Drug-stratum gate,0.48381532503750446,0.6969383549984333,0.03125,,0.5172387236593824
8,669,CAFNet,0.18209149695505908,0.21408371436984164,,,0.18919075178321548
8,669,CAFNet-D,0.35191488195028836,0.442219594238013,,,0.3541374699102035
8,669,CAFNet-DG,0.2926596903074631,0.2902597849695645,,,0.2953949514524995
8,669,Group-only,0.34972387996985776,0.4530643748551539,,,0.3505836987937484
8,669,Global gate,0.3745521531410103,0.4252084336260237,,,0.37488817464638663
8,669,Drug gate,0.2989092057140382,0.41125017975367995,,,0.29979004057553255
8,669,Drug-stratum gate,0.3165561741789695,0.393758437646072,,,0.31996220601588365
8,698,CAFNet,0.3016382145780906,0.34181895781690264,,0.010752688172043012,0.3238374985891194
8,698,CAFNet-D,0.4260698820450399,0.596517333399007,,0.03225806451612903,0.4541523642677529
8,698,CAFNet-DG,0.43092808705571933,0.6216966993238304,,0.03571428571428571,0.4589633333187428
8,698,Group-only,0.46300864897021154,0.6812060741152737,,0.010416666666666666,0.49481613733612484
8,698,Global gate,0.4496509671873176,0.5363559634917964,,0.16666666666666666,0.4759723466523088
8,698,Drug gate,0.45376852489153374,0.617585285916322,,0.08333333333333333,0.48162885084390533
8,698,Drug-stratum gate,0.39217448339650623,0.477967140362573,,0.05263157894736842,0.41752329830797935
8,724,CAFNet,0.5984348020508043,0.6332196796270029,,,0.6012746927647794
8,724,CAFNet-D,0.6296985416973807,0.77523873680463,,,0.6300912761107337
8,724,CAFNet-DG,0.6562901199992491,0.7721596254947203,,,0.6565781535158766
8,724,Group-only,0.6400344576070065,0.7631925784528222,,,0.6444604932744061
8,724,Global gate,0.6998535701180049,0.7600791051976192,,,0.7003916246701952
8,724,Drug gate,0.6857660066541647,0.7479350596733328,,,0.6861430805606502
8,724,Drug-stratum gate,0.6768757783544369,0.8205228949141826,,,0.6771306636560512
8,729,CAFNet,0.6148879128868455,0.9266360779006398,,0.007936507936507936,0.6366674859238813
8,729,CAFNet-D,0.6297046108887668,1.0,,0.007462686567164179,0.650040305503594
8,729,CAFNet-DG,0.6433199565509825,0.933745776545611,,0.007692307692307693,0.6634726544700751
8,729,Group-only,0.6320622080322128,0.9363792118010483,,0.005917159763313609,0.6537634639836907
8,729,Global gate,0.6284115798361767,1.0,,0.0136986301369863,0.6486071270302248
8,729,Drug gate,0.6289108120052496,0.9266360779006398,,0.005747126436781609,0.6526775941534227
8,729,Drug-stratum gate,0.5877630728054111,0.9305687780632227,,0.005154639175257732,0.6100537515905979
9,10,CAFNet,0.05993076911434525,0.0,0.006060606060606061,,0.07487285765079513
9,10,CAFNet-D,0.13322007222431387,0.16354138662029638,0.006822907641656559,,0.15304052690074774
9,10,CAFNet-DG,0.11718004698039522,0.16354138662029638,0.006364374262101535,,0.13452390056000788
9,10,Group-only,0.0872947753717742,0.13568544539116625,0.008823529411764706,,0.1036602278534339
9,10,Global gate,0.11031215125831036,0.13568544539116625,0.05606060606060606,,0.12929977824771474
9,10,Drug gate,0.11845006926236527,0.1427951440361374,0.007359125315391085,,0.13859987079497607
9,10,Drug-stratum gate,0.13559706585696493,0.17993148201117176,0.005764355077894535,,0.15884026887128083
9,18,CAFNet,0.47451032492830403,0.7183627972686238,,0.041396103896103896,0.5235471607070762
9,18,CAFNet-D,0.5836418085981002,0.9363792118010483,,0.011705493241299972,0.6442474773069988
9,18,CAFNet-DG,0.5827134433136113,0.9363792118010483,,0.031286549707602335,0.6412611682003387
9,18,Group-only,0.5712507471178041,0.9363792118010483,,0.010421189752496743,0.6324528248980473
9,18,Global gate,0.48836740632001563,0.835780413693672,,0.009473684210526315,0.5427781238906466
9,18,Drug gate,0.5182467518330839,0.7885497208855956,,0.0076812555260831125,0.5744615433395962
9,18,Drug-stratum gate,0.5716100736745076,1.0,,0.024652147610405323,0.6302686204992514
9,39,CAFNet,0.5006041405306473,0.6470538417566039,0.06520762102719715,0.14997618967645893,0.6076040638069851
9,39,CAFNet-D,0.5995991833669444,0.8165901947515998,0.1403248082773771,0.2981846057582659,0.6716886284527614
9,39,CAFNet-DG,0.5894362683779713,0.7624164915943118,0.1375387304054602,0.27395032167477773,0.6594815711343567
9,39,Group-only,0.5693738588986221,0.7542686714597936,0.12558116555677543,0.20593730707415522,0.6651651241313707
9,39,Global gate,0.5405089136562606,0.8611375561264455,0.13860317091526927,0.1517127255088401,0.6691324489817461
9,39,Drug gate,0.48090673426446506,0.756902106715231,0.07720736064001729,0.1180053441636887,0.5832335058868396
9,39,Drug-stratum gate,0.5215089257700029,0.8165901947515998,0.08077223064635759,0.16982379676467757,0.632333557777534
9,51,CAFNet,0.22067422321142513,0.4505655760587972,,0.004651162790697674,0.24104390380119473
9,51,CAFNet-D,0.24693492908739748,0.3340514446642156,,0.01098901098901099,0.26097823212892535
9,51,CAFNet-DG,0.26009182662440594,0.41706061349150547,,0.010526315789473684,0.27488394211160616
9,51,Group-only,0.24706729933896607,0.34369669139214537,,0.008403361344537815,0.26453597137703433
9,51,Global gate,0.3187604581533034,0.5388856921828065,,0.017543859649122806,0.3375820195876718
9,51,Drug gate,0.23622501340505356,0.4152807670887413,,0.019230769230769232,0.2520219030370449
9,51,Drug-stratum gate,0.23057082629578954,0.38541299932114076,,0.0049504950495049506,0.24428574726030428
9,58,CAFNet,0.2680223943028685,0.4381081808305046,0.005780346820809248,0.007552192798094438,0.3243141574529855
9,58,CAFNet-D,0.2597197763200514,0.46429130629958176,0.04,0.0322463768115942,0.31030801919746986
9,58,CAFNet-DG,0.3168082862529883,0.4982710309705437,0.03571428571428571,0.024521774521774523,0.3806756402193712
9,58,Group-only,0.32717659035005187,0.5677211578528084,0.05,0.014500922320147571,0.3942587104869931
9,58,Global gate,0.3121934372705382,0.5473983622993502,0.02,0.013878217441413753,0.38971683227864073
9,58,Drug gate,0.3191896763699474,0.5965377185773229,0.009009009009009009,0.01500511009941466,0.38728271382635704
9,58,Drug-stratum gate,0.25835640596793713,0.46429130629958176,0.012048192771084338,0.009000000000000001,0.32165999344497853
9,71,CAFNet,0.14543512710849754,0.1100458831490401,,,0.1506355941153224
9,71,CAFNet-D,0.4218168976914011,0.6110191504983019,,,0.4237305198046198
9,71,CAFNet-DG,0.4060192790644109,0.5965377185773229,,,0.40725904483919473
9,71,Group-only,0.4564819048444433,0.5541432109622958,,,0.4601158762516166
9,71,Global gate,0.3765783562286604,0.5388856921828065,,,0.38651820475370174
9,71,Drug gate,0.51976996168178,0.6489315753318465,,,0.5213213971092122
9,71,Drug-stratum gate,0.48660973473196745,0.6332196796270029,,,0.4871925413786452
9,81,CAFNet,0.6900654615526669,0.9363792118010483,0.007518796992481203,0.012034809868319818,0.7344899539247203
9,81,CAFNet-D,0.5044989351869817,0.793584067764911,0.011764705882352941,0.008050799136403084,0.5415612106093535
9,81,CAFNet-DG,0.6403446276279915,0.8701249883466594,0.01098901098901099,0.008206166862849081,0.6808744224384669
9,81,Group-only,0.6531799929748948,0.9305687780632227,0.011111111111111112,0.010010881586421987,0.689643061154911
9,81,Global gate,0.6440975233009112,0.8572048559638626,0.022222222222222223,0.00800654106032116,0.6834381909555914
9,81,Drug gate,0.6504408822043631,0.9305687780632227,0.014705882352941176,0.014375671299636097,0.6866322168161937
9,81,Drug-stratum gate,0.6479438038957086,0.933745776545611,0.010869565217391304,0.010123996762027875,0.687732311804059
9,83,CAFNet,0.3733095810719158,0.42696207545852366,,0.026782981328435873,0.39497788520812943
9,83,CAFNet-D,0.3747204677202463,0.4760705018418427,,0.017197088625660054,0.3984278497071796
9,83,CAFNet-DG,0.4245788412162262,0.5494344239412028,,0.019969278033794162,0.45014499696973737
9,83,Group-only,0.335583932166336,0.476846588700353,,0.01801948051948052,0.3568077930419414
9,83,Global gate,0.29750437027528026,0.5330752584449809,,0.016230104023060535,0.31801434448513377
9,83,Drug gate,0.37627705610041084,0.5861163849908828,,0.0202485966319166,0.39880100113718464
9,83,Drug-stratum gate,0.2717507835411669,0.45718160765461063,,0.013293586851434096,0.28903975168621093
9,96,CAFNet,0.6285714285714286,0.7426050123677905,,,0.6285714285714286
9,96,CAFNet-D,0.5586904761904762,0.5531464700081437,,,0.5586904761904762
9,96,CAFNet-DG,0.6523809523809524,0.7731930041332795,,,0.6523809523809524
9,96,Group-only,0.208548644338118,0.25201638021183603,,,0.21157894736842103
9,96,Global gate,0.5740384615384615,0.5531464700081437,,,0.5740384615384615
9,96,Drug gate,0.44000000000000006,0.4852285551163225,,,0.44000000000000006
9,96,Drug-stratum gate,0.293931623931624,0.31608365985743897,,,0.293931623931624
9,103,CAFNet,0.2901475065343099,0.3164618153841292,,0.0196078431372549,0.3085962287374248
9,103,CAFNet-D,0.4305849916646154,0.6136525857537392,,0.013157894736842105,0.4638371996159049
9,103,CAFNet-DG,0.4383796157435888,0.6207622843987103,,0.015384615384615385,0.4698029806963893
9,103,Group-only,0.4492035735203695,0.6207622843987103,,0.005555555555555556,0.48402617835831363
9,103,Global gate,0.45113756269940686,0.5983950669742498,,0.25,0.47600973484349274
9,103,Drug gate,0.4263100135304649,0.6437684113853992,,0.08333333333333333,0.45278806938776595
9,103,Drug-stratum gate,0.4233709199764129,0.5326208815196265,,0.05,0.45742340130033476
9,108,CAFNet,0.6600071247143493,0.6025064803817581,0.2074693233841452,0.24815319902419083,0.7919053283037423
9,108,CAFNet-D,0.7083258251297265,1.0,0.13695566921793864,0.25278714769570043,0.8443502217801614
9,108,CAFNet-DG,0.7149632800284251,0.9305687780632227,0.18426259855625,0.24981761299185457,0.8355838259432333
9,108,Group-only,0.7463021244460508,1.0,0.16647085927015803,0.2766551050730538,0.8540214921923179
9,108,Global gate,0.7453370260679146,0.9216017310213245,0.20306630447840085,0.32728841367246986,0.8702480652150627
9,108,Drug gate,0.747933894012749,1.0,0.16367500569943746,0.34703226624896527,0.8695275990849016
9,108,Drug-stratum gate,0.7762771902591904,1.0,0.1639140618123087,0.3058056868573156,0.8849429779194641
9,111,CAFNet,0.49378660984613565,0.8553475075669357,,,0.5012139988918796
9,111,CAFNet-D,0.5709062516661623,0.8611375561264455,,,0.5747160185660095
9,111,CAFNet-DG,0.5486370130175428,0.8899541168509599,,,0.5523740036628222
9,111,Group-only,0.5388685671276717,0.7799082337019198,,,0.5557959020428144
9,111,Global gate,0.5752374613527347,0.8415908474314976,,,0.5795249048320216
9,111,Drug gate,0.547441893111167,0.8899541168509599,,,0.556103229416473
9,111,Drug-stratum gate,0.551601764529359,0.7600791051976192,,,0.5582784576066229
9,114,CAFNet,0.07353420670873559,0.0,,0.14541576729365813,0.08166410632897161
9,114,CAFNet-D,0.2596768841559786,0.42492601381667106,,0.01203551881018914,0.3411356556216369
9,114,CAFNet-DG,0.261388288452455,0.42492601381667106,,0.0171167031825057,0.34184221307231044
9,114,Group-only,0.21942295854026106,0.34369669139214537,,0.01718195078640284,0.2850201081632645
9,114,Global gate,0.24979524561835356,0.4152807670887413,,0.03557588711639384,0.32353160141362536
9,114,Drug gate,0.29150453514893204,0.5103515512676446,,0.019203046375628995,0.3804973400226454
9,114,Drug-stratum gate,0.2687407470831755,0.42492601381667106,,0.02627105221477219,0.34899409241970697
9,115,CAFNet,0.5503772036294071,1.0,0.29408095783903576,0.29991375886856636,0.7725359062895458
9,115,CAFNet-D,0.6208822324861945,1.0,0.28976163567088503,0.3196752132723367,0.7483859209590707
9,115,CAFNet-DG,0.6410459093113593,1.0,0.3179093906948677,0.3421140850464691,0.7761310625519167
9,115,Group-only,0.6690145923886812,1.0,0.28528576857713034,0.36938492644045,0.7865126607670698
9,115,Global gate,0.7264517573808265,1.0,0.31328462223075215,0.4789237396327446,0.8399003149538109
9,115,Drug gate,0.6907326080761612,1.0,0.23380051134428093,0.4401722261567858,0.8235421455447913
9,115,Drug-stratum gate,0.7159612190800259,1.0,0.2582272073985372,0.4615335634911719,0.832053176772634
9,119,CAFNet,0.4598552202369711,0.835780413693672,0.10952380952380952,0.03120982161265902,0.5417807427169087
9,119,CAFNet-D,0.6306709975990359,1.0,0.09166666666666667,0.07378243256387,0.6879690542745602
9,119,CAFNet-DG,0.5951742177029469,1.0,0.14347826086956522,0.051146616541353385,0.6544919908745859
9,119,Group-only,0.6280721050739483,1.0,0.15263157894736842,0.07340969504984762,0.6853359911255609
9,119,Global gate,0.6155239132917628,0.9266360779006398,0.13246268656716417,0.03470484439229209,0.6772568253876318
9,119,Drug gate,0.5865490032579522,0.9266360779006398,0.16666666666666669,0.03707013626054105,0.6450883226239617
9,119,Drug-stratum gate,0.6093903231472266,0.9216017310213245,0.30952380952380953,0.016729852303332154,0.6708449794756056
9,139,CAFNet,0.4055685555374668,0.7885497208855956,0.007307270734380708,0.03264957636534021,0.5016218927793495
9,139,CAFNet-D,0.5044088000468293,0.8553475075669357,0.005057471264367817,0.06239337116065081,0.6204507793672108
9,139,CAFNet-DG,0.4749425737963362,0.8553475075669357,0.005004084967320261,0.08474706667336186,0.5827596537556131
9,139,Group-only,0.5003769282568525,0.8579809428223729,0.005556570454268664,0.033663273629139914,0.619344289357519
9,139,Global gate,0.5392938503196907,0.933745776545611,0.007631929560331345,0.04697223441080396,0.6657483808163277
9,139,Drug gate,0.5238259965328134,0.7885497208855956,0.006776456653455424,0.02339121082976645,0.6522403951831366
9,139,Drug-stratum gate,0.5413076444887415,0.8482378089219645,0.012525693730729702,0.03613358645369643,0.6699020925110061
9,148,CAFNet,0.489997806455254,0.7799082337019198,0.029772290922478017,0.07315095974511746,0.6187459829948596
9,148,CAFNet-D,0.5741759875757864,0.914856882358379,0.08264346084241661,0.10259880226864135,0.6974728621752876
9,148,CAFNet-DG,0.5709685979842369,0.9305687780632227,0.074672941244387,0.0987787807727434,0.6901891855453777
9,148,Group-only,0.5961252562771064,0.9216017310213245,0.04070909079396885,0.11142900698523095,0.7163160251504457
9,148,Global gate,0.45276498784814023,0.8603818544462509,0.08692552520391326,0.05930099762929002,0.5512299506714355
9,148,Drug gate,0.5201725519604308,0.9266360779006398,0.09273004042128911,0.06653616368038576,0.625847797311816
9,148,Drug-stratum gate,0.5331293050520467,0.9216017310213245,0.036941553089258894,0.04253988113057334,0.6607552625167369
9,149,CAFNet,0.09956357636449832,0.1744142429082535,,,0.10618069251583165
9,149,CAFNet-D,0.3173785901920576,0.4125317798925535,,,0.31898500434174104
9,149,CAFNet-DG,0.3092102989566745,0.4125317798925535,,,0.31150372348916616
9,149,Group-only,0.41572037086215946,0.5390031312763821,,,0.4194268347673142
9,149,Global gate,0.30543620302073604,0.47726564878664623,,,0.30933624958655354
9,149,Drug gate,0.3469264768469668,0.49684601414843926,,,0.3507323556318382
9,149,Drug-stratum gate,0.21849054762744022,0.3430427114200249,,,0.22472909131595456
9,165,CAFNet,0.3381386739169444,0.40112489502598453,0.02857142857142857,0.019744543673715847,0.38307372172774556
9,165,CAFNet-D,0.5191596211738919,0.9363792118010483,0.008771929824561403,0.027244065759830946,0.5761802625784749
9,165,CAFNet-DG,0.5061606571889014,0.9363792118010483,0.011627906976744186,0.02820626433814624,0.5607173365169611
9,165,Group-only,0.4941307018617533,0.9363792118010483,0.008064516129032258,0.023158703209636998,0.5567900474435663
9,165,Global gate,0.44912595144642065,0.7136540102475308,0.015873015873015872,0.04577588358287311,0.49125174814600603
9,165,Drug gate,0.4892097352018429,0.933745776545611,0.004310344827586207,0.015603338946803047,0.5441620818335496
9,165,Drug-stratum gate,0.5121282128620835,1.0,0.007874015748031496,0.016113506498121884,0.5737447910762612
9,188,CAFNet,0.2316938797917059,0.2816249726597773,,,0.23181332556332554
9,188,CAFNet-D,0.5896358543417366,0.7316362001126298,,,0.5897638625342609
9,188,CAFNet-DG,0.5579274891774891,0.7114533439819829,,,0.5579274891774891
9,188,Group-only,0.6568607560695205,0.7526136409516658,,,0.6568607560695204
9,188,Global gate,0.6112920168067226,0.7456919575934261,,,0.611452273216979
9,188,Drug gate,0.6590775125257883,0.7526136409516658,,,0.6590775125257883
9,188,Drug-stratum gate,0.5626966171083817,0.7114533439819829,,,0.5630812324929971
9,196,CAFNet,0.06006201047583058,0.0,0.04411125597566276,0.07133089133089132,0.072097695281011
9,196,CAFNet-D,0.07240445377491066,0.06943122193677731,0.03873489694385217,0.08205741626794258,0.08369880551006928
9,196,CAFNet-DG,0.07165510282775182,0.0,0.05274725274725275,0.1628205128205128,0.08005972031419954
9,196,Group-only,0.056601241594274855,0.0,0.021241830065359478,0.027445382949068862,0.07093818100984131
9,196,Global gate,0.07255892050952674,0.0,0.0339080459770115,0.105489417989418,0.08344802303618075
9,196,Drug gate,0.05612959734819468,0.0,0.09166666666666666,0.09125495101104857,0.06269103788764957
9,196,Drug-stratum gate,0.06621922146328596,0.0733639220993601,0.01932021466905188,0.016616638633717172,0.0902578204187678
9,205,CAFNet,0.365336032367255,0.6168295842361275,1.0,0.004081632653061225,0.39203578691822616
9,205,CAFNet-D,0.33409020583704385,0.6235744328990731,0.5,0.037037037037037035,0.3582957851181145
9,205,CAFNet-DG,0.3701128018942421,0.6325414799409712,1.0,0.02702702702702703,0.39129168682635146
9,205,Group-only,0.3306840741784564,0.6871952210980248,0.25,0.024390243902439025,0.35333101609103956
9,205,Global gate,0.2993052984800415,0.5907272848394972,0.1,0.0072992700729927005,0.32276974700719824
9,205,Drug gate,0.3420808697858826,0.5388856921828065,0.022222222222222223,0.017857142857142856,0.36242015694220514
9,205,Drug-stratum gate,0.37009342724493033,0.6911279212606076,0.1111111111111111,0.5,0.3887367482718103
9,207,CAFNet,0.2817905079120301,0.34051969290975714,0.038461538461538464,0.00425531914893617,0.34107523423349384
9,207,CAFNet-D,0.4546553820991602,0.5481351590340573,0.047619047619047616,0.004219409282700422,0.5507834757834758
9,207,CAFNet-DG,0.4284234608398136,0.5363559634917964,0.05,0.004166666666666667,0.5189457228930913
9,207,Group-only,0.4707493660484791,0.611755947233009,0.012195121951219513,0.00558659217877095,0.572832939322301
9,207,Global gate,0.47002789761923147,0.5964984284535196,0.25,0.014925373134328358,0.5661513509074485
9,207,Drug gate,0.43378269040792616,0.44173955623824734,0.010526315789473684,0.00847457627118644,0.5261031996326114
9,207,Drug-stratum gate,0.4957073062731869,0.5677211578528084,0.07142857142857142,0.013157894736842105,0.5995716468405544
9,210,CAFNet,0.2632980468912726,0.41706061349150547,,0.01730769230769231,0.3118066370519658
9,210,CAFNet-D,0.28388834836328003,0.42492601381667106,,0.012316384180790962,0.33630365742769236
9,210,CAFNet-DG,0.3583549624935824,0.5352543167750637,,0.014331690636628786,0.4253357754416805
9,210,Group-only,0.2761117877019005,0.4440973278132557,,0.01478494623655914,0.32849976955691995
9,210,Global gate,0.29241183773048873,0.4690000933206748,,0.00692875964615095,0.3516876536441088
9,210,Drug gate,0.1416456198098521,0.25329540411053186,,0.010083826429980276,0.1727494780007485
9,210,Drug-stratum gate,0.26709140954677174,0.42492601381667106,,0.02383766745468873,0.3163449974218369
9,211,CAFNet,0.1171451284487027,0.16815228646891087,0.0035335689045936395,0.011634327247766021,0.15210462544491135
9,211,CAFNet-D,0.1606482204091136,0.2934556883974403,0.004975124378109453,0.03989235618982454,0.18970639174468468
9,211,CAFNet-DG,0.17078015393575655,0.34996677795142084,0.0045662100456621,0.034073779025460854,0.20279337453871965
9,211,Group-only,0.20936122097898385,0.3301376494471203,0.0038461538461538464,0.04935152922957801,0.24753237158093788
9,211,Global gate,0.19346929421032827,0.3301376494471203,0.011494252873563218,0.05155852417302799,0.22497166070575214
9,211,Drug gate,0.20163092229935606,0.3301376494471203,0.0030959752321981426,0.14055066300442481,0.23530213003111036
9,211,Drug-stratum gate,0.19126145807240527,0.3301376494471203,0.005128205128205128,0.0724776765058784,0.22406286627659497
9,223,CAFNet,0.4962249001424907,0.7655934900767002,,0.017543859649122806,0.5245788138856223
9,223,CAFNet-D,0.43361406280361364,0.7630946912803435,,0.021739130434782608,0.4543932469972198
9,223,CAFNet-DG,0.4751251900351584,0.7753366239771086,,0.023809523809523808,0.49697232263568736
9,223,Group-only,0.4698970766848946,0.7624164915943118,,0.018518518518518517,0.4913577219769627
9,223,Global gate,0.4149738754365467,0.6313419460517601,,0.012658227848101266,0.4373726550954368
9,223,Drug gate,0.443553971394186,0.7254521107352793,,0.015384615384615385,0.4671671995714563
9,223,Drug-stratum gate,0.4224073446142125,0.6618313225363276,,0.023255813953488372,0.44289782992989174
9,230,CAFNet,0.1880779338096411,0.3694849835038007,,,0.1945570395789822
9,230,CAFNet-D,0.389537037037037,0.5014839712467825,,,0.389537037037037
9,230,CAFNet-DG,0.3536893530997305,0.5112590391895957,,,0.3536893530997305
9,230,Group-only,0.4230263157894737,0.5058520011127918,,,0.4230263157894737
9,230,Global gate,0.1975198412698413,0.20324958761397838,,,0.19751984126984126
9,230,Drug gate,0.22553927553927552,0.21793006430423476,,,0.22553927553927555
9,230,Drug-stratum gate,0.25342712842712845,0.37747370249185996,,,0.2556788241493526
9,250,CAFNet,0.09270661181801508,0.0,0.00303951367781155,0.014770002180074123,0.14071821878813268
9,250,CAFNet-D,0.48454275551571224,0.6051399156371955,0.024390243902439025,0.0343868890839918,0.6813791669723872
9,250,CAFNet-DG,0.4791216422754016,0.5541432109622958,0.01020408163265306,0.025025125628140705,0.6754578754578753
9,250,Group-only,0.5129678201898524,0.5637884576902256,0.007407407407407408,0.007633694708238787,0.7266601323205095
9,250,Global gate,0.6219282490559086,0.727329844310522,0.0035842293906810036,0.03563829787234043,0.8784194528875378
9,250,Drug gate,0.4718321991745815,0.5388856921828065,0.041666666666666664,0.08193979933110368,0.6591411564625849
9,250,Drug-stratum gate,0.5667400105514608,0.706583601726363,0.07142857142857142,0.04076479076479077,0.7962372448979591
9,269,CAFNet,0.12387619203408677,0.21779548001177873,0.023809523809523808,,0.1452326270221007
9,269,CAFNet-D,0.24923719958202717,0.38980242392690356,0.03225806451612903,,0.2956363636363636
9,269,CAFNet-DG,0.23056874483897608,0.38980242392690356,0.034482758620689655,,0.27321428571428574
9,269,Group-only,0.23471351089294912,0.3501827644973757,0.1,,0.27543859649122804
9,269,Global gate,0.37352564102564106,0.5283866124986515,0.047619047619047616,,0.44423076923076926
9,269,Drug gate,0.41581978319783197,0.5283866124986515,0.05555555555555555,,0.49166666666666664
9,269,Drug-stratum gate,0.4862899490504863,0.645449205636615,0.038461538461538464,,0.5788235294117647
9,270,CAFNet,0.22084760822473357,0.3229501751883214,,0.009615384615384616,0.2470213278091886
9,270,CAFNet-D,0.29278645811800813,0.3567480358963706,,0.015873015873015872,0.3260661813119627
9,270,CAFNet-DG,0.2779990778948235,0.3567480358963706,,0.01639344262295082,0.30929804238627767
9,270,Group-only,0.2703852644668586,0.3567480358963706,,0.07142857142857142,0.298384453453051
9,270,Global gate,0.3608260194160952,0.46706769398382797,,0.023809523809523808,0.4022041062801932
9,270,Drug gate,0.38908622397027554,0.4845713881969346,,0.006711409395973154,0.43555854042809844
9,270,Drug-stratum gate,0.2314988427569312,0.33325075278164273,,0.01818181818181818,0.2570271071924567
9,276,CAFNet,0.22901494479370696,0.34051969290975714,,,0.23375729232203504
9,276,CAFNet-D,0.4705938228184957,0.5107164012496702,,,0.4722208834050939
9,276,CAFNet-DG,0.42687003409741997,0.5107164012496702,,,0.4286740157089832
9,276,Group-only,0.372693981920425,0.39956887138389763,,,0.3731993727560045
9,276,Global gate,0.5988660748722668,0.7479350596733328,,,0.6024180438086778
9,276,Drug gate,0.2275766504047283,0.3469511918686966,,,0.23069413243202933
9,276,Drug-stratum gate,0.25146552019388796,0.2876263497141272,,,0.2521163226403586
9,303,CAFNet,0.2684457378546475,0.3567480358963706,,,0.2708947364140601
9,303,CAFNet-D,0.20461079050411984,0.26919108962472693,,,0.20610070899040586
9,303,CAFNet-DG,0.2228419468405228,0.2867993217977167,,,0.223806517989128
9,303,Group-only,0.16700177360501353,0.20124768870643622,,,0.16857389254619695
9,303,Global gate,0.17388692281954013,0.192156638831279,,,0.17797025034499295
9,303,Drug gate,0.18739068840763756,0.24613298421845528,,,0.18772173031762682
9,303,Drug-stratum gate,0.2204781073632123,0.3007943623267188,,,0.22117101610565665
9,308,CAFNet,0.16761089255292774,0.1585070397409811,,0.004545454545454545,0.18280908640887403
9,308,CAFNet-D,0.28828370298279266,0.3882251478215036,,0.016666666666666666,0.3091830775724785
9,308,CAFNet-DG,0.2672464240127547,0.36837563413888724,,0.012987012987012988,0.2868228598300148
9,308,Group-only,0.3017735566861962,0.3971921948634017,,0.125,0.3209945359354205
9,308,Global gate,0.43283682001170914,0.5637884576902256,,0.017543859649122806,0.4638231350553457
9,308,Drug gate,0.36025829876825516,0.5695785062497354,,0.14285714285714285,0.3807227125175995
9,308,Drug-stratum gate,0.29253776325132175,0.40002324830925196,,0.004524886877828055,0.3149548254786789
9,319,CAFNet,0.3463244941614014,0.3836331529183766,,0.3333333333333333,0.35875655817944035
9,319,CAFNet-D,0.3411407210630975,0.4419240888751213,,0.1,0.35622705267442106
9,319,CAFNet-DG,0.3766890292610777,0.5302631099446181,,0.3333333333333333,0.39142980837596764
9,319,Group-only,0.3524296142847823,0.5184650094568697,,0.09090909090909091,0.3693636008931416
9,319,Global gate,0.28720493590320284,0.3621108234757073,,0.3333333333333333,0.2978667165494663
9,319,Drug gate,0.310460182387026,0.4569970750177367,,0.07142857142857142,0.32911648553166584
9,319,Drug-stratum gate,0.3604673575263455,0.6032621820619527,,0.08333333333333333,0.38202361621547537
9,322,CAFNet,0.5890177896188422,0.7799082337019198,0.027054520558595287,0.21149816064689717,0.7546803750954652
9,322,CAFNet-D,0.6349046559019734,0.7799082337019198,0.03223390323528401,0.19508226577933596,0.7609788268398382
9,322,CAFNet-DG,0.6444935567960428,0.7799082337019198,0.032654728047950964,0.20992160557420275,0.7681813238136217
9,322,Group-only,0.6007127102867074,0.7799082337019198,0.05584476461192012,0.17819668767863528,0.7495128716416426
9,322,Global gate,0.6185488830349918,0.8899541168509599,0.05132093779263173,0.19553952274352623,0.7425266832766102
9,322,Drug gate,0.5558595472702239,0.9216017310213245,0.02439229449200092,0.15806837242584623,0.7400731334274345
9,322,Drug-stratum gate,0.6774239890626279,0.8611375561264455,0.07279766156471147,0.2051375158619832,0.7798101580991885
9,329,CAFNet,0.628518324757244,1.0,0.1584528358692615,0.17369195745365368,0.8191555386743954
9,329,CAFNet-D,0.6389433530177806,1.0,0.15448611096824638,0.19976246966637023,0.8046266035565615
9,329,CAFNet-DG,0.6523876292837488,1.0,0.16295982870767428,0.19536724086202717,0.81958837248014
9,329,Group-only,0.6274413301900508,1.0,0.17457467178971647,0.19816963280029462,0.8183713562469802
9,329,Global gate,0.6305042562390617,1.0,0.20714637924742374,0.18471716598025414,0.8160942048794952
9,329,Drug gate,0.6333291961903001,1.0,0.16647570528381656,0.18216855251206135,0.8047847396715333
9,329,Drug-stratum gate,0.648211083818945,1.0,0.20289358318768216,0.20309827503204528,0.8286202212713382
9,333,CAFNet,0.528226718039222,0.9216017310213245,0.041666666666666664,0.019027484143763214,0.5675677415054551
9,333,CAFNet-D,0.48760598687779827,0.8482378089219645,0.006756756756756757,0.030612244897959183,0.5347546450534434
9,333,CAFNet-DG,0.5122930627323211,0.7909506325094736,0.008333333333333333,0.02878787878787879,0.5527746315446845
9,333,Group-only,0.4937672973362719,0.8482378089219645,0.004608294930875576,0.03073432343234323,0.5318137485139547
9,333,Global gate,0.4834307122571357,0.8482378089219645,0.004098360655737705,0.014723330816524646,0.5242884743044537
9,333,Drug gate,0.4854648576693841,0.7819835854675755,0.00847457627118644,0.013678065054211843,0.524149148794302
9,333,Drug-stratum gate,0.5086671776453091,0.7819835854675755,0.006329113924050633,0.013981615868408322,0.5486753947456492
9,334,CAFNet,0.7265736515141967,1.0,0.16902561854862638,0.32925498996143937,0.8771450805493721
9,334,CAFNet-D,0.6354801964811206,1.0,0.06893683356592217,0.2418981123039075,0.8519132559710632
9,334,CAFNet-DG,0.6756247621194099,1.0,0.0732786727107486,0.2566796406293327,0.8668274388365298
9,334,Group-only,0.6925740384852482,1.0,0.1407334755078628,0.2605108101279532,0.8548528934100299
9,334,Global gate,0.5936698386061807,1.0,0.06729941003253953,0.26415439059227075,0.8383544139343853
9,334,Drug gate,0.7163559606803716,1.0,0.1027830111895193,0.2868980321989715,0.8602844788806988
9,334,Drug-stratum gate,0.6489568814160948,1.0,0.10952252206998223,0.253980746581115,0.8406693619795802
9,335,CAFNet,0.5070150747884666,1.0,0.028671185222264577,0.08109185553330789,0.5994105809593208
9,335,CAFNet-D,0.6211146603318286,1.0,0.02894953090091741,0.17376632681519225,0.7068347018907826
9,335,CAFNet-DG,0.6219707186115165,1.0,0.026618932499911062,0.2512014268544962,0.7011554837184808
9,335,Group-only,0.6574137374832303,1.0,0.044385173858129595,0.12051408469926508,0.7374078406740082
9,335,Global gate,0.6348496055901373,0.9363792118010483,0.03327923616319631,0.19731669893907816,0.7168336175303949
9,335,Drug gate,0.669413199771845,1.0,0.033278131444620794,0.19936125564708376,0.7478315307409796
9,335,Drug-stratum gate,0.6805077391772253,1.0,0.060765906170887285,0.34775350768105645,0.746842124442105
9,346,CAFNet,0.7523547303773755,1.0,0.06982361992359716,0.34265985178751357,0.8706566982102516
9,346,CAFNet-D,0.7333819045713951,1.0,0.17993111545044116,0.30151873029966814,0.8610556125404887
9,346,CAFNet-DG,0.773509389546066,1.0,0.10188312728766266,0.3431006332518489,0.8897690967344414
9,346,Group-only,0.7051922195606417,1.0,0.13604767326539743,0.3034969938076636,0.8503861499254597
9,346,Global gate,0.5823391493513581,1.0,0.04515005608075983,0.18169349373334664,0.7504959740150033
9,346,Drug gate,0.7022596589866235,1.0,0.042190338823208696,0.2505316632295134,0.8284048655580041
9,346,Drug-stratum gate,0.7306636022078105,1.0,0.06269918356075461,0.29232055590401496,0.859615680259034
9,358,CAFNet,0.30919708593278084,0.33788625765431984,0.02631578947368421,0.02113655457852006,0.35558462245545214
9,358,CAFNet-D,0.5064425953014171,1.0,0.013157894736842105,0.027019610277730158,0.5723861702061671
9,358,CAFNet-DG,0.4838533135088697,0.9363792118010483,0.01694915254237288,0.027425814425810355,0.5446293493313725
9,358,Group-only,0.5406711400914943,0.9363792118010483,0.014705882352941176,0.02116556656367248,0.6089405433424292
9,358,Global gate,0.4198701065427454,0.8579809428223729,0.006711409395973154,0.020447771293250372,0.4841141797131538
9,358,Drug gate,0.4108072272520049,0.9363792118010483,0.014492753623188406,0.021482820044591608,0.46807939884797883
9,358,Drug-stratum gate,0.46322263680015435,0.9266360779006398,0.011111111111111112,0.018742608108635518,0.5264569239993953
9,368,CAFNet,0.47545036722918654,0.5754994188159135,,,0.4781619945652106
9,368,CAFNet-D,0.4536828181565023,0.5008655546918772,,,0.45397521581732103
9,368,CAFNet-DG,0.4629732602534626,0.5008655546918772,,,0.4630388254252434
9,368,Group-only,0.44036189784555796,0.5008655546918772,,,0.44057557305923317
9,368,Global gate,0.43178833992568294,0.5008655546918772,,,0.43232309928397167
9,368,Drug gate,0.39886520780519097,0.4742708106036133,,,0.39986594228921596
9,368,Drug-stratum gate,0.4293832067361479,0.5008655546918772,,,0.4305306906053174
9,369,CAFNet,0.4061118632334102,0.8415908474314976,0.017323268483015148,0.0681295741656939,0.5603557439843175
9,369,CAFNet-D,0.46429576021628627,0.6410457898283652,0.017479467510030273,0.11265720229293812,0.5485916513741639
9,369,CAFNet-DG,0.4715089592107683,0.6410457898283652,0.01701228498664345,0.10067553985594478,0.5605139078820247
9,369,Group-only,0.4541486405187722,0.6698623505528797,0.016132909686940693,0.1249738540459894,0.5607645946130233
9,369,Global gate,0.3575576307221906,0.45166722277552973,0.017973624275572395,0.08325375739580022,0.5301459686552197
9,369,Drug gate,0.4954825820439004,0.6410457898283652,0.015405118642753379,0.14592515585583504,0.5808201914513633
9,369,Drug-stratum gate,0.4228669657886564,0.6698623505528797,0.014501739359187178,0.07111268305412413,0.5472122999955833
9,373,CAFNet,0.5485432215488727,0.8643145546088338,0.004608294930875576,0.017833086613517866,0.5974802851619126
9,373,CAFNet-D,0.709622517679697,1.0,0.16666666666666666,0.017967253916447826,0.7531756828037545
9,373,CAFNet-DG,0.6635298069762601,1.0,0.1,0.016500694067233992,0.7048797127372459
9,373,Group-only,0.6776363040153703,1.0,0.016129032258064516,0.009519359418247185,0.7252930048385895
9,373,Global gate,0.7208403395433903,1.0,0.019230769230769232,0.03729977116704805,0.7629893273208076
9,373,Drug gate,0.6010411416859911,1.0,0.0035460992907801418,0.015409449307754392,0.6420356351859949
9,373,Drug-stratum gate,0.49227702137672996,1.0,0.005208333333333333,0.015832315832315834,0.5274872955566823
9,396,CAFNet,0.6308329740462275,0.7909506325094736,,,0.6364035744260202
9,396,CAFNet-D,0.7132849432362074,0.8364586133797036,,,0.7151525506236321
9,396,CAFNet-DG,0.6850351366617465,0.7778721720600672,,,0.6871262511575661
9,396,Group-only,0.6525796487851191,0.7702043899253147,,,0.6586567285016774
9,396,Global gate,0.5668370972803848,0.6594803070902429,,,0.5681764699669228
9,396,Drug gate,0.6806029088383903,0.7670273914429263,,,0.6806029088383903
9,396,Drug-stratum gate,0.7073558590102708,0.7846170207230129,,,0.7082130018674138
9,424,CAFNet,0.24549176886033608,0.3525683241217281,,,0.25825658047569416
9,424,CAFNet-D,0.19644792242900194,0.24952583878244924,,,0.19891011299084002
9,424,CAFNet-DG,0.25210563692684046,0.37374471105385665,,,0.2548753559086887
9,424,Group-only,0.1282337621292739,0.1849535222114937,,,0.13538712513804146
9,424,Global gate,0.23423707966586946,0.2350455494144854,,,0.2370191515083229
9,424,Drug gate,0.13613992727072893,0.18827853542832323,,,0.13804846740934312
9,424,Drug-stratum gate,0.2987379163794829,0.4267169394068027,,,0.30113930933788524
9,431,CAFNet,0.1209990390379759,0.07839826897867538,,,0.12250726546468149
9,431,CAFNet-D,0.22939501804138637,0.34996677795142084,,,0.2313384297694869
9,431,CAFNet-DG,0.2174739614693815,0.2200917662980802,,,0.21891453090793378
9,431,Group-only,0.13086016137982343,0.1388624438735545,,,0.13658807771334483
9,431,Global gate,0.23175971402753684,0.3628869103342176,,,0.23698461535726414
9,431,Drug gate,0.09482973331601266,0.09478836436955075,,,0.10311830985708964
9,431,Drug-stratum gate,0.1766250758346284,0.1388624438735545,,,0.17807290619727426
9,443,CAFNet,0.05532194722154828,0.10633668103022988,0.008141638666322046,,0.07728848502192279
9,443,CAFNet-D,0.07646809976178395,0.13743816645714546,0.007857733664185278,,0.10614573184666642
9,443,CAFNet-DG,0.06292886017690665,0.11838279295536289,0.007982606487653145,,0.08708238302577925
9,443,Group-only,0.06652062780487096,0.11838279295536289,0.013963210702341137,,0.09216061554724346
9,443,Global gate,0.11813107088219917,0.25617367829355936,0.040099557522123894,,0.16091269841269842
9,443,Drug gate,0.041420313571500944,0.08274602130531994,0.016385424309122036,,0.055242829185282505
9,443,Drug-stratum gate,0.08562076993097165,0.20424960638019773,0.03506148222000664,,0.11740160023831005
9,450,CAFNet,0.2406684097448133,0.4373524791503101,0.0037174721189591076,0.03282051282051282,0.2738186972510886
9,450,CAFNet-D,0.26332179931915795,0.5388856921828065,0.010416666666666666,0.02091706247716478,0.2984870156086633
9,450,CAFNet-DG,0.2686974653748687,0.5231737964779628,0.00847457627118644,0.05235109717868339,0.3016716538133723
9,450,Group-only,0.2736591547377959,0.5473983622993502,0.004016064257028112,0.018259935553168634,0.31558177126326614
9,450,Global gate,0.14070122126356432,0.24618570546556073,0.0058823529411764705,0.010897898064444567,0.1684208600950919
9,450,Drug gate,0.2671926723023193,0.5736899196572437,0.0053475935828877,0.013225806451612903,0.3073442375611558
9,450,Drug-stratum gate,0.3118276030939613,0.5637884576902256,0.0055248618784530384,0.042151575361907466,0.35368948361017644
9,459,CAFNet,0.17822438812900515,0.20124768870643622,,,0.182075660164905
9,459,CAFNet-D,0.37177462663651745,0.4845713881969346,,,0.3750722274401628
9,459,CAFNet-DG,0.36291903463197334,0.46706769398382797,,,0.3646054051793868
9,459,Group-only,0.48352437283596705,0.5792140711633723,,,0.4855165388528565
9,459,Global gate,0.3824369707187242,0.4845713881969346,,,0.3850811717147589
9,459,Drug gate,0.4669924982424982,0.5008655546918772,,,0.4679359991859992
9,459,Drug-stratum gate,0.4943070801172904,0.5008655546918772,,,0.49538292734698375
9,476,CAFNet,0.2979198443042835,0.6032621820619527,0.039378908487108594,0.06943083470798386,0.40011430984126906
9,476,CAFNet-D,0.34669513954280823,0.642186726668901,0.026145847407325014,0.15634996525598002,0.4406336529710296
9,476,CAFNet-DG,0.3530676248726025,0.6809047493604335,0.02749968737059664,0.16089982923966745,0.44832843569256564
9,476,Group-only,0.31441423768374616,0.7183627972686238,0.023710543327962606,0.06656394955053549,0.41427108857884015
9,476,Global gate,0.3063382802269107,0.7510916729774054,0.026522326974623617,0.06389295566186351,0.4206760318069945
9,476,Drug gate,0.3427512100617718,0.7058075148678526,0.031232693119230062,0.06784917711829809,0.45164393505826766
9,476,Drug-stratum gate,0.3228497470104688,0.7411902110103872,0.048325605970480134,0.14450647089056098,0.4088685930498363
9,491,CAFNet,0.7078547851275124,0.6325414799409712,,,0.7111307884035156
9,491,CAFNet-D,0.8603629163882864,0.866947989864271,,,0.8612262838889294
9,491,CAFNet-DG,0.828886407838977,0.8553475075669357,,,0.8295499954590864
9,491,Group-only,0.8579673543558974,0.8643145546088338,,,0.8588359269189308
9,491,Global gate,0.8997355371900827,0.933745776545611,,,0.9004311893639956
9,491,Drug gate,0.9076085530630986,0.933745776545611,,,0.9078645694481471
9,491,Drug-stratum gate,0.8694969496949696,0.9305687780632227,,,0.8696969696969697
9,493,CAFNet,0.49286674232480576,0.7877736340270853,0.006993006993006993,,0.5198534952461068
9,493,CAFNet-D,0.6125215544351904,0.8572048559638626,1.0,,0.6241899446637746
9,493,CAFNet-DG,0.638455557490191,1.0,0.3333333333333333,,0.658164059467857
9,493,Group-only,0.6470690450944825,0.8572048559638626,0.006097560975609756,,0.6713570540717434
9,493,Global gate,0.4382902637268547,0.6332196796270029,0.01639344262295082,,0.4790288424496144
9,493,Drug gate,0.5094311154977236,0.7670273914429263,0.010309278350515464,,0.5336623692495625
9,493,Drug-stratum gate,0.6086463452533711,0.866947989864271,0.022222222222222223,,0.6452122384120935
9,499,CAFNet,0.4771841664086745,0.7877736340270853,0.062255176647360626,0.1301165195155285,0.5578942780878432
9,499,CAFNet-D,0.5888206171485733,1.0,0.04048901714701583,0.1257700255231841,0.6761780848479161
9,499,CAFNet-DG,0.5854375644626215,1.0,0.03970710118966159,0.16137793969789072,0.6642565745031197
9,499,Group-only,0.6241340928396248,1.0,0.029715457327649155,0.08412840410762241,0.721124487698922
9,499,Global gate,0.5177594165586072,0.8701249883466594,0.03830164269257755,0.12113945791693935,0.598302911888787
9,499,Drug gate,0.539646026556721,1.0,0.15615984182868026,0.09722610731638964,0.6289817383116021
9,499,Drug-stratum gate,0.5570025054050569,1.0,0.04586403229195017,0.11852619136766147,0.6395864288708077
9,507,CAFNet,0.31643385436690463,0.5309999066793252,0.06102719283651449,0.1292471549775139,0.42185784169928836
9,507,CAFNet-D,0.4183984846643394,1.0,0.09818368439288447,0.11955921315975548,0.5385407805440914
9,507,CAFNet-DG,0.4052066752901603,0.9305687780632227,0.07958724962885112,0.12587306759323255,0.5142949424463076
9,507,Group-only,0.4416376273502366,0.933745776545611,0.05409738955558861,0.10124857059636333,0.5729235918865843
9,507,Global gate,0.37512087732699684,1.0,0.09176706819401723,0.08919505936447224,0.48479195981264966
9,507,Drug gate,0.3683347527740123,0.9266360779006398,0.05474817465871384,0.09392723745155757,0.48214068218980866
9,507,Drug-stratum gate,0.40300976664818317,0.9266360779006398,0.050550742168192345,0.11349467683032213,0.529055165713202
9,529,CAFNet,0.31827485515556575,0.5708588662113935,0.06666666666666667,0.010101010101010102,0.3515315239744813
9,529,CAFNet-D,0.39325284418468753,0.7917063341896682,0.007407407407407408,0.012987012987012988,0.4195178371257835
9,529,CAFNet-DG,0.370615238841453,0.7015099647232445,0.009174311926605505,0.0136986301369863,0.3958116806512772
9,529,Group-only,0.35128791616720645,0.8205228949141826,0.0064516129032258064,0.009009009009009009,0.3961437697748316
9,529,Global gate,0.3874591997080271,0.7600791051976192,0.010869565217391304,0.013333333333333334,0.4104173784745058
9,529,Drug gate,0.39762344774654096,0.7799082337019198,0.05555555555555555,0.008620689655172414,0.4246268584095992
9,529,Drug-stratum gate,0.4172803561083576,0.9216017310213245,0.00847457627118644,0.027777777777777776,0.4454703436957287
9,532,CAFNet,0.5613121826924897,1.0,0.12827868852459015,0.02510831963909707,0.640556680418148
9,532,CAFNet-D,0.5776899579537429,1.0,0.02222659323367427,0.08130399710660846,0.6568364672998
9,532,CAFNet-DG,0.5903312865221256,1.0,0.02671425481289206,0.09964304257528557,0.6697666712311523
9,532,Group-only,0.49413108937661926,1.0,0.08512720156555773,0.0255697150405036,0.566775497621377
9,532,Global gate,0.4798510207306277,0.933745776545611,0.006706773618538324,0.02159613367579163,0.5506483246203356
9,532,Drug gate,0.5185514796093161,1.0,0.008503401360544217,0.031092805140169162,0.5919475541171806
9,532,Drug-stratum gate,0.6237337371753825,1.0,0.0156089017102823,0.04502460382362809,0.7148722375942622
9,543,CAFNet,0.14147229259412472,0.12987501165334064,,,0.15207032624004196
9,543,CAFNet-D,0.2508345361885774,0.20248323207250618,,,0.2525190108977745
9,543,CAFNet-DG,0.2818820581062039,0.2200917662980802,,,0.2818820581062039
9,543,Group-only,0.21011023775000676,0.1100458831490401,,,0.21170739593782192
9,543,Global gate,0.20414267105443576,0.22466337602289138,,,0.2059518746223131
9,543,Drug gate,0.20398299223909316,0.1100458831490401,,,0.2054715315420737
9,543,Drug-stratum gate,0.3563902435769009,0.34996677795142084,,,0.35655674374340107
9,545,CAFNet,0.5123818678561294,0.7162874455029681,0.005780346820809248,0.04061225163221533,0.5528402358338645
9,545,CAFNet-D,0.6208332554108674,0.9363792118010483,0.043478260869565216,0.04199352503399551,0.6568299686990753
9,545,CAFNet-DG,0.6242221026594729,1.0,0.019230769230769232,0.0376946528368805,0.6619088687766514
9,545,Group-only,0.6442721280411162,0.9305687780632227,0.02631578947368421,0.12508372040654617,0.6789797820291736
9,545,Global gate,0.6247920359237463,1.0,0.034482758620689655,0.036825057122849586,0.6619570889386621
9,545,Drug gate,0.608773542507203,0.933745776545611,0.008403361344537815,0.057809152872444015,0.647512908933126
9,545,Drug-stratum gate,0.6430145264137076,0.8643145546088338,0.041666666666666664,0.0698536160578221,0.6753198433323603
9,551,CAFNet,0.46888207239650004,0.914856882358379,0.23492063492063492,0.1416300153605266,0.585506940946922
9,551,CAFNet-D,0.36742332927652965,0.6371130896657824,0.018993352326685663,0.05959668039937046,0.4692708981038636
9,551,CAFNet-DG,0.42429300030198114,0.7799082337019198,0.0529497634148797,0.14397367535704236,0.5407813136039843
9,551,Group-only,0.4211878809709467,0.7799082337019198,0.012432315356291964,0.11798261026202203,0.5380240806720581
9,551,Global gate,0.4532840616127822,0.8611375561264455,0.02418222774740362,0.08987432870345152,0.5839132395343213
9,551,Drug gate,0.4688914159460551,0.914856882358379,0.011843671098398574,0.08536453927528641,0.6017833077115857
9,551,Drug-stratum gate,0.44026491359895453,0.8611375561264455,0.006771549038688769,0.027360696942232525,0.5796260820340936
9,567,CAFNet,0.43729852540159325,0.5743371894486219,,,0.4472122055264948
9,567,CAFNet-D,0.4748644337857745,0.6235540477207573,,,0.47563883203063895
9,567,CAFNet-DG,0.4739748254144428,0.6929852696575346,,,0.47517200372216595
9,567,Group-only,0.44742195379949695,0.5522654773870531,,,0.44876509904826334
9,567,Global gate,0.4209264669971511,0.5116508161747902,,,0.4226576067407393
9,567,Drug gate,0.49597331833628766,0.6594803070902429,,,0.500756383202917
9,567,Drug-stratum gate,0.506139281642706,0.6816808362189439,,,0.5109091394719141
9,572,CAFNet,0.7531948881789138,0.8318724637288825,,,0.7551282051282051
9,572,CAFNet-D,0.6909602076124568,0.804809975003949,,,0.6922619047619047
9,572,CAFNet-DG,0.7535211267605634,0.8318724637288825,,,0.7546511627906977
9,572,Group-only,0.6534129692832765,0.7877020569606368,,,0.6539840637450199
9,572,Global gate,0.7536363636363637,0.8318724637288825,,,0.7545871559633027
9,572,Drug gate,0.7552356020942408,0.8318724637288825,,,0.7555555555555555
9,572,Drug-stratum gate,0.6927631578947369,0.804809975003949,,,0.6931497175141242
9,593,CAFNet,0.45814739662259085,0.6698623505528797,0.007936507936507936,0.330284299034299,0.49206231006065926
9,593,CAFNet-D,0.4740854930672976,1.0,0.006134969325153374,0.18370863737711565,0.531043922495052
9,593,CAFNet-DG,0.5272706409562308,1.0,0.00641025641025641,0.3746273293244322,0.5713143282981324
9,593,Group-only,0.47218403086679067,1.0,0.006622516556291391,0.2260327016722594,0.5283764063577954
9,593,Global gate,0.3877918871193392,0.7948833326720566,0.004784688995215311,0.10601646837429621,0.44266091370762095
9,593,Drug gate,0.5318323009120085,1.0,0.005319148936170213,0.5827089577089577,0.5796433817898506
9,593,Drug-stratum gate,0.4457820768664954,1.0,0.00909090909090909,0.2274546922004549,0.5031425043474541
9,594,CAFNet,0.40401734090606106,0.7421246259355072,0.25,0.04666166198741984,0.46222567410070237
9,594,CAFNet-D,0.45412431916169066,0.7162874455029681,0.25,0.04009567189714551,0.5049351016024415
9,594,CAFNet-DG,0.44733114515070693,0.7162874455029681,0.25,0.04705799938611292,0.49863393053896443
9,594,Group-only,0.44509934236558507,0.7065443116025597,0.3333333333333333,0.05701044764702165,0.4936160440350016
9,594,Global gate,0.46960904640850976,0.8236998933965709,0.3333333333333333,0.06450941009168375,0.5213775412012236
9,594,Drug gate,0.4829199475087285,0.914856882358379,0.0625,0.0677519267490517,0.5346496792349167
9,594,Drug-stratum gate,0.46184861850468323,0.7162874455029681,0.25,0.1699010285932555,0.5051006718008367
9,601,CAFNet,0.19552596448130177,0.2895229882348575,0.02702702702702703,0.00423728813559322,0.23149534332256166
9,601,CAFNet-D,0.14006191104289478,0.28351493630661884,0.010752688172043012,0.010869565217391304,0.16951005735683733
9,601,CAFNet-DG,0.19518948319720467,0.3621108234757073,0.012195121951219513,0.009174311926605505,0.23125128729604166
9,601,Group-only,0.24106258188128488,0.4152807670887413,0.013333333333333334,0.024390243902439025,0.2863847271156462
9,601,Global gate,0.09157650417170222,0.1100458831490401,0.014084507042253521,0.008,0.11330514548873247
9,601,Drug gate,0.23728287121115493,0.4152807670887413,0.024390243902439025,0.006493506493506494,0.28387580984239036
9,601,Drug-stratum gate,0.31596072228100175,0.4690000933206748,0.07692307692307693,0.014925373134328358,0.37386678099628473
9,614,CAFNet,0.5218633250668707,0.933745776545611,,,0.5299192081807258
9,614,CAFNet-D,0.47116198241096874,0.77523873680463,,,0.4790687193955389
9,614,CAFNet-DG,0.5060730878031142,0.793584067764911,,,0.5111518025548114
9,614,Group-only,0.4468040261602094,0.7819835854675755,,,0.4492927115492769
9,614,Global gate,0.5122372874264065,0.727329844310522,,,0.5150385836179002
9,614,Drug gate,0.3279225393723508,0.5009732673492617,,,0.3401377452492571
9,614,Drug-stratum gate,0.43447926761506367,0.8482378089219645,,,0.44784346142925646
9,620,CAFNet,0.4091762198868874,0.9305687780632227,0.1658759186809723,0.07197416203787022,0.5410972079705033
9,620,CAFNet-D,0.41278284500696893,1.0,0.09373680303209275,0.07598890634606084,0.5528252231139239
9,620,CAFNet-DG,0.4167105012518021,1.0,0.10247858431292448,0.07873388498490523,0.5521147943554199
9,620,Group-only,0.42335463472404566,0.9363792118010483,0.12164746620884336,0.07861158978909262,0.5589010283145207
9,620,Global gate,0.4544551862243453,1.0,0.18841799365398404,0.0828219127319256,0.5968732611212949
9,620,Drug gate,0.39830032445146424,1.0,0.10342105767228685,0.07385958839874512,0.5317772297585388
9,620,Drug-stratum gate,0.37809313410594847,0.9305687780632227,0.08711246597069816,0.06654500806015698,0.5022356270478854
9,640,CAFNet,0.3050741066528107,0.6652907408280685,0.0064516129032258064,0.04206745635317064,0.37799304515368887
9,640,CAFNet-D,0.4928289423257706,1.0,0.004830917874396135,0.08447670704259777,0.6037866596106898
9,640,CAFNet-DG,0.4795911217421974,0.9363792118010483,0.004975124378109453,0.09668483108433154,0.5872339888612884
9,640,Group-only,0.475292056389612,1.0,0.007633587786259542,0.0629351670228049,0.5856374048704215
9,640,Global gate,0.46286065910281404,0.9363792118010483,0.014084507042253521,0.03463241065657032,0.5828543277345805
9,640,Drug gate,0.42649662612268463,0.8521705090845473,0.003663003663003663,0.03921137341839313,0.5282869263988871
9,640,Drug-stratum gate,0.43915466837445594,0.9266360779006398,0.005319148936170213,0.038671228085911766,0.5461993138920421
9,671,CAFNet,0.20629281055484158,0.15176219107803549,,0.01111233967271119,0.2440638711599566
9,671,CAFNet-D,0.30128323596110945,0.579782773204422,,0.0198292220113852,0.32658889549160053
9,671,CAFNet-DG,0.3265016254024559,0.5983950669742498,,0.018477222045237336,0.3531191160642839
9,671,Group-only,0.2854631903098437,0.6523706084452717,,0.005773239528369487,0.3124467733413439
9,671,Global gate,0.32068890128693456,0.6274092458891772,,0.00929541595925297,0.3446400269182221
9,671,Drug gate,0.35105023215182196,0.7721596254947203,,0.007137526780770806,0.38173168080519354
9,671,Drug-stratum gate,0.3036310819839022,0.6434035614033736,,0.01241318161666913,0.3263150450459911
9,677,CAFNet,0.2615873015873016,0.4478509691918938,,,0.26418759470402664
9,677,CAFNet-D,0.4073423596387252,0.6108377030333357,,,0.4099358974358974
9,677,CAFNet-DG,0.4169662258645309,0.615733440277688,,,0.4193253309175097
9,677,Group-only,0.426569434056345,0.6217937096682963,,,0.4304176471713635
9,677,Global gate,0.41430577849117173,0.615733440277688,,,0.4162052788947314
9,677,Drug gate,0.5602043472601849,0.69921481985085,,,0.5606635407786303
9,677,Drug-stratum gate,0.6122995661196,0.7227265726449517,,,0.6125646711012565
9,683,CAFNet,0.692665381895371,0.6500332220485792,,,0.6935168080341535
9,683,CAFNet-D,0.7222902097902097,0.7819835854675755,,,0.7224484376383109
9,683,CAFNet-DG,0.76473024276668,0.7859162856301584,,,0.7650549180913553
9,683,Group-only,0.7167186022707178,0.7909506325094736,,,0.7168729232583722
9,683,Global gate,0.5179779526415692,0.558714820687107,,,0.5179779526415692
9,683,Drug gate,0.5440127287850248,0.6300426811446145,,,0.5451143301143302
9,683,Drug-stratum gate,0.7057388400457693,0.8364586133797036,,,0.7059599159484957
9,694,CAFNet,0.10031708675217803,0.1008674711662712,0.010869565217391304,,0.11799352684932624
9,694,CAFNet-D,0.16652562682523436,0.1909208661789346,0.0064516129032258064,,0.19873459873459876
9,694,CAFNet-DG,0.15422961507204874,0.1909208661789346,0.00684931506849315,,0.1837218045112782
9,694,Group-only,0.1428731183943632,0.1909208661789346,0.005988023952095809,,0.17055350815024806
9,694,Global gate,0.14164323068578386,0.1909208661789346,0.012345679012345678,,0.16896994258696388
9,694,Drug gate,0.1355179991069488,0.15130120674940675,0.004273504273504274,,0.16281468531468532
9,694,Drug-stratum gate,0.134485378886937,0.15130120674940675,0.007518796992481203,,0.16070663709912586
9,716,CAFNet,0.2413220217811106,0.28669193478900723,0.0625,0.015384615384615385,0.26769670756707065
9,716,CAFNet-D,0.23150744414107766,0.1585070397409811,0.043478260869565216,0.01639344262295082,0.2573003341666157
9,716,CAFNet-DG,0.251031167623362,0.23758350840568815,0.058823529411764705,0.017241379310344827,0.27806970722620566
9,716,Group-only,0.2374095748025927,0.2279382616777584,0.045454545454545456,0.14285714285714285,0.25957726445934276
9,716,Global gate,0.1651977128607321,0.1100458831490401,0.08333333333333333,0.1,0.1768484408190615
9,716,Drug gate,0.22698863323812452,0.1585070397409811,0.1,0.02631578947368421,0.24901780582304883
9,716,Drug-stratum gate,0.25122897503918745,0.25206494032666715,0.05,0.022727272727272728,0.27905979865548397
9,732,CAFNet,0.3811870871986033,0.6086182388744239,0.3333333333333333,0.285836961780358,0.5087999633665268
9,732,CAFNet-D,0.1831370918609161,0.2934556883974403,0.14285714285714285,0.13145019698526894,0.2421402109305767
9,732,CAFNet-DG,0.27617505970461625,0.42492601381667106,0.3333333333333333,0.22011271249076125,0.36371522040294313
9,732,Group-only,0.167118917209562,0.2895229882348575,0.07692307692307693,0.17642741281427413,0.21930670416327783
9,732,Global gate,0.16146034771515244,0.2489083270225946,0.25,0.10577738585922639,0.2114997088681299
9,732,Drug gate,0.1793589886795661,0.28634598975246917,0.5,0.13539204545454547,0.23809623259467128
9,732,Drug-stratum gate,0.23698935444753277,0.2200917662980802,0.07692307692307693,0.4065860215053763,0.297448015091204
9,734,CAFNet,0.5867768256126402,1.0,0.01721132897603486,0.021330760040437463,0.6565248956419009
9,734,CAFNet-D,0.5553179152663972,1.0,0.019237849779086894,0.019205563530335694,0.6243718004566017
9,734,CAFNet-DG,0.623295554728414,1.0,0.021164021164021163,0.019979171355318143,0.6956947574156014
9,734,Group-only,0.6076836087555064,1.0,0.014916269269158258,0.012926139501999511,0.6777760101536513
9,734,Global gate,0.5192523585447837,0.8630152897016883,0.04483096521313082,0.06041846507995231,0.5811006805753453
9,734,Drug gate,0.5977789116720984,1.0,0.025978407557354925,0.029250930171663105,0.6604887723260621
9,734,Drug-stratum gate,0.5709429676708409,0.9363792118010483,0.0565359477124183,0.09180962921970116,0.6297921364873394
