pearson,rMSE,spearman,MAE,auc_all,aupr_all,drugAUC,drugAUPR,MAP,auc_rank,nDCG,P1,P5,P10,P15,R1,R5,R10,R15,model,fold,seconds
0.3585854607854409,2.220541711280575,0.3915834758651789,1.8217903761249672,0.7643304409968895,0.17163664053051494,0.8449236493085966,0.2769172922764467,0.2769172922764467,0.8449236493085966,0.6807904901486528,0.4266666666666667,0.39199999999999996,0.3866666666666668,0.3760000000000001,0.021858542553337107,0.0871072534798906,0.1614472716190139,0.22566390214218232,HSTrans,3,6617.72
