pearson,rMSE,spearman,MAE,auc_all,aupr_all,drugAUC,drugAUPR,MAP,auc_rank,nDCG,P1,P5,P10,P15,R1,R5,R10,R15,model,fold,seconds
0.3363408993628654,2.132125150944391,0.37012482590979656,1.7058470273353183,0.744352294522318,0.19227024143074364,0.8209959337921923,0.3065667793972922,0.3065667793972922,0.8209959337921923,0.6916203139023211,0.44,0.4853333333333335,0.4493333333333336,0.4204444444444444,0.01530505573828909,0.07744322081623088,0.13264163368927331,0.17917677182752073,HSTrans,5,5756.78
