pearson,rMSE,spearman,MAE,auc_all,aupr_all,drugAUC,drugAUPR,MAP,auc_rank,nDCG,P1,P5,P10,P15,R1,R5,R10,R15,model,fold,seconds
0.41783972557361443,2.060518014694846,0.43201005069059933,1.6982339875274886,0.760997486691434,0.20616753814863806,0.8473633598591311,0.31638143776848193,0.316381437768482,0.8473629470267775,0.7324418551124188,0.5466666666666666,0.5093333333333334,0.4520000000000002,0.4213333333333331,0.018844028650598203,0.08656769064691805,0.14963647321949006,0.1996914908204179,HSTrans,6,5820.59
