pearson,rMSE,spearman,MAE,auc_all,aupr_all,drugAUC,drugAUPR,MAP,auc_rank,nDCG,P1,P5,P10,P15,R1,R5,R10,R15,model,fold,seconds
0.3538026249053811,2.0441522114510695,0.3699330459384225,1.643303796851017,0.7811657039746153,0.22615797468797988,0.8534556301370602,0.3045047324475775,0.3045047324475775,0.8534556301370602,0.6940563680339659,0.41333333333333333,0.4239999999999998,0.41733333333333333,0.3955555555555554,0.018305830780613284,0.0884922348527876,0.16039538685877208,0.21457164378115218,HSTrans,9,5848.22
