pearson,rMSE,spearman,MAE,auc_all,aupr_all,drugAUC,drugAUPR,MAP,auc_rank,nDCG,P1,P5,P10,P15,R1,R5,R10,R15,model,fold,seconds
0.31036642652144514,1.9176409550399545,0.331790192990727,1.4927274094197243,0.7812894472122799,0.18993699243431544,0.8431603313879082,0.2814311986110974,0.2814311986110973,0.8431603313879082,0.6910542394261083,0.38666666666666666,0.4346666666666665,0.42533333333333334,0.38488888888888884,0.014802219457134967,0.08808779580388365,0.16259335503130398,0.21144730556335298,HSTrans,8,5995.61
