pearson,rMSE,spearman,MAE,auc_all,aupr_all,drugAUC,drugAUPR,MAP,auc_rank,nDCG,P1,P5,P10,P15,R1,R5,R10,R15,model,fold,seconds
0.23843553045346924,2.009249394731991,0.23562023014299488,1.5444347424613316,0.8169008989999486,0.2207124907605742,0.8560273834768611,0.30010839684519863,0.30010839684519863,0.8560273834768611,0.7075576255516206,0.4666666666666667,0.4720000000000002,0.4253333333333333,0.39555555555555527,0.0208173018528593,0.09490370995669878,0.16356617673500143,0.2172978721618926,HSTrans,4,6607.6
