pearson,rMSE,spearman,MAE,auc_all,aupr_all,drugAUC,drugAUPR,MAP,auc_rank,nDCG,P1,P5,P10,P15,R1,R5,R10,R15,model,fold,seconds
0.36675792023769416,2.005863661840237,0.3837838927885022,1.5898467270162906,0.7951407894412515,0.18135496418088617,0.8520343307423375,0.30525560187421397,0.30525560187421397,0.8520343307423376,0.7162266436739054,0.5066666666666667,0.4506666666666667,0.42399999999999993,0.39555555555555527,0.026589690557223235,0.09443166250792759,0.17335011145473486,0.23772082081612037,HSTrans,0,6210.63
