pearson,rMSE,spearman,MAE,auc_all,aupr_all,drugAUC,drugAUPR,MAP,auc_rank,nDCG,P1,P5,P10,P15,R1,R5,R10,R15,model,fold,seconds
0.3055653595713158,2.1793835545334845,0.30778097272827676,1.7829180138464207,0.768536154687779,0.234626887133975,0.8412397116382241,0.32728641736472064,0.3272864173647206,0.8412397116382241,0.6659136161149838,0.36,0.44266666666666654,0.4799999999999999,0.45955555555555566,0.007706556499214525,0.05431759311549393,0.12050157657207862,0.16739425704296748,HSTrans,2,5894.61
