pearson,rMSE,spearman,MAE,auc_all,aupr_all,drugAUC,drugAUPR,MAP,auc_rank,nDCG,P1,P5,P10,P15,R1,R5,R10,R15,model,fold,seconds
0.32605036855804326,1.9444262336026,0.358681876132595,1.5297670515869992,0.7981807155995145,0.21623943721179587,0.858901835077282,0.3053780124151736,0.30537801241517354,0.8589005517462925,0.6898809954605882,0.4,0.46933333333333366,0.4453333333333334,0.41688888888888886,0.012653460002976243,0.07743431577084316,0.1403844963334277,0.19262966587070895,HSTrans,1,6135.4
