pearson,rMSE,spearman,MAE,auc_all,aupr_all,drugAUC,drugAUPR,MAP,auc_rank,nDCG,P1,P5,P10,P15,R1,R5,R10,R15,model,fold,seconds
0.4603115064535306,1.9306698041200356,0.45768539358621135,1.5774265496407964,0.7865966105868611,0.21525125553402807,0.8498524611701628,0.315476498235469,0.315476498235469,0.8498524611701628,0.7118676241942128,0.48,0.509333333333333,0.46399999999999997,0.44,0.01972850724523211,0.10166637497663038,0.163450719551211,0.22059389011054956,HSTrans,7,5829.64
